--------------------------------------------------------
--  File created - Thursday-November-20-2025   
--------------------------------------------------------
DROP TYPE "APP"."ODCIVARCHAR2LIST_ARRAY";
DROP SEQUENCE "APP"."APPOINTMENT_SEQ";
DROP SEQUENCE "APP"."INVOICE_SEQ";
DROP SEQUENCE "APP"."ORDERS_SEQ";
DROP SEQUENCE "APP"."PART_REQUEST_ITEM_SEQ";
DROP SEQUENCE "APP"."PART_REQUEST_SEQ";
DROP SEQUENCE "APP"."PART_SEQ";
DROP SEQUENCE "APP"."STOCKIN_ITEM_SEQ";
DROP SEQUENCE "APP"."STOCKIN_SEQ";
DROP SEQUENCE "APP"."STOCKOUT_SEQ";
DROP TABLE "APP"."A" cascade constraints;
DROP TABLE "APP"."AUDIT_ALERT_LOG" cascade constraints;
DROP TABLE "APP"."CREATE$JAVA$LOB$TABLE" cascade constraints;
DROP TABLE "APP"."CUSTOMER" cascade constraints;
DROP TABLE "APP"."CUSTOMER_APPOINTMENT" cascade constraints;
DROP TABLE "APP"."EMPLOYEE" cascade constraints;
DROP TABLE "APP"."EMPLOYEE_SHIFT" cascade constraints;
DROP TABLE "APP"."INVOICE" cascade constraints;
DROP TABLE "APP"."INVOICE_ITEM" cascade constraints;
DROP TABLE "APP"."INVOICE_SERVICE" cascade constraints;
DROP TABLE "APP"."ORDERS" cascade constraints;
DROP TABLE "APP"."ORDER_SERVICE" cascade constraints;
DROP TABLE "APP"."PART" cascade constraints;
DROP TABLE "APP"."PART_REQUEST" cascade constraints;
DROP TABLE "APP"."PART_REQUEST_ITEM" cascade constraints;
DROP TABLE "APP"."SERVICE" cascade constraints;
DROP TABLE "APP"."STOCK_IN" cascade constraints;
DROP TABLE "APP"."STOCK_IN_ITEM" cascade constraints;
DROP TABLE "APP"."STOCK_OUT" cascade constraints;
DROP TABLE "APP"."STOCK_OUT_ITEM" cascade constraints;
DROP TABLE "APP"."USER_OTP_LOG" cascade constraints;
DROP PROCEDURE "APP"."ACCEPT_PART_REQUEST";
DROP PROCEDURE "APP"."ASSIGN_PROFILE_TO_USER";
DROP PROCEDURE "APP"."ASSIGN_ROLE_PROC";
DROP PROCEDURE "APP"."AUDIT_STD_DISABLE_ALL";
DROP PROCEDURE "APP"."AUDIT_STD_ENABLE_ALL";
DROP PROCEDURE "APP"."CHANGE_CUSTOMER_PASSWORD";
DROP PROCEDURE "APP"."CHANGE_EPLOYEE_PASSWORD";
DROP PROCEDURE "APP"."COMPLETE_PART_REQUEST";
DROP PROCEDURE "APP"."CREATE_APPOINTMENT";
DROP PROCEDURE "APP"."CREATE_INVOICE";
DROP PROCEDURE "APP"."CREATE_ORDER";
DROP PROCEDURE "APP"."CREATE_ORDER_SERVICE";
DROP PROCEDURE "APP"."CREATE_PART";
DROP PROCEDURE "APP"."CREATE_PART_REQUEST";
DROP PROCEDURE "APP"."CREATE_PART_REQUEST_ITEM";
DROP PROCEDURE "APP"."CREATE_PROFILE";
DROP PROCEDURE "APP"."CREATE_ROLE_PROC";
DROP PROCEDURE "APP"."CREATE_STOCKIN";
DROP PROCEDURE "APP"."CREATE_STOCKIN_ITEM";
DROP PROCEDURE "APP"."CREATE_STOCKOUT_TRANSACTION";
DROP PROCEDURE "APP"."DELETE_PROFILE";
DROP PROCEDURE "APP"."DELETE_ROLE_PROC";
DROP PROCEDURE "APP"."DENY_PART_REQUEST";
DROP PROCEDURE "APP"."DISABLE_ALL_FGA";
DROP PROCEDURE "APP"."ENABLE_ALL_FGA";
DROP PROCEDURE "APP"."GET_ALL_APPOINTMENTS";
DROP PROCEDURE "APP"."GET_ALL_AUDIT_LOG";
DROP PROCEDURE "APP"."GET_ALL_AUDIT_PROJECT";
DROP PROCEDURE "APP"."GET_ALL_CUSTOMERS";
DROP PROCEDURE "APP"."GET_ALL_EMPLOYEES";
DROP PROCEDURE "APP"."GET_ALL_EXPORTS";
DROP PROCEDURE "APP"."GET_ALL_IMPORTS";
DROP PROCEDURE "APP"."GET_ALL_INVOICES";
DROP PROCEDURE "APP"."GET_ALL_ORDERS";
DROP PROCEDURE "APP"."GET_ALL_PART";
DROP PROCEDURE "APP"."GET_ALL_PART_IN_STOCK";
DROP PROCEDURE "APP"."GET_ALL_PART_REQUESTS";
DROP PROCEDURE "APP"."GET_ALL_PROFILES_WITH_LIMITS";
DROP PROCEDURE "APP"."GET_ALL_ROLES";
DROP PROCEDURE "APP"."GET_ALL_SERVICES";
DROP PROCEDURE "APP"."GET_ALL_USERS";
DROP PROCEDURE "APP"."GET_ALL_USERS_WITH_PROFILE";
DROP PROCEDURE "APP"."GET_AUDIT_STATUS";
DROP PROCEDURE "APP"."GET_BY_ORDER_TYPE";
DROP PROCEDURE "APP"."GET_EMPLOYEE_BY_ID";
DROP PROCEDURE "APP"."GET_EMPLOYEE_ID_BY_USERNAME";
DROP PROCEDURE "APP"."GET_EMPLOYEE_NAME_BY_ID";
DROP PROCEDURE "APP"."GET_EMPLOYEE_PUBLIC_KEY";
DROP PROCEDURE "APP"."GET_EMP_ID_FROM_INVOICE";
DROP PROCEDURE "APP"."GET_EMP_ID_FROM_STOCKIN";
DROP PROCEDURE "APP"."GET_EMP_ID_FROM_STOCKOUT";
DROP PROCEDURE "APP"."GET_EXPORT_BY_ID";
DROP PROCEDURE "APP"."GET_IMPORT_BY_ID";
DROP PROCEDURE "APP"."GET_INVOICE_BY_ID";
DROP PROCEDURE "APP"."GET_INVOICE_PDF";
DROP PROCEDURE "APP"."GET_INVOICE_SIGNATURE";
DROP PROCEDURE "APP"."GET_ORDER_BY_ID";
DROP PROCEDURE "APP"."GET_PART_BY_ORDERID";
DROP PROCEDURE "APP"."GET_PART_BY_PARTREQUEST";
DROP PROCEDURE "APP"."GET_PART_BY_REQUEST_ID";
DROP PROCEDURE "APP"."GET_PART_BY_SERIAL";
DROP PROCEDURE "APP"."GET_PART_BY_STATUS";
DROP PROCEDURE "APP"."GET_PART_BY_STOCK";
DROP PROCEDURE "APP"."GET_PART_BY_STOCKINID";
DROP PROCEDURE "APP"."GET_PROFILE_BY_NAME";
DROP PROCEDURE "APP"."GET_ROLES_OF_USER";
DROP PROCEDURE "APP"."GET_SERVICES_BY_ORDER_ID";
DROP PROCEDURE "APP"."GET_STOCKIN_PDF";
DROP PROCEDURE "APP"."GET_STOCKIN_SIGNATURE";
DROP PROCEDURE "APP"."GET_STOCKOUT_PDF";
DROP PROCEDURE "APP"."GET_STOCKOUT_SIGNATURE";
DROP PROCEDURE "APP"."GET_UNFINISHED_ORDERS";
DROP PROCEDURE "APP"."LOCK_DB_USER";
DROP PROCEDURE "APP"."LOGIN_CUSTOMER";
DROP PROCEDURE "APP"."LOGIN_EMPLOYEE";
DROP PROCEDURE "APP"."REGISTER_CUSTOMER";
DROP PROCEDURE "APP"."REGISTER_EMPLOYEE";
DROP PROCEDURE "APP"."REVOKE_ROLE_PROC";
DROP PROCEDURE "APP"."SIGN_INVOICE";
DROP PROCEDURE "APP"."SIGN_PDF";
DROP PROCEDURE "APP"."SIGN_STOCKIN";
DROP PROCEDURE "APP"."SIGN_STOCKOUT";
DROP PROCEDURE "APP"."TRIGGER_DISABLE_ALL";
DROP PROCEDURE "APP"."TRIGGER_ENABLE_ALL";
DROP PROCEDURE "APP"."UNLOCK_DB_USER";
DROP PROCEDURE "APP"."UPDATE_INVOICE_PDF";
DROP PROCEDURE "APP"."UPDATE_INVOICE_SIGNATURE";
DROP PROCEDURE "APP"."UPDATE_ORDER_STATUS_WAIT_PART";
DROP PROCEDURE "APP"."UPDATE_PROFILE";
DROP PROCEDURE "APP"."UPDATE_STOCKIN_PDF";
DROP PROCEDURE "APP"."UPDATE_STOCKIN_SIGNATURE";
DROP PROCEDURE "APP"."UPDATE_STOCKOUT_PDF";
DROP PROCEDURE "APP"."UPDATE_STOCKOUT_SIGNATURE";
DROP PROCEDURE "APP"."VERIFY_INVOICE_SIGNATURE";
DROP PROCEDURE "APP"."VERIFY_STOCKIN_SIGNATURE";
DROP PROCEDURE "APP"."VERIFY_STOCKOUT_SIGNATURE";
DROP PACKAGE "APP"."APP_CTX_PKG";
DROP PACKAGE "APP"."AUDIT_DML_PKG";
DROP PACKAGE "APP"."CRYPTO";
DROP PACKAGE BODY "APP"."APP_CTX_PKG";
DROP PACKAGE BODY "APP"."AUDIT_DML_PKG";
DROP FUNCTION "APP"."APPOINTMENT_VPD_PREDICATE";
DROP FUNCTION "APP"."APPOINTMENT_VPD_PREDICATE_DEL";
DROP FUNCTION "APP"."CUSTOMER_VPD_PREDICATE";
DROP FUNCTION "APP"."EMPLOYEE_VPD_PREDICATE";
DROP FUNCTION "APP"."GET_EMPLOYEE_ROLES_BY_USERNAME";
DROP FUNCTION "APP"."HASH_PASSWORD";
DROP FUNCTION "APP"."HASH_PASSWORD_20CHARS";
DROP FUNCTION "APP"."INVOICE_VPD_PREDICATE";
DROP FUNCTION "APP"."ORDERS_VPD_PREDICATE";
DROP FUNCTION "APP"."ORDERS_VPD_PREDICATE_DEL";
DROP FUNCTION "APP"."PARTREQUEST_VPD_PREDICATE";
DROP FUNCTION "APP"."PART_VPD_PREDICATE";
DROP FUNCTION "APP"."STOCK_VPD_PREDICATE";
--------------------------------------------------------
--  DDL for Type ODCIVARCHAR2LIST_ARRAY
--------------------------------------------------------

  CREATE OR REPLACE EDITIONABLE TYPE "APP"."ODCIVARCHAR2LIST_ARRAY" AS TABLE OF VARCHAR2(4000);

/
--------------------------------------------------------
--  DDL for Sequence APPOINTMENT_SEQ
--------------------------------------------------------

   CREATE SEQUENCE  "APP"."APPOINTMENT_SEQ"  MINVALUE 1 MAXVALUE 9999999999999999999999999999 INCREMENT BY 1 START WITH 14 NOCACHE  NOORDER  NOCYCLE  NOKEEP  NOSCALE  GLOBAL ;
--------------------------------------------------------
--  DDL for Sequence INVOICE_SEQ
--------------------------------------------------------

   CREATE SEQUENCE  "APP"."INVOICE_SEQ"  MINVALUE 1 MAXVALUE 9999999999999999999999999999 INCREMENT BY 1 START WITH 7 NOCACHE  NOORDER  NOCYCLE  NOKEEP  NOSCALE  GLOBAL ;
--------------------------------------------------------
--  DDL for Sequence ORDERS_SEQ
--------------------------------------------------------

   CREATE SEQUENCE  "APP"."ORDERS_SEQ"  MINVALUE 1 MAXVALUE 9999999999999999999999999999 INCREMENT BY 1 START WITH 202 CACHE 20 NOORDER  NOCYCLE  NOKEEP  NOSCALE  GLOBAL ;
--------------------------------------------------------
--  DDL for Sequence PART_REQUEST_ITEM_SEQ
--------------------------------------------------------

   CREATE SEQUENCE  "APP"."PART_REQUEST_ITEM_SEQ"  MINVALUE 1 MAXVALUE 9999999999999999999999999999 INCREMENT BY 1 START WITH 13 NOCACHE  NOORDER  NOCYCLE  NOKEEP  NOSCALE  GLOBAL ;
--------------------------------------------------------
--  DDL for Sequence PART_REQUEST_SEQ
--------------------------------------------------------

   CREATE SEQUENCE  "APP"."PART_REQUEST_SEQ"  MINVALUE 1 MAXVALUE 9999999999999999999999999999 INCREMENT BY 1 START WITH 42 NOCACHE  NOORDER  NOCYCLE  NOKEEP  NOSCALE  GLOBAL ;
--------------------------------------------------------
--  DDL for Sequence PART_SEQ
--------------------------------------------------------

   CREATE SEQUENCE  "APP"."PART_SEQ"  MINVALUE 1 MAXVALUE 9999999999999999999999999999 INCREMENT BY 1 START WITH 729 NOCACHE  NOORDER  NOCYCLE  NOKEEP  NOSCALE  GLOBAL ;
--------------------------------------------------------
--  DDL for Sequence STOCKIN_ITEM_SEQ
--------------------------------------------------------

   CREATE SEQUENCE  "APP"."STOCKIN_ITEM_SEQ"  MINVALUE 1 MAXVALUE 9999999999999999999999999999 INCREMENT BY 1 START WITH 734 NOCACHE  NOORDER  NOCYCLE  NOKEEP  NOSCALE  GLOBAL ;
--------------------------------------------------------
--  DDL for Sequence STOCKIN_SEQ
--------------------------------------------------------

   CREATE SEQUENCE  "APP"."STOCKIN_SEQ"  MINVALUE 1 MAXVALUE 9999999999999999999999999999 INCREMENT BY 1 START WITH 58 NOCACHE  NOORDER  NOCYCLE  NOKEEP  NOSCALE  GLOBAL ;
--------------------------------------------------------
--  DDL for Sequence STOCKOUT_SEQ
--------------------------------------------------------

   CREATE SEQUENCE  "APP"."STOCKOUT_SEQ"  MINVALUE 1 MAXVALUE 9999999999999999999999999999 INCREMENT BY 1 START WITH 29 NOCACHE  NOORDER  NOCYCLE  NOKEEP  NOSCALE  GLOBAL ;
--------------------------------------------------------
--  DDL for Table A
--------------------------------------------------------

  CREATE TABLE "APP"."A" 
   (	"ID" NUMBER, 
	"NAME" VARCHAR2(100 BYTE), 
	"CREATED_AT" DATE DEFAULT SYSDATE
   ) SEGMENT CREATION IMMEDIATE 
  PCTFREE 10 PCTUSED 40 INITRANS 1 MAXTRANS 255 
 NOCOMPRESS LOGGING
  STORAGE(INITIAL 65536 NEXT 1048576 MINEXTENTS 1 MAXEXTENTS 2147483645
  PCTINCREASE 0 FREELISTS 1 FREELIST GROUPS 1
  BUFFER_POOL DEFAULT FLASH_CACHE DEFAULT CELL_FLASH_CACHE DEFAULT)
  TABLESPACE "USERS" ;
--------------------------------------------------------
--  DDL for Table AUDIT_ALERT_LOG
--------------------------------------------------------

  CREATE TABLE "APP"."AUDIT_ALERT_LOG" 
   (	"LOG_ID" NUMBER GENERATED BY DEFAULT ON NULL AS IDENTITY MINVALUE 1 MAXVALUE 9999999999999999999999999999 INCREMENT BY 1 START WITH 1 CACHE 20 NOORDER  NOCYCLE  NOKEEP  NOSCALE , 
	"EVENT_TS" TIMESTAMP (6) DEFAULT SYSTIMESTAMP, 
	"DB_USER" VARCHAR2(128 BYTE), 
	"OS_USER" VARCHAR2(128 BYTE), 
	"MACHINE" VARCHAR2(128 BYTE), 
	"MODULE" VARCHAR2(64 BYTE), 
	"APP_ROLE" VARCHAR2(100 BYTE), 
	"EMP_ID" VARCHAR2(64 BYTE), 
	"CUSTOMER_PHONE" VARCHAR2(64 BYTE), 
	"OBJECT_SCHEMA" VARCHAR2(128 BYTE), 
	"OBJECT_NAME" VARCHAR2(128 BYTE), 
	"POLICY_NAME" VARCHAR2(128 BYTE), 
	"CLIENT_IDENTIFIER" VARCHAR2(64 BYTE), 
	"NOTE" VARCHAR2(4000 BYTE), 
	"DML_TYPE" VARCHAR2(10 BYTE), 
	"OLD_VALUES" CLOB, 
	"NEW_VALUES" CLOB, 
	"CHANGED_COLUMNS" VARCHAR2(4000 BYTE)
   ) SEGMENT CREATION IMMEDIATE 
  PCTFREE 10 PCTUSED 40 INITRANS 1 MAXTRANS 255 
 NOCOMPRESS LOGGING
  STORAGE(INITIAL 65536 NEXT 1048576 MINEXTENTS 1 MAXEXTENTS 2147483645
  PCTINCREASE 0 FREELISTS 1 FREELIST GROUPS 1
  BUFFER_POOL DEFAULT FLASH_CACHE DEFAULT CELL_FLASH_CACHE DEFAULT)
  TABLESPACE "USERS" 
 LOB ("OLD_VALUES") STORE AS SECUREFILE (
  TABLESPACE "USERS" ENABLE STORAGE IN ROW 4000 CHUNK 8192
  NOCACHE LOGGING  NOCOMPRESS  KEEP_DUPLICATES 
  STORAGE(INITIAL 262144 NEXT 1048576 MINEXTENTS 1 MAXEXTENTS 2147483645
  PCTINCREASE 0
  BUFFER_POOL DEFAULT FLASH_CACHE DEFAULT CELL_FLASH_CACHE DEFAULT)) 
 LOB ("NEW_VALUES") STORE AS SECUREFILE (
  TABLESPACE "USERS" ENABLE STORAGE IN ROW 4000 CHUNK 8192
  NOCACHE LOGGING  NOCOMPRESS  KEEP_DUPLICATES 
  STORAGE(INITIAL 262144 NEXT 1048576 MINEXTENTS 1 MAXEXTENTS 2147483645
  PCTINCREASE 0
  BUFFER_POOL DEFAULT FLASH_CACHE DEFAULT CELL_FLASH_CACHE DEFAULT)) ;
--------------------------------------------------------
--  DDL for Table CREATE$JAVA$LOB$TABLE
--------------------------------------------------------

  CREATE TABLE "APP"."CREATE$JAVA$LOB$TABLE" 
   (	"NAME" VARCHAR2(700 BYTE), 
	"LOB" BLOB, 
	"LOADTIME" DATE
   ) SEGMENT CREATION IMMEDIATE 
  PCTFREE 10 PCTUSED 40 INITRANS 1 MAXTRANS 255 
 NOCOMPRESS LOGGING
  STORAGE(INITIAL 65536 NEXT 1048576 MINEXTENTS 1 MAXEXTENTS 2147483645
  PCTINCREASE 0 FREELISTS 1 FREELIST GROUPS 1
  BUFFER_POOL DEFAULT FLASH_CACHE DEFAULT CELL_FLASH_CACHE DEFAULT)
  TABLESPACE "USERS" 
 LOB ("LOB") STORE AS SECUREFILE (
  TABLESPACE "USERS" ENABLE STORAGE IN ROW 4000 CHUNK 8192
  NOCACHE LOGGING  NOCOMPRESS  KEEP_DUPLICATES 
  STORAGE(INITIAL 262144 NEXT 1048576 MINEXTENTS 1 MAXEXTENTS 2147483645
  PCTINCREASE 0
  BUFFER_POOL DEFAULT FLASH_CACHE DEFAULT CELL_FLASH_CACHE DEFAULT)) ;
--------------------------------------------------------
--  DDL for Table CUSTOMER
--------------------------------------------------------

  CREATE TABLE "APP"."CUSTOMER" 
   (	"PHONE" VARCHAR2(20 BYTE), 
	"FULL_NAME" VARCHAR2(100 BYTE), 
	"PASSWORD_HASH" VARCHAR2(256 BYTE), 
	"PUBLIC_KEY" CLOB, 
	"CREATED_AT" TIMESTAMP (6) DEFAULT SYSTIMESTAMP, 
	"EMAIL" VARCHAR2(100 BYTE), 
	"ADDRESS" VARCHAR2(200 BYTE)
   ) SEGMENT CREATION IMMEDIATE 
  PCTFREE 10 PCTUSED 40 INITRANS 1 MAXTRANS 255 
 NOCOMPRESS LOGGING
  STORAGE(INITIAL 65536 NEXT 1048576 MINEXTENTS 1 MAXEXTENTS 2147483645
  PCTINCREASE 0 FREELISTS 1 FREELIST GROUPS 1
  BUFFER_POOL DEFAULT FLASH_CACHE DEFAULT CELL_FLASH_CACHE DEFAULT)
  TABLESPACE "USERS" 
 LOB ("PUBLIC_KEY") STORE AS SECUREFILE (
  TABLESPACE "USERS" ENABLE STORAGE IN ROW 4000 CHUNK 8192
  NOCACHE LOGGING  NOCOMPRESS  KEEP_DUPLICATES 
  STORAGE(INITIAL 262144 NEXT 1048576 MINEXTENTS 1 MAXEXTENTS 2147483645
  PCTINCREASE 0
  BUFFER_POOL DEFAULT FLASH_CACHE DEFAULT CELL_FLASH_CACHE DEFAULT)) ;
--------------------------------------------------------
--  DDL for Table CUSTOMER_APPOINTMENT
--------------------------------------------------------

  CREATE TABLE "APP"."CUSTOMER_APPOINTMENT" 
   (	"APPOINTMENT_ID" NUMBER, 
	"CUSTOMER_PHONE" VARCHAR2(20 BYTE), 
	"APPOINTMENT_DATE" DATE, 
	"STATUS" VARCHAR2(20 BYTE) DEFAULT 'SCHEDULED', 
	"DESCRIPTION" VARCHAR2(500 BYTE)
   ) SEGMENT CREATION IMMEDIATE 
  PCTFREE 10 PCTUSED 40 INITRANS 1 MAXTRANS 255 
 NOCOMPRESS LOGGING
  STORAGE(INITIAL 65536 NEXT 1048576 MINEXTENTS 1 MAXEXTENTS 2147483645
  PCTINCREASE 0 FREELISTS 1 FREELIST GROUPS 1
  BUFFER_POOL DEFAULT FLASH_CACHE DEFAULT CELL_FLASH_CACHE DEFAULT)
  TABLESPACE "USERS" ;
--------------------------------------------------------
--  DDL for Table EMPLOYEE
--------------------------------------------------------

  CREATE TABLE "APP"."EMPLOYEE" 
   (	"EMP_ID" NUMBER GENERATED BY DEFAULT AS IDENTITY MINVALUE 1 MAXVALUE 9999999999999999999999999999 INCREMENT BY 1 START WITH 1 CACHE 20 NOORDER  NOCYCLE  NOKEEP  NOSCALE , 
	"FULL_NAME" VARCHAR2(100 BYTE), 
	"USERNAME" VARCHAR2(50 BYTE), 
	"PASSWORD_HASH" VARCHAR2(256 BYTE), 
	"PUBLIC_KEY" CLOB, 
	"CREATED_AT" TIMESTAMP (6) DEFAULT SYSTIMESTAMP, 
	"EMAIL" VARCHAR2(100 BYTE), 
	"PHONE" VARCHAR2(20 BYTE), 
	"POL_EMPLOYEE_COL" NUMBER(10,0) DEFAULT NULL, 
	"OLS_LABEL" NUMBER DEFAULT NULL
   ) SEGMENT CREATION IMMEDIATE 
  PCTFREE 10 PCTUSED 40 INITRANS 1 MAXTRANS 255 
 NOCOMPRESS LOGGING
  STORAGE(INITIAL 65536 NEXT 1048576 MINEXTENTS 1 MAXEXTENTS 2147483645
  PCTINCREASE 0 FREELISTS 1 FREELIST GROUPS 1
  BUFFER_POOL DEFAULT FLASH_CACHE DEFAULT CELL_FLASH_CACHE DEFAULT)
  TABLESPACE "USERS" 
 LOB ("PUBLIC_KEY") STORE AS SECUREFILE (
  TABLESPACE "USERS" ENABLE STORAGE IN ROW 4000 CHUNK 8192
  NOCACHE LOGGING  NOCOMPRESS  KEEP_DUPLICATES 
  STORAGE(INITIAL 262144 NEXT 1048576 MINEXTENTS 1 MAXEXTENTS 2147483645
  PCTINCREASE 0
  BUFFER_POOL DEFAULT FLASH_CACHE DEFAULT CELL_FLASH_CACHE DEFAULT)) ;
  GRANT UPDATE ON "APP"."EMPLOYEE" TO "LBACSYS";
  GRANT SELECT ON "APP"."EMPLOYEE" TO "LBACSYS";
--------------------------------------------------------
--  DDL for Table EMPLOYEE_SHIFT
--------------------------------------------------------

  CREATE TABLE "APP"."EMPLOYEE_SHIFT" 
   (	"SHIFT_ID" NUMBER, 
	"EMP_ID" NUMBER, 
	"SHIFT_DATE" DATE, 
	"START_TIME" TIMESTAMP (6), 
	"END_TIME" TIMESTAMP (6), 
	"STATUS" VARCHAR2(20 BYTE) DEFAULT 'SCHEDULED'
   ) SEGMENT CREATION DEFERRED 
  PCTFREE 10 PCTUSED 40 INITRANS 1 MAXTRANS 255 
 NOCOMPRESS LOGGING
  TABLESPACE "USERS" ;
--------------------------------------------------------
--  DDL for Table INVOICE
--------------------------------------------------------

  CREATE TABLE "APP"."INVOICE" 
   (	"INVOICE_ID" NUMBER, 
	"STOCKOUT_ID" NUMBER, 
	"CUSTOMER_PHONE" VARCHAR2(20 BYTE), 
	"EMP_ID" NUMBER, 
	"INVOICE_DATE" DATE DEFAULT SYSDATE, 
	"TOTAL_AMOUNT" NUMBER(20,2) DEFAULT 0, 
	"STATUS" VARCHAR2(20 BYTE) DEFAULT 'PENDING', 
	"PDF" BLOB, 
	"SIGNATURE" CLOB
   ) SEGMENT CREATION IMMEDIATE 
  PCTFREE 10 PCTUSED 40 INITRANS 1 MAXTRANS 255 
 NOCOMPRESS LOGGING
  STORAGE(INITIAL 65536 NEXT 1048576 MINEXTENTS 1 MAXEXTENTS 2147483645
  PCTINCREASE 0 FREELISTS 1 FREELIST GROUPS 1
  BUFFER_POOL DEFAULT FLASH_CACHE DEFAULT CELL_FLASH_CACHE DEFAULT)
  TABLESPACE "USERS" 
 LOB ("PDF") STORE AS SECUREFILE (
  TABLESPACE "USERS" ENABLE STORAGE IN ROW 4000 CHUNK 8192
  NOCACHE LOGGING  NOCOMPRESS  KEEP_DUPLICATES 
  STORAGE(INITIAL 262144 NEXT 1048576 MINEXTENTS 1 MAXEXTENTS 2147483645
  PCTINCREASE 0
  BUFFER_POOL DEFAULT FLASH_CACHE DEFAULT CELL_FLASH_CACHE DEFAULT)) 
 LOB ("SIGNATURE") STORE AS SECUREFILE (
  TABLESPACE "USERS" ENABLE STORAGE IN ROW 4000 CHUNK 8192
  NOCACHE LOGGING  NOCOMPRESS  KEEP_DUPLICATES 
  STORAGE(INITIAL 262144 NEXT 1048576 MINEXTENTS 1 MAXEXTENTS 2147483645
  PCTINCREASE 0
  BUFFER_POOL DEFAULT FLASH_CACHE DEFAULT CELL_FLASH_CACHE DEFAULT)) ;
--------------------------------------------------------
--  DDL for Table INVOICE_ITEM
--------------------------------------------------------

  CREATE TABLE "APP"."INVOICE_ITEM" 
   (	"INVOICE_ID" NUMBER, 
	"STOCKOUT_ID" NUMBER, 
	"PART_ID" NUMBER, 
	"PRICE" NUMBER(20,2)
   ) SEGMENT CREATION IMMEDIATE 
  PCTFREE 10 PCTUSED 40 INITRANS 1 MAXTRANS 255 
 NOCOMPRESS LOGGING
  STORAGE(INITIAL 65536 NEXT 1048576 MINEXTENTS 1 MAXEXTENTS 2147483645
  PCTINCREASE 0 FREELISTS 1 FREELIST GROUPS 1
  BUFFER_POOL DEFAULT FLASH_CACHE DEFAULT CELL_FLASH_CACHE DEFAULT)
  TABLESPACE "USERS" ;
--------------------------------------------------------
--  DDL for Table INVOICE_SERVICE
--------------------------------------------------------

  CREATE TABLE "APP"."INVOICE_SERVICE" 
   (	"INVOICE_ID" NUMBER, 
	"SERVICE_ID" NUMBER, 
	"QUANTITY" NUMBER DEFAULT 1, 
	"PRICE" NUMBER(20,2)
   ) SEGMENT CREATION IMMEDIATE 
  PCTFREE 10 PCTUSED 40 INITRANS 1 MAXTRANS 255 
 NOCOMPRESS LOGGING
  STORAGE(INITIAL 65536 NEXT 1048576 MINEXTENTS 1 MAXEXTENTS 2147483645
  PCTINCREASE 0 FREELISTS 1 FREELIST GROUPS 1
  BUFFER_POOL DEFAULT FLASH_CACHE DEFAULT CELL_FLASH_CACHE DEFAULT)
  TABLESPACE "USERS" ;
--------------------------------------------------------
--  DDL for Table ORDERS
--------------------------------------------------------

  CREATE TABLE "APP"."ORDERS" 
   (	"ORDER_ID" NUMBER, 
	"CUSTOMER_PHONE" VARCHAR2(20 BYTE), 
	"RECEIVER_EMP" NUMBER, 
	"HANDLER_EMP" NUMBER, 
	"ORDER_TYPE" VARCHAR2(20 BYTE), 
	"RECEIVED_DATE" DATE, 
	"STATUS" VARCHAR2(50 BYTE), 
	"DESCRIPTION" VARCHAR2(500 BYTE)
   ) SEGMENT CREATION IMMEDIATE 
  PCTFREE 10 PCTUSED 40 INITRANS 1 MAXTRANS 255 
 NOCOMPRESS LOGGING
  STORAGE(INITIAL 65536 NEXT 1048576 MINEXTENTS 1 MAXEXTENTS 2147483645
  PCTINCREASE 0 FREELISTS 1 FREELIST GROUPS 1
  BUFFER_POOL DEFAULT FLASH_CACHE DEFAULT CELL_FLASH_CACHE DEFAULT)
  TABLESPACE "USERS" ;
--------------------------------------------------------
--  DDL for Table ORDER_SERVICE
--------------------------------------------------------

  CREATE TABLE "APP"."ORDER_SERVICE" 
   (	"ORDER_ID" NUMBER, 
	"SERVICE_ID" NUMBER, 
	"QUANTITY" NUMBER DEFAULT 1, 
	"PRICE" NUMBER(20,2)
   ) SEGMENT CREATION IMMEDIATE 
  PCTFREE 10 PCTUSED 40 INITRANS 1 MAXTRANS 255 
 NOCOMPRESS LOGGING
  STORAGE(INITIAL 65536 NEXT 1048576 MINEXTENTS 1 MAXEXTENTS 2147483645
  PCTINCREASE 0 FREELISTS 1 FREELIST GROUPS 1
  BUFFER_POOL DEFAULT FLASH_CACHE DEFAULT CELL_FLASH_CACHE DEFAULT)
  TABLESPACE "USERS" ;
--------------------------------------------------------
--  DDL for Table PART
--------------------------------------------------------

  CREATE TABLE "APP"."PART" 
   (	"PART_ID" NUMBER, 
	"NAME" VARCHAR2(100 BYTE), 
	"MANUFACTURER" VARCHAR2(100 BYTE), 
	"SERIAL" VARCHAR2(50 BYTE), 
	"STATUS" VARCHAR2(50 BYTE), 
	"STOCK_IN_ID" NUMBER, 
	"ORDER_ID" NUMBER, 
	"PRICE" NUMBER(20,2)
   ) SEGMENT CREATION IMMEDIATE 
  PCTFREE 10 PCTUSED 40 INITRANS 1 MAXTRANS 255 
 NOCOMPRESS LOGGING
  STORAGE(INITIAL 65536 NEXT 1048576 MINEXTENTS 1 MAXEXTENTS 2147483645
  PCTINCREASE 0 FREELISTS 1 FREELIST GROUPS 1
  BUFFER_POOL DEFAULT FLASH_CACHE DEFAULT CELL_FLASH_CACHE DEFAULT)
  TABLESPACE "USERS" ;
--------------------------------------------------------
--  DDL for Table PART_REQUEST
--------------------------------------------------------

  CREATE TABLE "APP"."PART_REQUEST" 
   (	"REQUEST_ID" NUMBER, 
	"ORDER_ID" NUMBER, 
	"EMP_ID" NUMBER, 
	"REQUEST_DATE" DATE, 
	"STATUS" VARCHAR2(50 BYTE)
   ) SEGMENT CREATION IMMEDIATE 
  PCTFREE 10 PCTUSED 40 INITRANS 1 MAXTRANS 255 
 NOCOMPRESS LOGGING
  STORAGE(INITIAL 65536 NEXT 1048576 MINEXTENTS 1 MAXEXTENTS 2147483645
  PCTINCREASE 0 FREELISTS 1 FREELIST GROUPS 1
  BUFFER_POOL DEFAULT FLASH_CACHE DEFAULT CELL_FLASH_CACHE DEFAULT)
  TABLESPACE "USERS" ;
--------------------------------------------------------
--  DDL for Table PART_REQUEST_ITEM
--------------------------------------------------------

  CREATE TABLE "APP"."PART_REQUEST_ITEM" 
   (	"REQUEST_ID" NUMBER, 
	"PART_ID" NUMBER
   ) SEGMENT CREATION IMMEDIATE 
  PCTFREE 10 PCTUSED 40 INITRANS 1 MAXTRANS 255 
 NOCOMPRESS LOGGING
  STORAGE(INITIAL 65536 NEXT 1048576 MINEXTENTS 1 MAXEXTENTS 2147483645
  PCTINCREASE 0 FREELISTS 1 FREELIST GROUPS 1
  BUFFER_POOL DEFAULT FLASH_CACHE DEFAULT CELL_FLASH_CACHE DEFAULT)
  TABLESPACE "USERS" ;
--------------------------------------------------------
--  DDL for Table SERVICE
--------------------------------------------------------

  CREATE TABLE "APP"."SERVICE" 
   (	"SERVICE_ID" NUMBER GENERATED BY DEFAULT AS IDENTITY MINVALUE 1 MAXVALUE 9999999999999999999999999999 INCREMENT BY 1 START WITH 1 CACHE 20 NOORDER  NOCYCLE  NOKEEP  NOSCALE , 
	"NAME" VARCHAR2(100 BYTE), 
	"DESCRIPTION" VARCHAR2(500 BYTE), 
	"PRICE" NUMBER(20,2)
   ) SEGMENT CREATION IMMEDIATE 
  PCTFREE 10 PCTUSED 40 INITRANS 1 MAXTRANS 255 
 NOCOMPRESS LOGGING
  STORAGE(INITIAL 65536 NEXT 1048576 MINEXTENTS 1 MAXEXTENTS 2147483645
  PCTINCREASE 0 FREELISTS 1 FREELIST GROUPS 1
  BUFFER_POOL DEFAULT FLASH_CACHE DEFAULT CELL_FLASH_CACHE DEFAULT)
  TABLESPACE "USERS" ;
--------------------------------------------------------
--  DDL for Table STOCK_IN
--------------------------------------------------------

  CREATE TABLE "APP"."STOCK_IN" 
   (	"STOCKIN_ID" NUMBER, 
	"EMP_ID" NUMBER, 
	"IN_DATE" DATE, 
	"NOTE" VARCHAR2(200 BYTE), 
	"PDF" BLOB, 
	"SIGNATURE" CLOB
   ) SEGMENT CREATION IMMEDIATE 
  PCTFREE 10 PCTUSED 40 INITRANS 1 MAXTRANS 255 
 NOCOMPRESS LOGGING
  STORAGE(INITIAL 65536 NEXT 1048576 MINEXTENTS 1 MAXEXTENTS 2147483645
  PCTINCREASE 0 FREELISTS 1 FREELIST GROUPS 1
  BUFFER_POOL DEFAULT FLASH_CACHE DEFAULT CELL_FLASH_CACHE DEFAULT)
  TABLESPACE "USERS" 
 LOB ("PDF") STORE AS SECUREFILE (
  TABLESPACE "USERS" ENABLE STORAGE IN ROW 4000 CHUNK 8192
  NOCACHE LOGGING  NOCOMPRESS  KEEP_DUPLICATES 
  STORAGE(INITIAL 262144 NEXT 1048576 MINEXTENTS 1 MAXEXTENTS 2147483645
  PCTINCREASE 0
  BUFFER_POOL DEFAULT FLASH_CACHE DEFAULT CELL_FLASH_CACHE DEFAULT)) 
 LOB ("SIGNATURE") STORE AS SECUREFILE (
  TABLESPACE "USERS" ENABLE STORAGE IN ROW 4000 CHUNK 8192
  NOCACHE LOGGING  NOCOMPRESS  KEEP_DUPLICATES 
  STORAGE(INITIAL 262144 NEXT 1048576 MINEXTENTS 1 MAXEXTENTS 2147483645
  PCTINCREASE 0
  BUFFER_POOL DEFAULT FLASH_CACHE DEFAULT CELL_FLASH_CACHE DEFAULT)) ;
--------------------------------------------------------
--  DDL for Table STOCK_IN_ITEM
--------------------------------------------------------

  CREATE TABLE "APP"."STOCK_IN_ITEM" 
   (	"STOCKIN_ITEM_ID" NUMBER, 
	"STOCKIN_ID" NUMBER, 
	"PART_NAME" VARCHAR2(100 BYTE), 
	"MANUFACTURER" VARCHAR2(100 BYTE), 
	"SERIAL" VARCHAR2(50 BYTE), 
	"PRICE" NUMBER(20,2)
   ) SEGMENT CREATION IMMEDIATE 
  PCTFREE 10 PCTUSED 40 INITRANS 1 MAXTRANS 255 
 NOCOMPRESS LOGGING
  STORAGE(INITIAL 65536 NEXT 1048576 MINEXTENTS 1 MAXEXTENTS 2147483645
  PCTINCREASE 0 FREELISTS 1 FREELIST GROUPS 1
  BUFFER_POOL DEFAULT FLASH_CACHE DEFAULT CELL_FLASH_CACHE DEFAULT)
  TABLESPACE "USERS" ;
--------------------------------------------------------
--  DDL for Table STOCK_OUT
--------------------------------------------------------

  CREATE TABLE "APP"."STOCK_OUT" 
   (	"STOCKOUT_ID" NUMBER, 
	"ORDER_ID" NUMBER, 
	"EMP_ID" NUMBER, 
	"OUT_DATE" DATE, 
	"NOTE" VARCHAR2(200 BYTE), 
	"PDF" BLOB, 
	"SIGNATURE" CLOB
   ) SEGMENT CREATION IMMEDIATE 
  PCTFREE 10 PCTUSED 40 INITRANS 1 MAXTRANS 255 
 NOCOMPRESS LOGGING
  STORAGE(INITIAL 65536 NEXT 1048576 MINEXTENTS 1 MAXEXTENTS 2147483645
  PCTINCREASE 0 FREELISTS 1 FREELIST GROUPS 1
  BUFFER_POOL DEFAULT FLASH_CACHE DEFAULT CELL_FLASH_CACHE DEFAULT)
  TABLESPACE "USERS" 
 LOB ("PDF") STORE AS SECUREFILE (
  TABLESPACE "USERS" ENABLE STORAGE IN ROW 4000 CHUNK 8192
  NOCACHE LOGGING  NOCOMPRESS  KEEP_DUPLICATES 
  STORAGE(INITIAL 262144 NEXT 1048576 MINEXTENTS 1 MAXEXTENTS 2147483645
  PCTINCREASE 0
  BUFFER_POOL DEFAULT FLASH_CACHE DEFAULT CELL_FLASH_CACHE DEFAULT)) 
 LOB ("SIGNATURE") STORE AS SECUREFILE (
  TABLESPACE "USERS" ENABLE STORAGE IN ROW 4000 CHUNK 8192
  NOCACHE LOGGING  NOCOMPRESS  KEEP_DUPLICATES 
  STORAGE(INITIAL 262144 NEXT 1048576 MINEXTENTS 1 MAXEXTENTS 2147483645
  PCTINCREASE 0
  BUFFER_POOL DEFAULT FLASH_CACHE DEFAULT CELL_FLASH_CACHE DEFAULT)) ;
--------------------------------------------------------
--  DDL for Table STOCK_OUT_ITEM
--------------------------------------------------------

  CREATE TABLE "APP"."STOCK_OUT_ITEM" 
   (	"STOCKOUT_ID" NUMBER, 
	"PART_ID" NUMBER
   ) SEGMENT CREATION IMMEDIATE 
  PCTFREE 10 PCTUSED 40 INITRANS 1 MAXTRANS 255 
 NOCOMPRESS LOGGING
  STORAGE(INITIAL 65536 NEXT 1048576 MINEXTENTS 1 MAXEXTENTS 2147483645
  PCTINCREASE 0 FREELISTS 1 FREELIST GROUPS 1
  BUFFER_POOL DEFAULT FLASH_CACHE DEFAULT CELL_FLASH_CACHE DEFAULT)
  TABLESPACE "USERS" ;
--------------------------------------------------------
--  DDL for Table USER_OTP_LOG
--------------------------------------------------------

  CREATE TABLE "APP"."USER_OTP_LOG" 
   (	"ID" NUMBER GENERATED BY DEFAULT AS IDENTITY MINVALUE 1 MAXVALUE 9999999999999999999999999999 INCREMENT BY 1 START WITH 1 CACHE 20 NOORDER  NOCYCLE  NOKEEP  NOSCALE , 
	"USER_ID" NUMBER, 
	"USERNAME" VARCHAR2(100 BYTE), 
	"OTP" VARCHAR2(10 BYTE), 
	"CREATED_AT" TIMESTAMP (6) DEFAULT SYSTIMESTAMP, 
	"EXPIRED_AT" TIMESTAMP (6), 
	"USED" CHAR(1 BYTE) DEFAULT 'N'
   ) SEGMENT CREATION DEFERRED 
  PCTFREE 10 PCTUSED 40 INITRANS 1 MAXTRANS 255 
 NOCOMPRESS LOGGING
  TABLESPACE "USERS" ;
REM INSERTING into APP.A
SET DEFINE OFF;
Insert into APP.A (ID,NAME,CREATED_AT) values (1,'Tên gì đó',to_date('17-NOV-25','DD-MON-RR'));
REM INSERTING into APP.AUDIT_ALERT_LOG
SET DEFINE OFF;
Insert into APP.AUDIT_ALERT_LOG (LOG_ID,EVENT_TS,DB_USER,OS_USER,MACHINE,MODULE,APP_ROLE,EMP_ID,CUSTOMER_PHONE,OBJECT_SCHEMA,OBJECT_NAME,POLICY_NAME,CLIENT_IDENTIFIER,NOTE,DML_TYPE,CHANGED_COLUMNS) values (63,to_timestamp('15-NOV-25 06.22.54.816601000 PM','DD-MON-RR HH.MI.SSXFF AM'),'ADMIN','ntdmi','DESKTOP-RE4E4P9\DESKTOP-RE4E4P9','WebAPI-WEB','ROLE_ADMIN','1',null,'APP','STOCK_IN_ITEM','AUD_STOCK_IN_ITEM_INSERT','2d2cab62-13cb-460c-bfb4-1db939c3bab3','Unauthorized DML detected via policy AUD_STOCK_IN_ITEM_INSERT',null,null);
Insert into APP.AUDIT_ALERT_LOG (LOG_ID,EVENT_TS,DB_USER,OS_USER,MACHINE,MODULE,APP_ROLE,EMP_ID,CUSTOMER_PHONE,OBJECT_SCHEMA,OBJECT_NAME,POLICY_NAME,CLIENT_IDENTIFIER,NOTE,DML_TYPE,CHANGED_COLUMNS) values (61,to_timestamp('15-NOV-25 06.22.54.756184000 PM','DD-MON-RR HH.MI.SSXFF AM'),'ADMIN','ntdmi','DESKTOP-RE4E4P9\DESKTOP-RE4E4P9','WebAPI-WEB','ROLE_ADMIN','1',null,'APP','STOCK_IN','AUD_STOCK_IN_INSERT','2d2cab62-13cb-460c-bfb4-1db939c3bab3','Unauthorized DML detected via policy AUD_STOCK_IN_INSERT',null,null);
Insert into APP.AUDIT_ALERT_LOG (LOG_ID,EVENT_TS,DB_USER,OS_USER,MACHINE,MODULE,APP_ROLE,EMP_ID,CUSTOMER_PHONE,OBJECT_SCHEMA,OBJECT_NAME,POLICY_NAME,CLIENT_IDENTIFIER,NOTE,DML_TYPE,CHANGED_COLUMNS) values (62,to_timestamp('15-NOV-25 06.22.54.790365000 PM','DD-MON-RR HH.MI.SSXFF AM'),'ADMIN','ntdmi','DESKTOP-RE4E4P9\DESKTOP-RE4E4P9','WebAPI-WEB','ROLE_ADMIN','1',null,'ADMIN','STOCK_IN','AUD_STOCK_IN_INSERT','2d2cab62-13cb-460c-bfb4-1db939c3bab3','INSERT operation on STOCK_IN','INSERT',null);
Insert into APP.AUDIT_ALERT_LOG (LOG_ID,EVENT_TS,DB_USER,OS_USER,MACHINE,MODULE,APP_ROLE,EMP_ID,CUSTOMER_PHONE,OBJECT_SCHEMA,OBJECT_NAME,POLICY_NAME,CLIENT_IDENTIFIER,NOTE,DML_TYPE,CHANGED_COLUMNS) values (64,to_timestamp('15-NOV-25 06.22.54.819075000 PM','DD-MON-RR HH.MI.SSXFF AM'),'ADMIN','ntdmi','DESKTOP-RE4E4P9\DESKTOP-RE4E4P9','WebAPI-WEB','ROLE_ADMIN','1',null,'ADMIN','STOCK_IN_ITEM','AUD_STOCK_IN_ITEM_INSERT','2d2cab62-13cb-460c-bfb4-1db939c3bab3','INSERT operation on STOCK_IN_ITEM','INSERT',null);
Insert into APP.AUDIT_ALERT_LOG (LOG_ID,EVENT_TS,DB_USER,OS_USER,MACHINE,MODULE,APP_ROLE,EMP_ID,CUSTOMER_PHONE,OBJECT_SCHEMA,OBJECT_NAME,POLICY_NAME,CLIENT_IDENTIFIER,NOTE,DML_TYPE,CHANGED_COLUMNS) values (65,to_timestamp('15-NOV-25 06.22.54.860209000 PM','DD-MON-RR HH.MI.SSXFF AM'),'ADMIN','ntdmi','DESKTOP-RE4E4P9\DESKTOP-RE4E4P9','WebAPI-WEB','ROLE_ADMIN','1',null,'APP','PART','AUD_PART_INSERT','2d2cab62-13cb-460c-bfb4-1db939c3bab3','Unauthorized DML detected via policy AUD_PART_INSERT',null,null);
Insert into APP.AUDIT_ALERT_LOG (LOG_ID,EVENT_TS,DB_USER,OS_USER,MACHINE,MODULE,APP_ROLE,EMP_ID,CUSTOMER_PHONE,OBJECT_SCHEMA,OBJECT_NAME,POLICY_NAME,CLIENT_IDENTIFIER,NOTE,DML_TYPE,CHANGED_COLUMNS) values (66,to_timestamp('15-NOV-25 06.22.54.861552000 PM','DD-MON-RR HH.MI.SSXFF AM'),'ADMIN','ntdmi','DESKTOP-RE4E4P9\DESKTOP-RE4E4P9','WebAPI-WEB','ROLE_ADMIN','1',null,'ADMIN','PART','AUD_PART_INSERT','2d2cab62-13cb-460c-bfb4-1db939c3bab3','INSERT operation on PART','INSERT',null);
Insert into APP.AUDIT_ALERT_LOG (LOG_ID,EVENT_TS,DB_USER,OS_USER,MACHINE,MODULE,APP_ROLE,EMP_ID,CUSTOMER_PHONE,OBJECT_SCHEMA,OBJECT_NAME,POLICY_NAME,CLIENT_IDENTIFIER,NOTE,DML_TYPE,CHANGED_COLUMNS) values (67,to_timestamp('15-NOV-25 06.22.55.054938000 PM','DD-MON-RR HH.MI.SSXFF AM'),'ADMIN','ntdmi','DESKTOP-RE4E4P9\DESKTOP-RE4E4P9','WebAPI-WEB','ROLE_ADMIN','1',null,'APP','STOCK_IN','AUD_STOCK_IN_UPDATE','2d2cab62-13cb-460c-bfb4-1db939c3bab3','Unauthorized DML detected via policy AUD_STOCK_IN_UPDATE',null,null);
Insert into APP.AUDIT_ALERT_LOG (LOG_ID,EVENT_TS,DB_USER,OS_USER,MACHINE,MODULE,APP_ROLE,EMP_ID,CUSTOMER_PHONE,OBJECT_SCHEMA,OBJECT_NAME,POLICY_NAME,CLIENT_IDENTIFIER,NOTE,DML_TYPE,CHANGED_COLUMNS) values (68,to_timestamp('15-NOV-25 06.22.55.057079000 PM','DD-MON-RR HH.MI.SSXFF AM'),'ADMIN','ntdmi','DESKTOP-RE4E4P9\DESKTOP-RE4E4P9','WebAPI-WEB','ROLE_ADMIN','1',null,'ADMIN','STOCK_IN','AUD_STOCK_IN_UPDATE','2d2cab62-13cb-460c-bfb4-1db939c3bab3','UPDATE operation on STOCK_IN - Changed: ','UPDATE',null);
Insert into APP.AUDIT_ALERT_LOG (LOG_ID,EVENT_TS,DB_USER,OS_USER,MACHINE,MODULE,APP_ROLE,EMP_ID,CUSTOMER_PHONE,OBJECT_SCHEMA,OBJECT_NAME,POLICY_NAME,CLIENT_IDENTIFIER,NOTE,DML_TYPE,CHANGED_COLUMNS) values (69,to_timestamp('15-NOV-25 06.23.17.624466000 PM','DD-MON-RR HH.MI.SSXFF AM'),'ADMIN','ntdmi','DESKTOP-RE4E4P9\DESKTOP-RE4E4P9','WebAPI-WEB','ROLE_ADMIN','1',null,'APP','STOCK_IN','AUD_STOCK_IN_UPDATE','2d2cab62-13cb-460c-bfb4-1db939c3bab3','Unauthorized DML detected via policy AUD_STOCK_IN_UPDATE',null,null);
Insert into APP.AUDIT_ALERT_LOG (LOG_ID,EVENT_TS,DB_USER,OS_USER,MACHINE,MODULE,APP_ROLE,EMP_ID,CUSTOMER_PHONE,OBJECT_SCHEMA,OBJECT_NAME,POLICY_NAME,CLIENT_IDENTIFIER,NOTE,DML_TYPE,CHANGED_COLUMNS) values (70,to_timestamp('15-NOV-25 06.23.17.625664000 PM','DD-MON-RR HH.MI.SSXFF AM'),'ADMIN','ntdmi','DESKTOP-RE4E4P9\DESKTOP-RE4E4P9','WebAPI-WEB','ROLE_ADMIN','1',null,'ADMIN','STOCK_IN','AUD_STOCK_IN_UPDATE','2d2cab62-13cb-460c-bfb4-1db939c3bab3','UPDATE operation on STOCK_IN - Changed: ','UPDATE',null);
Insert into APP.AUDIT_ALERT_LOG (LOG_ID,EVENT_TS,DB_USER,OS_USER,MACHINE,MODULE,APP_ROLE,EMP_ID,CUSTOMER_PHONE,OBJECT_SCHEMA,OBJECT_NAME,POLICY_NAME,CLIENT_IDENTIFIER,NOTE,DML_TYPE,CHANGED_COLUMNS) values (71,to_timestamp('15-NOV-25 06.35.19.819662000 PM','DD-MON-RR HH.MI.SSXFF AM'),'ADMIN','ntdmi','DESKTOP-RE4E4P9\DESKTOP-RE4E4P9','WebAPI-WEB','ROLE_ADMIN','1',null,'APP','STOCK_OUT','AUD_STOCK_OUT_INSERT','3a13ea9b-cbc4-4598-b805-b2736021f6cf','Unauthorized DML detected via policy AUD_STOCK_OUT_INSERT',null,null);
Insert into APP.AUDIT_ALERT_LOG (LOG_ID,EVENT_TS,DB_USER,OS_USER,MACHINE,MODULE,APP_ROLE,EMP_ID,CUSTOMER_PHONE,OBJECT_SCHEMA,OBJECT_NAME,POLICY_NAME,CLIENT_IDENTIFIER,NOTE,DML_TYPE,CHANGED_COLUMNS) values (77,to_timestamp('15-NOV-25 06.36.24.457314000 PM','DD-MON-RR HH.MI.SSXFF AM'),'ADMIN','ntdmi','DESKTOP-RE4E4P9\DESKTOP-RE4E4P9','WebAPI-WEB','ROLE_ADMIN','1',null,'APP','STOCK_OUT','AUD_STOCK_OUT_INSERT','b53bc9a0-34f8-4ed7-8cf9-c550439c6934','Unauthorized DML detected via policy AUD_STOCK_OUT_INSERT',null,null);
Insert into APP.AUDIT_ALERT_LOG (LOG_ID,EVENT_TS,DB_USER,OS_USER,MACHINE,MODULE,APP_ROLE,EMP_ID,CUSTOMER_PHONE,OBJECT_SCHEMA,OBJECT_NAME,POLICY_NAME,CLIENT_IDENTIFIER,NOTE,DML_TYPE,CHANGED_COLUMNS) values (73,to_timestamp('15-NOV-25 06.35.19.836468000 PM','DD-MON-RR HH.MI.SSXFF AM'),'ADMIN','ntdmi','DESKTOP-RE4E4P9\DESKTOP-RE4E4P9','WebAPI-WEB','ROLE_ADMIN','1',null,'APP','STOCK_OUT_ITEM','AUD_STOCK_OUT_ITEM_INSERT','3a13ea9b-cbc4-4598-b805-b2736021f6cf','Unauthorized DML detected via policy AUD_STOCK_OUT_ITEM_INSERT',null,null);
Insert into APP.AUDIT_ALERT_LOG (LOG_ID,EVENT_TS,DB_USER,OS_USER,MACHINE,MODULE,APP_ROLE,EMP_ID,CUSTOMER_PHONE,OBJECT_SCHEMA,OBJECT_NAME,POLICY_NAME,CLIENT_IDENTIFIER,NOTE,DML_TYPE,CHANGED_COLUMNS) values (83,to_timestamp('15-NOV-25 06.44.30.691828000 PM','DD-MON-RR HH.MI.SSXFF AM'),'ADMIN','ntdmi','DESKTOP-RE4E4P9\DESKTOP-RE4E4P9','WebAPI-WEB','ROLE_ADMIN','1',null,'APP','STOCK_OUT','AUD_STOCK_OUT_INSERT','68a51ef4-7d90-4925-9f38-909b36675712','Unauthorized DML detected via policy AUD_STOCK_OUT_INSERT',null,null);
Insert into APP.AUDIT_ALERT_LOG (LOG_ID,EVENT_TS,DB_USER,OS_USER,MACHINE,MODULE,APP_ROLE,EMP_ID,CUSTOMER_PHONE,OBJECT_SCHEMA,OBJECT_NAME,POLICY_NAME,CLIENT_IDENTIFIER,NOTE,DML_TYPE,CHANGED_COLUMNS) values (75,to_timestamp('15-NOV-25 06.35.19.841072000 PM','DD-MON-RR HH.MI.SSXFF AM'),'ADMIN','ntdmi','DESKTOP-RE4E4P9\DESKTOP-RE4E4P9','WebAPI-WEB','ROLE_ADMIN','1',null,'APP','PART','AUD_PART_UPDATE','3a13ea9b-cbc4-4598-b805-b2736021f6cf','Unauthorized DML detected via policy AUD_PART_UPDATE',null,null);
Insert into APP.AUDIT_ALERT_LOG (LOG_ID,EVENT_TS,DB_USER,OS_USER,MACHINE,MODULE,APP_ROLE,EMP_ID,CUSTOMER_PHONE,OBJECT_SCHEMA,OBJECT_NAME,POLICY_NAME,CLIENT_IDENTIFIER,NOTE,DML_TYPE,CHANGED_COLUMNS) values (79,to_timestamp('15-NOV-25 06.36.24.460202000 PM','DD-MON-RR HH.MI.SSXFF AM'),'ADMIN','ntdmi','DESKTOP-RE4E4P9\DESKTOP-RE4E4P9','WebAPI-WEB','ROLE_ADMIN','1',null,'APP','STOCK_OUT_ITEM','AUD_STOCK_OUT_ITEM_INSERT','b53bc9a0-34f8-4ed7-8cf9-c550439c6934','Unauthorized DML detected via policy AUD_STOCK_OUT_ITEM_INSERT',null,null);
Insert into APP.AUDIT_ALERT_LOG (LOG_ID,EVENT_TS,DB_USER,OS_USER,MACHINE,MODULE,APP_ROLE,EMP_ID,CUSTOMER_PHONE,OBJECT_SCHEMA,OBJECT_NAME,POLICY_NAME,CLIENT_IDENTIFIER,NOTE,DML_TYPE,CHANGED_COLUMNS) values (89,to_timestamp('15-NOV-25 06.45.35.013075000 PM','DD-MON-RR HH.MI.SSXFF AM'),'ADMIN','ntdmi','DESKTOP-RE4E4P9\DESKTOP-RE4E4P9','WebAPI-WEB','ROLE_ADMIN','1',null,'APP','STOCK_OUT','AUD_STOCK_OUT_INSERT','68a51ef4-7d90-4925-9f38-909b36675712','Unauthorized DML detected via policy AUD_STOCK_OUT_INSERT',null,null);
Insert into APP.AUDIT_ALERT_LOG (LOG_ID,EVENT_TS,DB_USER,OS_USER,MACHINE,MODULE,APP_ROLE,EMP_ID,CUSTOMER_PHONE,OBJECT_SCHEMA,OBJECT_NAME,POLICY_NAME,CLIENT_IDENTIFIER,NOTE,DML_TYPE,CHANGED_COLUMNS) values (81,to_timestamp('15-NOV-25 06.36.24.462353000 PM','DD-MON-RR HH.MI.SSXFF AM'),'ADMIN','ntdmi','DESKTOP-RE4E4P9\DESKTOP-RE4E4P9','WebAPI-WEB','ROLE_ADMIN','1',null,'APP','PART','AUD_PART_UPDATE','b53bc9a0-34f8-4ed7-8cf9-c550439c6934','Unauthorized DML detected via policy AUD_PART_UPDATE',null,null);
Insert into APP.AUDIT_ALERT_LOG (LOG_ID,EVENT_TS,DB_USER,OS_USER,MACHINE,MODULE,APP_ROLE,EMP_ID,CUSTOMER_PHONE,OBJECT_SCHEMA,OBJECT_NAME,POLICY_NAME,CLIENT_IDENTIFIER,NOTE,DML_TYPE,CHANGED_COLUMNS) values (85,to_timestamp('15-NOV-25 06.44.30.697563000 PM','DD-MON-RR HH.MI.SSXFF AM'),'ADMIN','ntdmi','DESKTOP-RE4E4P9\DESKTOP-RE4E4P9','WebAPI-WEB','ROLE_ADMIN','1',null,'APP','STOCK_OUT_ITEM','AUD_STOCK_OUT_ITEM_INSERT','68a51ef4-7d90-4925-9f38-909b36675712','Unauthorized DML detected via policy AUD_STOCK_OUT_ITEM_INSERT',null,null);
Insert into APP.AUDIT_ALERT_LOG (LOG_ID,EVENT_TS,DB_USER,OS_USER,MACHINE,MODULE,APP_ROLE,EMP_ID,CUSTOMER_PHONE,OBJECT_SCHEMA,OBJECT_NAME,POLICY_NAME,CLIENT_IDENTIFIER,NOTE,DML_TYPE,CHANGED_COLUMNS) values (95,to_timestamp('15-NOV-25 06.46.08.743249000 PM','DD-MON-RR HH.MI.SSXFF AM'),'ADMIN','ntdmi','DESKTOP-RE4E4P9\DESKTOP-RE4E4P9','WebAPI-WEB','ROLE_ADMIN','1',null,'APP','STOCK_OUT','AUD_STOCK_OUT_INSERT','68a51ef4-7d90-4925-9f38-909b36675712','Unauthorized DML detected via policy AUD_STOCK_OUT_INSERT',null,null);
Insert into APP.AUDIT_ALERT_LOG (LOG_ID,EVENT_TS,DB_USER,OS_USER,MACHINE,MODULE,APP_ROLE,EMP_ID,CUSTOMER_PHONE,OBJECT_SCHEMA,OBJECT_NAME,POLICY_NAME,CLIENT_IDENTIFIER,NOTE,DML_TYPE,CHANGED_COLUMNS) values (87,to_timestamp('15-NOV-25 06.44.30.706193000 PM','DD-MON-RR HH.MI.SSXFF AM'),'ADMIN','ntdmi','DESKTOP-RE4E4P9\DESKTOP-RE4E4P9','WebAPI-WEB','ROLE_ADMIN','1',null,'APP','PART','AUD_PART_UPDATE','68a51ef4-7d90-4925-9f38-909b36675712','Unauthorized DML detected via policy AUD_PART_UPDATE',null,null);
Insert into APP.AUDIT_ALERT_LOG (LOG_ID,EVENT_TS,DB_USER,OS_USER,MACHINE,MODULE,APP_ROLE,EMP_ID,CUSTOMER_PHONE,OBJECT_SCHEMA,OBJECT_NAME,POLICY_NAME,CLIENT_IDENTIFIER,NOTE,DML_TYPE,CHANGED_COLUMNS) values (91,to_timestamp('15-NOV-25 06.45.35.015322000 PM','DD-MON-RR HH.MI.SSXFF AM'),'ADMIN','ntdmi','DESKTOP-RE4E4P9\DESKTOP-RE4E4P9','WebAPI-WEB','ROLE_ADMIN','1',null,'APP','STOCK_OUT_ITEM','AUD_STOCK_OUT_ITEM_INSERT','68a51ef4-7d90-4925-9f38-909b36675712','Unauthorized DML detected via policy AUD_STOCK_OUT_ITEM_INSERT',null,null);
Insert into APP.AUDIT_ALERT_LOG (LOG_ID,EVENT_TS,DB_USER,OS_USER,MACHINE,MODULE,APP_ROLE,EMP_ID,CUSTOMER_PHONE,OBJECT_SCHEMA,OBJECT_NAME,POLICY_NAME,CLIENT_IDENTIFIER,NOTE,DML_TYPE,CHANGED_COLUMNS) values (93,to_timestamp('15-NOV-25 06.45.35.017259000 PM','DD-MON-RR HH.MI.SSXFF AM'),'ADMIN','ntdmi','DESKTOP-RE4E4P9\DESKTOP-RE4E4P9','WebAPI-WEB','ROLE_ADMIN','1',null,'APP','PART','AUD_PART_UPDATE','68a51ef4-7d90-4925-9f38-909b36675712','Unauthorized DML detected via policy AUD_PART_UPDATE',null,null);
Insert into APP.AUDIT_ALERT_LOG (LOG_ID,EVENT_TS,DB_USER,OS_USER,MACHINE,MODULE,APP_ROLE,EMP_ID,CUSTOMER_PHONE,OBJECT_SCHEMA,OBJECT_NAME,POLICY_NAME,CLIENT_IDENTIFIER,NOTE,DML_TYPE,CHANGED_COLUMNS) values (97,to_timestamp('15-NOV-25 06.46.08.745905000 PM','DD-MON-RR HH.MI.SSXFF AM'),'ADMIN','ntdmi','DESKTOP-RE4E4P9\DESKTOP-RE4E4P9','WebAPI-WEB','ROLE_ADMIN','1',null,'APP','STOCK_OUT_ITEM','AUD_STOCK_OUT_ITEM_INSERT','68a51ef4-7d90-4925-9f38-909b36675712','Unauthorized DML detected via policy AUD_STOCK_OUT_ITEM_INSERT',null,null);
Insert into APP.AUDIT_ALERT_LOG (LOG_ID,EVENT_TS,DB_USER,OS_USER,MACHINE,MODULE,APP_ROLE,EMP_ID,CUSTOMER_PHONE,OBJECT_SCHEMA,OBJECT_NAME,POLICY_NAME,CLIENT_IDENTIFIER,NOTE,DML_TYPE,CHANGED_COLUMNS) values (166,to_timestamp('17-NOV-25 12.21.36.116441000 PM','DD-MON-RR HH.MI.SSXFF AM'),'ADMIN','ntdmi','DESKTOP-RE4E4P9\DESKTOP-RE4E4P9','WebAPI-WEB','ROLE_ADMIN','1',null,'ADMIN','PART_REQUEST_ITEM','AUD_PART_REQUEST_ITEM_INSERT','00ad60e4-1bb6-4ff5-9a1f-6121013ce3d8','INSERT operation on PART_REQUEST_ITEM','INSERT',null);
Insert into APP.AUDIT_ALERT_LOG (LOG_ID,EVENT_TS,DB_USER,OS_USER,MACHINE,MODULE,APP_ROLE,EMP_ID,CUSTOMER_PHONE,OBJECT_SCHEMA,OBJECT_NAME,POLICY_NAME,CLIENT_IDENTIFIER,NOTE,DML_TYPE,CHANGED_COLUMNS) values (162,to_timestamp('17-NOV-25 12.21.28.859234000 PM','DD-MON-RR HH.MI.SSXFF AM'),'ADMIN','ntdmi','DESKTOP-RE4E4P9\DESKTOP-RE4E4P9','WebAPI-WEB','ROLE_ADMIN','1',null,'ADMIN','ORDERS','AUD_ORDERS_INSERT','00ad60e4-1bb6-4ff5-9a1f-6121013ce3d8','INSERT operation on ORDERS','INSERT',null);
Insert into APP.AUDIT_ALERT_LOG (LOG_ID,EVENT_TS,DB_USER,OS_USER,MACHINE,MODULE,APP_ROLE,EMP_ID,CUSTOMER_PHONE,OBJECT_SCHEMA,OBJECT_NAME,POLICY_NAME,CLIENT_IDENTIFIER,NOTE,DML_TYPE,CHANGED_COLUMNS) values (164,to_timestamp('17-NOV-25 12.21.36.086837000 PM','DD-MON-RR HH.MI.SSXFF AM'),'ADMIN','ntdmi','DESKTOP-RE4E4P9\DESKTOP-RE4E4P9','WebAPI-WEB','ROLE_ADMIN','1',null,'ADMIN','PART_REQUEST','AUD_PART_REQUEST_INSERT','00ad60e4-1bb6-4ff5-9a1f-6121013ce3d8','INSERT operation on PART_REQUEST','INSERT',null);
Insert into APP.AUDIT_ALERT_LOG (LOG_ID,EVENT_TS,DB_USER,OS_USER,MACHINE,MODULE,APP_ROLE,EMP_ID,CUSTOMER_PHONE,OBJECT_SCHEMA,OBJECT_NAME,POLICY_NAME,CLIENT_IDENTIFIER,NOTE,DML_TYPE,CHANGED_COLUMNS) values (167,to_timestamp('17-NOV-25 12.21.36.124144000 PM','DD-MON-RR HH.MI.SSXFF AM'),'ADMIN','ntdmi','DESKTOP-RE4E4P9\DESKTOP-RE4E4P9','WebAPI-WEB','ROLE_ADMIN','1',null,'APP','PART','AUD_PART_UPDATE','00ad60e4-1bb6-4ff5-9a1f-6121013ce3d8','Unauthorized DML detected via policy AUD_PART_UPDATE',null,null);
Insert into APP.AUDIT_ALERT_LOG (LOG_ID,EVENT_TS,DB_USER,OS_USER,MACHINE,MODULE,APP_ROLE,EMP_ID,CUSTOMER_PHONE,OBJECT_SCHEMA,OBJECT_NAME,POLICY_NAME,CLIENT_IDENTIFIER,NOTE,DML_TYPE,CHANGED_COLUMNS) values (168,to_timestamp('17-NOV-25 12.21.36.130000000 PM','DD-MON-RR HH.MI.SSXFF AM'),'ADMIN','ntdmi','DESKTOP-RE4E4P9\DESKTOP-RE4E4P9','WebAPI-WEB','ROLE_ADMIN','1',null,'ADMIN','PART','AUD_PART_UPDATE','00ad60e4-1bb6-4ff5-9a1f-6121013ce3d8','UPDATE operation on PART - Changed: STATUS','UPDATE','STATUS');
Insert into APP.AUDIT_ALERT_LOG (LOG_ID,EVENT_TS,DB_USER,OS_USER,MACHINE,MODULE,APP_ROLE,EMP_ID,CUSTOMER_PHONE,OBJECT_SCHEMA,OBJECT_NAME,POLICY_NAME,CLIENT_IDENTIFIER,NOTE,DML_TYPE,CHANGED_COLUMNS) values (169,to_timestamp('17-NOV-25 12.21.38.987221000 PM','DD-MON-RR HH.MI.SSXFF AM'),'ADMIN','ntdmi','DESKTOP-RE4E4P9\DESKTOP-RE4E4P9','WebAPI-WEB','ROLE_ADMIN','1',null,'APP','PART_REQUEST','AUD_PART_REQUEST_UPDATE','00ad60e4-1bb6-4ff5-9a1f-6121013ce3d8','Unauthorized DML detected via policy AUD_PART_REQUEST_UPDATE',null,null);
Insert into APP.AUDIT_ALERT_LOG (LOG_ID,EVENT_TS,DB_USER,OS_USER,MACHINE,MODULE,APP_ROLE,EMP_ID,CUSTOMER_PHONE,OBJECT_SCHEMA,OBJECT_NAME,POLICY_NAME,CLIENT_IDENTIFIER,NOTE,DML_TYPE,CHANGED_COLUMNS) values (170,to_timestamp('17-NOV-25 12.21.38.990102000 PM','DD-MON-RR HH.MI.SSXFF AM'),'ADMIN','ntdmi','DESKTOP-RE4E4P9\DESKTOP-RE4E4P9','WebAPI-WEB','ROLE_ADMIN','1',null,'ADMIN','PART_REQUEST','AUD_PART_REQUEST_UPDATE','00ad60e4-1bb6-4ff5-9a1f-6121013ce3d8','UPDATE operation on PART_REQUEST - Changed: STATUS','UPDATE','STATUS');
Insert into APP.AUDIT_ALERT_LOG (LOG_ID,EVENT_TS,DB_USER,OS_USER,MACHINE,MODULE,APP_ROLE,EMP_ID,CUSTOMER_PHONE,OBJECT_SCHEMA,OBJECT_NAME,POLICY_NAME,CLIENT_IDENTIFIER,NOTE,DML_TYPE,CHANGED_COLUMNS) values (171,to_timestamp('17-NOV-25 12.21.39.002450000 PM','DD-MON-RR HH.MI.SSXFF AM'),'ADMIN','ntdmi','DESKTOP-RE4E4P9\DESKTOP-RE4E4P9','WebAPI-WEB','ROLE_ADMIN','1',null,'APP','PART','AUD_PART_UPDATE','00ad60e4-1bb6-4ff5-9a1f-6121013ce3d8','Unauthorized DML detected via policy AUD_PART_UPDATE',null,null);
Insert into APP.AUDIT_ALERT_LOG (LOG_ID,EVENT_TS,DB_USER,OS_USER,MACHINE,MODULE,APP_ROLE,EMP_ID,CUSTOMER_PHONE,OBJECT_SCHEMA,OBJECT_NAME,POLICY_NAME,CLIENT_IDENTIFIER,NOTE,DML_TYPE,CHANGED_COLUMNS) values (172,to_timestamp('17-NOV-25 12.21.39.004627000 PM','DD-MON-RR HH.MI.SSXFF AM'),'ADMIN','ntdmi','DESKTOP-RE4E4P9\DESKTOP-RE4E4P9','WebAPI-WEB','ROLE_ADMIN','1',null,'ADMIN','PART','AUD_PART_UPDATE','00ad60e4-1bb6-4ff5-9a1f-6121013ce3d8','UPDATE operation on PART - Changed: STATUS,ORDER_ID','UPDATE','STATUS,ORDER_ID');
Insert into APP.AUDIT_ALERT_LOG (LOG_ID,EVENT_TS,DB_USER,OS_USER,MACHINE,MODULE,APP_ROLE,EMP_ID,CUSTOMER_PHONE,OBJECT_SCHEMA,OBJECT_NAME,POLICY_NAME,CLIENT_IDENTIFIER,NOTE,DML_TYPE,CHANGED_COLUMNS) values (173,to_timestamp('17-NOV-25 12.22.04.892522000 PM','DD-MON-RR HH.MI.SSXFF AM'),'ADMIN','ntdmi','DESKTOP-RE4E4P9\DESKTOP-RE4E4P9','WebAPI-WEB','ROLE_ADMIN','1',null,'APP','STOCK_OUT','AUD_STOCK_OUT_INSERT','00ad60e4-1bb6-4ff5-9a1f-6121013ce3d8','Unauthorized DML detected via policy AUD_STOCK_OUT_INSERT',null,null);
Insert into APP.AUDIT_ALERT_LOG (LOG_ID,EVENT_TS,DB_USER,OS_USER,MACHINE,MODULE,APP_ROLE,EMP_ID,CUSTOMER_PHONE,OBJECT_SCHEMA,OBJECT_NAME,POLICY_NAME,CLIENT_IDENTIFIER,NOTE,DML_TYPE,CHANGED_COLUMNS) values (174,to_timestamp('17-NOV-25 12.22.04.894501000 PM','DD-MON-RR HH.MI.SSXFF AM'),'ADMIN','ntdmi','DESKTOP-RE4E4P9\DESKTOP-RE4E4P9','WebAPI-WEB','ROLE_ADMIN','1',null,'ADMIN','STOCK_OUT','AUD_STOCK_OUT_INSERT','00ad60e4-1bb6-4ff5-9a1f-6121013ce3d8','INSERT operation on STOCK_OUT','INSERT',null);
Insert into APP.AUDIT_ALERT_LOG (LOG_ID,EVENT_TS,DB_USER,OS_USER,MACHINE,MODULE,APP_ROLE,EMP_ID,CUSTOMER_PHONE,OBJECT_SCHEMA,OBJECT_NAME,POLICY_NAME,CLIENT_IDENTIFIER,NOTE,DML_TYPE,CHANGED_COLUMNS) values (175,to_timestamp('17-NOV-25 12.22.04.918939000 PM','DD-MON-RR HH.MI.SSXFF AM'),'ADMIN','ntdmi','DESKTOP-RE4E4P9\DESKTOP-RE4E4P9','WebAPI-WEB','ROLE_ADMIN','1',null,'APP','STOCK_OUT_ITEM','AUD_STOCK_OUT_ITEM_INSERT','00ad60e4-1bb6-4ff5-9a1f-6121013ce3d8','Unauthorized DML detected via policy AUD_STOCK_OUT_ITEM_INSERT',null,null);
Insert into APP.AUDIT_ALERT_LOG (LOG_ID,EVENT_TS,DB_USER,OS_USER,MACHINE,MODULE,APP_ROLE,EMP_ID,CUSTOMER_PHONE,OBJECT_SCHEMA,OBJECT_NAME,POLICY_NAME,CLIENT_IDENTIFIER,NOTE,DML_TYPE,CHANGED_COLUMNS) values (176,to_timestamp('17-NOV-25 12.22.04.920620000 PM','DD-MON-RR HH.MI.SSXFF AM'),'ADMIN','ntdmi','DESKTOP-RE4E4P9\DESKTOP-RE4E4P9','WebAPI-WEB','ROLE_ADMIN','1',null,'ADMIN','STOCK_OUT_ITEM','AUD_STOCK_OUT_ITEM_INSERT','00ad60e4-1bb6-4ff5-9a1f-6121013ce3d8','INSERT operation on STOCK_OUT_ITEM','INSERT',null);
Insert into APP.AUDIT_ALERT_LOG (LOG_ID,EVENT_TS,DB_USER,OS_USER,MACHINE,MODULE,APP_ROLE,EMP_ID,CUSTOMER_PHONE,OBJECT_SCHEMA,OBJECT_NAME,POLICY_NAME,CLIENT_IDENTIFIER,NOTE,DML_TYPE,CHANGED_COLUMNS) values (177,to_timestamp('17-NOV-25 12.22.04.923917000 PM','DD-MON-RR HH.MI.SSXFF AM'),'ADMIN','ntdmi','DESKTOP-RE4E4P9\DESKTOP-RE4E4P9','WebAPI-WEB','ROLE_ADMIN','1',null,'APP','PART','AUD_PART_UPDATE','00ad60e4-1bb6-4ff5-9a1f-6121013ce3d8','Unauthorized DML detected via policy AUD_PART_UPDATE',null,null);
Insert into APP.AUDIT_ALERT_LOG (LOG_ID,EVENT_TS,DB_USER,OS_USER,MACHINE,MODULE,APP_ROLE,EMP_ID,CUSTOMER_PHONE,OBJECT_SCHEMA,OBJECT_NAME,POLICY_NAME,CLIENT_IDENTIFIER,NOTE,DML_TYPE,CHANGED_COLUMNS) values (178,to_timestamp('17-NOV-25 12.22.04.925426000 PM','DD-MON-RR HH.MI.SSXFF AM'),'ADMIN','ntdmi','DESKTOP-RE4E4P9\DESKTOP-RE4E4P9','WebAPI-WEB','ROLE_ADMIN','1',null,'ADMIN','PART','AUD_PART_UPDATE','00ad60e4-1bb6-4ff5-9a1f-6121013ce3d8','UPDATE operation on PART - Changed: STATUS','UPDATE','STATUS');
Insert into APP.AUDIT_ALERT_LOG (LOG_ID,EVENT_TS,DB_USER,OS_USER,MACHINE,MODULE,APP_ROLE,EMP_ID,CUSTOMER_PHONE,OBJECT_SCHEMA,OBJECT_NAME,POLICY_NAME,CLIENT_IDENTIFIER,NOTE,DML_TYPE,CHANGED_COLUMNS) values (179,to_timestamp('17-NOV-25 12.22.04.931883000 PM','DD-MON-RR HH.MI.SSXFF AM'),'ADMIN','ntdmi','DESKTOP-RE4E4P9\DESKTOP-RE4E4P9','WebAPI-WEB','ROLE_ADMIN','1',null,'APP','ORDERS','AUD_ORDERS_UPDATE','00ad60e4-1bb6-4ff5-9a1f-6121013ce3d8','Unauthorized DML detected via policy AUD_ORDERS_UPDATE',null,null);
Insert into APP.AUDIT_ALERT_LOG (LOG_ID,EVENT_TS,DB_USER,OS_USER,MACHINE,MODULE,APP_ROLE,EMP_ID,CUSTOMER_PHONE,OBJECT_SCHEMA,OBJECT_NAME,POLICY_NAME,CLIENT_IDENTIFIER,NOTE,DML_TYPE,CHANGED_COLUMNS) values (43,to_timestamp('14-NOV-25 07.44.46.007676000 AM','DD-MON-RR HH.MI.SSXFF AM'),'ADMIN','ntdmi','DESKTOP-RE4E4P9\DESKTOP-RE4E4P9','WebAPI-WEB','ROLE_ADMIN','1',null,'APP','PART','AUD_PART_UPDATE','1b660d4f-8faf-4ca5-bbbf-9e219c0b786c','Unauthorized DML detected via policy AUD_PART_UPDATE',null,null);
Insert into APP.AUDIT_ALERT_LOG (LOG_ID,EVENT_TS,DB_USER,OS_USER,MACHINE,MODULE,APP_ROLE,EMP_ID,CUSTOMER_PHONE,OBJECT_SCHEMA,OBJECT_NAME,POLICY_NAME,CLIENT_IDENTIFIER,NOTE,DML_TYPE,CHANGED_COLUMNS) values (44,to_timestamp('14-NOV-25 07.46.20.210308000 AM','DD-MON-RR HH.MI.SSXFF AM'),'ADMIN','ntdmi','DESKTOP-RE4E4P9\DESKTOP-RE4E4P9','WebAPI-WEB','ROLE_ADMIN','1',null,'APP','EMPLOYEE','AUD_EMPLOYEE_INSERT','1b660d4f-8faf-4ca5-bbbf-9e219c0b786c','Unauthorized DML detected via policy AUD_EMPLOYEE_INSERT',null,null);
Insert into APP.AUDIT_ALERT_LOG (LOG_ID,EVENT_TS,DB_USER,OS_USER,MACHINE,MODULE,APP_ROLE,EMP_ID,CUSTOMER_PHONE,OBJECT_SCHEMA,OBJECT_NAME,POLICY_NAME,CLIENT_IDENTIFIER,NOTE,DML_TYPE,CHANGED_COLUMNS) values (45,to_timestamp('14-NOV-25 07.59.50.025348000 AM','DD-MON-RR HH.MI.SSXFF AM'),'ADMIN','ntdmi','DESKTOP-RE4E4P9\DESKTOP-RE4E4P9','WebAPI-WEB','ROLE_ADMIN','1',null,'APP','PART_REQUEST','AUD_PART_REQUEST_UPDATE','1b660d4f-8faf-4ca5-bbbf-9e219c0b786c','Unauthorized DML detected via policy AUD_PART_REQUEST_UPDATE',null,null);
Insert into APP.AUDIT_ALERT_LOG (LOG_ID,EVENT_TS,DB_USER,OS_USER,MACHINE,MODULE,APP_ROLE,EMP_ID,CUSTOMER_PHONE,OBJECT_SCHEMA,OBJECT_NAME,POLICY_NAME,CLIENT_IDENTIFIER,NOTE,DML_TYPE,CHANGED_COLUMNS) values (46,to_timestamp('14-NOV-25 07.59.50.027430000 AM','DD-MON-RR HH.MI.SSXFF AM'),'ADMIN','ntdmi','DESKTOP-RE4E4P9\DESKTOP-RE4E4P9','WebAPI-WEB','ROLE_ADMIN','1',null,'ADMIN','PART_REQUEST','AUD_PART_REQUEST_UPDATE','1b660d4f-8faf-4ca5-bbbf-9e219c0b786c','UPDATE operation on PART_REQUEST - Changed: STATUS','UPDATE','STATUS');
Insert into APP.AUDIT_ALERT_LOG (LOG_ID,EVENT_TS,DB_USER,OS_USER,MACHINE,MODULE,APP_ROLE,EMP_ID,CUSTOMER_PHONE,OBJECT_SCHEMA,OBJECT_NAME,POLICY_NAME,CLIENT_IDENTIFIER,NOTE,DML_TYPE,CHANGED_COLUMNS) values (47,to_timestamp('14-NOV-25 07.59.50.034640000 AM','DD-MON-RR HH.MI.SSXFF AM'),'ADMIN','ntdmi','DESKTOP-RE4E4P9\DESKTOP-RE4E4P9','WebAPI-WEB','ROLE_ADMIN','1',null,'APP','PART','AUD_PART_UPDATE','1b660d4f-8faf-4ca5-bbbf-9e219c0b786c','Unauthorized DML detected via policy AUD_PART_UPDATE',null,null);
Insert into APP.AUDIT_ALERT_LOG (LOG_ID,EVENT_TS,DB_USER,OS_USER,MACHINE,MODULE,APP_ROLE,EMP_ID,CUSTOMER_PHONE,OBJECT_SCHEMA,OBJECT_NAME,POLICY_NAME,CLIENT_IDENTIFIER,NOTE,DML_TYPE,CHANGED_COLUMNS) values (48,to_timestamp('14-NOV-25 07.59.50.035527000 AM','DD-MON-RR HH.MI.SSXFF AM'),'ADMIN','ntdmi','DESKTOP-RE4E4P9\DESKTOP-RE4E4P9','WebAPI-WEB','ROLE_ADMIN','1',null,'ADMIN','PART','AUD_PART_UPDATE','1b660d4f-8faf-4ca5-bbbf-9e219c0b786c','UPDATE operation on PART - Changed: STATUS,ORDER_ID','UPDATE','STATUS,ORDER_ID');
Insert into APP.AUDIT_ALERT_LOG (LOG_ID,EVENT_TS,DB_USER,OS_USER,MACHINE,MODULE,APP_ROLE,EMP_ID,CUSTOMER_PHONE,OBJECT_SCHEMA,OBJECT_NAME,POLICY_NAME,CLIENT_IDENTIFIER,NOTE,DML_TYPE,CHANGED_COLUMNS) values (49,to_timestamp('14-NOV-25 08.28.27.694103000 AM','DD-MON-RR HH.MI.SSXFF AM'),'ADMIN','ntdmi','DESKTOP-RE4E4P9\DESKTOP-RE4E4P9','WebAPI-WEB','ROLE_ADMIN','1',null,'APP','EMPLOYEE','AUD_EMPLOYEE_INSERT','8f5b8e6d-2c10-49d6-83b5-0baa47003c25','Unauthorized DML detected via policy AUD_EMPLOYEE_INSERT',null,null);
Insert into APP.AUDIT_ALERT_LOG (LOG_ID,EVENT_TS,DB_USER,OS_USER,MACHINE,MODULE,APP_ROLE,EMP_ID,CUSTOMER_PHONE,OBJECT_SCHEMA,OBJECT_NAME,POLICY_NAME,CLIENT_IDENTIFIER,NOTE,DML_TYPE,CHANGED_COLUMNS) values (50,to_timestamp('14-NOV-25 08.28.27.697905000 AM','DD-MON-RR HH.MI.SSXFF AM'),'ADMIN','ntdmi','DESKTOP-RE4E4P9\DESKTOP-RE4E4P9','WebAPI-WEB','ROLE_ADMIN','1',null,'ADMIN','EMPLOYEE','AUD_EMPLOYEE_INSERT','8f5b8e6d-2c10-49d6-83b5-0baa47003c25','INSERT operation on EMPLOYEE','INSERT',null);
Insert into APP.AUDIT_ALERT_LOG (LOG_ID,EVENT_TS,DB_USER,OS_USER,MACHINE,MODULE,APP_ROLE,EMP_ID,CUSTOMER_PHONE,OBJECT_SCHEMA,OBJECT_NAME,POLICY_NAME,CLIENT_IDENTIFIER,NOTE,DML_TYPE,CHANGED_COLUMNS) values (51,to_timestamp('14-NOV-25 08.29.20.715764000 AM','DD-MON-RR HH.MI.SSXFF AM'),'1','ntdmi','DESKTOP-RE4E4P9\DESKTOP-RE4E4P9','WebAPI-WEB','ROLE_KHACHHANG',null,'1','APP','CUSTOMER_APPOINTMENT','AUD_CUSTOMER_APPOINTMENT_INSERT','6949d39f-7a3a-4c16-9354-b45e7cd88de6','Unauthorized DML detected via policy AUD_CUSTOMER_APPOINTMENT_INSERT',null,null);
Insert into APP.AUDIT_ALERT_LOG (LOG_ID,EVENT_TS,DB_USER,OS_USER,MACHINE,MODULE,APP_ROLE,EMP_ID,CUSTOMER_PHONE,OBJECT_SCHEMA,OBJECT_NAME,POLICY_NAME,CLIENT_IDENTIFIER,NOTE,DML_TYPE,CHANGED_COLUMNS) values (52,to_timestamp('14-NOV-25 08.29.20.718151000 AM','DD-MON-RR HH.MI.SSXFF AM'),'1','ntdmi','DESKTOP-RE4E4P9\DESKTOP-RE4E4P9','WebAPI-WEB','ROLE_KHACHHANG',null,'1','1','CUSTOMER_APPOINTMENT','AUD_CUSTOMER_APPOINTMENT_INSERT','6949d39f-7a3a-4c16-9354-b45e7cd88de6','INSERT operation on CUSTOMER_APPOINTMENT','INSERT',null);
Insert into APP.AUDIT_ALERT_LOG (LOG_ID,EVENT_TS,DB_USER,OS_USER,MACHINE,MODULE,APP_ROLE,EMP_ID,CUSTOMER_PHONE,OBJECT_SCHEMA,OBJECT_NAME,POLICY_NAME,CLIENT_IDENTIFIER,NOTE,DML_TYPE,CHANGED_COLUMNS) values (53,to_timestamp('14-NOV-25 08.54.18.048514000 AM','DD-MON-RR HH.MI.SSXFF AM'),'1','ntdmi','DESKTOP-RE4E4P9\DESKTOP-RE4E4P9','WebAPI-MOBILE','ROLE_KHACHHANG',null,'1','APP','CUSTOMER_APPOINTMENT','AUD_CUSTOMER_APPOINTMENT_INSERT','1ac25666-c75b-4e5b-8290-8b47f7d82932','Unauthorized DML detected via policy AUD_CUSTOMER_APPOINTMENT_INSERT',null,null);
Insert into APP.AUDIT_ALERT_LOG (LOG_ID,EVENT_TS,DB_USER,OS_USER,MACHINE,MODULE,APP_ROLE,EMP_ID,CUSTOMER_PHONE,OBJECT_SCHEMA,OBJECT_NAME,POLICY_NAME,CLIENT_IDENTIFIER,NOTE,DML_TYPE,CHANGED_COLUMNS) values (54,to_timestamp('14-NOV-25 08.54.18.072343000 AM','DD-MON-RR HH.MI.SSXFF AM'),'1','ntdmi','DESKTOP-RE4E4P9\DESKTOP-RE4E4P9','WebAPI-MOBILE','ROLE_KHACHHANG',null,'1','1','CUSTOMER_APPOINTMENT','AUD_CUSTOMER_APPOINTMENT_INSERT','1ac25666-c75b-4e5b-8290-8b47f7d82932','INSERT operation on CUSTOMER_APPOINTMENT','INSERT',null);
Insert into APP.AUDIT_ALERT_LOG (LOG_ID,EVENT_TS,DB_USER,OS_USER,MACHINE,MODULE,APP_ROLE,EMP_ID,CUSTOMER_PHONE,OBJECT_SCHEMA,OBJECT_NAME,POLICY_NAME,CLIENT_IDENTIFIER,NOTE,DML_TYPE,CHANGED_COLUMNS) values (55,to_timestamp('14-NOV-25 09.14.16.786599000 AM','DD-MON-RR HH.MI.SSXFF AM'),'APP','ntdmi','DESKTOP-RE4E4P9\DESKTOP-RE4E4P9','WebAPI.exe','ROLE_UNKNOWN',null,null,'APP','CUSTOMER','AUD_CUSTOMER_INSERT',null,'Unauthorized DML detected via policy AUD_CUSTOMER_INSERT',null,null);
Insert into APP.AUDIT_ALERT_LOG (LOG_ID,EVENT_TS,DB_USER,OS_USER,MACHINE,MODULE,APP_ROLE,EMP_ID,CUSTOMER_PHONE,OBJECT_SCHEMA,OBJECT_NAME,POLICY_NAME,CLIENT_IDENTIFIER,NOTE,DML_TYPE,CHANGED_COLUMNS) values (56,to_timestamp('14-NOV-25 09.14.16.789123000 AM','DD-MON-RR HH.MI.SSXFF AM'),'APP','ntdmi','DESKTOP-RE4E4P9\DESKTOP-RE4E4P9','WebAPI.exe','ROLE_UNKNOWN',null,null,'APP','CUSTOMER','AUD_CUSTOMER_INSERT',null,'INSERT operation on CUSTOMER','INSERT',null);
Insert into APP.AUDIT_ALERT_LOG (LOG_ID,EVENT_TS,DB_USER,OS_USER,MACHINE,MODULE,APP_ROLE,EMP_ID,CUSTOMER_PHONE,OBJECT_SCHEMA,OBJECT_NAME,POLICY_NAME,CLIENT_IDENTIFIER,NOTE,DML_TYPE,CHANGED_COLUMNS) values (57,to_timestamp('14-NOV-25 09.22.17.445982000 AM','DD-MON-RR HH.MI.SSXFF AM'),'2','ntdmi','DESKTOP-RE4E4P9\DESKTOP-RE4E4P9','WebAPI-MOBILE','ROLE_KHACHHANG',null,'2','APP','CUSTOMER','AUD_CUSTOMER_UPDATE','8a4bdcb0-e2a5-4e9d-be54-0affe29e3ab4','Unauthorized DML detected via policy AUD_CUSTOMER_UPDATE',null,null);
Insert into APP.AUDIT_ALERT_LOG (LOG_ID,EVENT_TS,DB_USER,OS_USER,MACHINE,MODULE,APP_ROLE,EMP_ID,CUSTOMER_PHONE,OBJECT_SCHEMA,OBJECT_NAME,POLICY_NAME,CLIENT_IDENTIFIER,NOTE,DML_TYPE,CHANGED_COLUMNS) values (58,to_timestamp('14-NOV-25 09.22.17.453457000 AM','DD-MON-RR HH.MI.SSXFF AM'),'2','ntdmi','DESKTOP-RE4E4P9\DESKTOP-RE4E4P9','WebAPI-MOBILE','ROLE_KHACHHANG',null,'2','2','CUSTOMER','AUD_CUSTOMER_UPDATE','8a4bdcb0-e2a5-4e9d-be54-0affe29e3ab4','UPDATE operation on CUSTOMER - Changed: ','UPDATE',null);
Insert into APP.AUDIT_ALERT_LOG (LOG_ID,EVENT_TS,DB_USER,OS_USER,MACHINE,MODULE,APP_ROLE,EMP_ID,CUSTOMER_PHONE,OBJECT_SCHEMA,OBJECT_NAME,POLICY_NAME,CLIENT_IDENTIFIER,NOTE,DML_TYPE,CHANGED_COLUMNS) values (41,to_timestamp('14-NOV-25 07.44.45.974114000 AM','DD-MON-RR HH.MI.SSXFF AM'),'ADMIN','ntdmi','DESKTOP-RE4E4P9\DESKTOP-RE4E4P9','WebAPI-WEB','ROLE_ADMIN','1',null,'APP','PART_REQUEST','AUD_PART_REQUEST_INSERT','1b660d4f-8faf-4ca5-bbbf-9e219c0b786c','Unauthorized DML detected via policy AUD_PART_REQUEST_INSERT',null,null);
Insert into APP.AUDIT_ALERT_LOG (LOG_ID,EVENT_TS,DB_USER,OS_USER,MACHINE,MODULE,APP_ROLE,EMP_ID,CUSTOMER_PHONE,OBJECT_SCHEMA,OBJECT_NAME,POLICY_NAME,CLIENT_IDENTIFIER,NOTE,DML_TYPE,CHANGED_COLUMNS) values (42,to_timestamp('14-NOV-25 07.44.45.998286000 AM','DD-MON-RR HH.MI.SSXFF AM'),'ADMIN','ntdmi','DESKTOP-RE4E4P9\DESKTOP-RE4E4P9','WebAPI-WEB','ROLE_ADMIN','1',null,'APP','PART_REQUEST_ITEM','AUD_PART_REQUEST_ITEM_INSERT','1b660d4f-8faf-4ca5-bbbf-9e219c0b786c','Unauthorized DML detected via policy AUD_PART_REQUEST_ITEM_INSERT',null,null);
Insert into APP.AUDIT_ALERT_LOG (LOG_ID,EVENT_TS,DB_USER,OS_USER,MACHINE,MODULE,APP_ROLE,EMP_ID,CUSTOMER_PHONE,OBJECT_SCHEMA,OBJECT_NAME,POLICY_NAME,CLIENT_IDENTIFIER,NOTE,DML_TYPE,CHANGED_COLUMNS) values (101,to_timestamp('15-NOV-25 06.46.27.285712000 PM','DD-MON-RR HH.MI.SSXFF AM'),'ADMIN','ntdmi','DESKTOP-RE4E4P9\DESKTOP-RE4E4P9','WebAPI-WEB','ROLE_ADMIN','1',null,'APP','STOCK_OUT','AUD_STOCK_OUT_INSERT','68a51ef4-7d90-4925-9f38-909b36675712','Unauthorized DML detected via policy AUD_STOCK_OUT_INSERT',null,null);
Insert into APP.AUDIT_ALERT_LOG (LOG_ID,EVENT_TS,DB_USER,OS_USER,MACHINE,MODULE,APP_ROLE,EMP_ID,CUSTOMER_PHONE,OBJECT_SCHEMA,OBJECT_NAME,POLICY_NAME,CLIENT_IDENTIFIER,NOTE,DML_TYPE,CHANGED_COLUMNS) values (99,to_timestamp('15-NOV-25 06.46.08.748213000 PM','DD-MON-RR HH.MI.SSXFF AM'),'ADMIN','ntdmi','DESKTOP-RE4E4P9\DESKTOP-RE4E4P9','WebAPI-WEB','ROLE_ADMIN','1',null,'APP','PART','AUD_PART_UPDATE','68a51ef4-7d90-4925-9f38-909b36675712','Unauthorized DML detected via policy AUD_PART_UPDATE',null,null);
Insert into APP.AUDIT_ALERT_LOG (LOG_ID,EVENT_TS,DB_USER,OS_USER,MACHINE,MODULE,APP_ROLE,EMP_ID,CUSTOMER_PHONE,OBJECT_SCHEMA,OBJECT_NAME,POLICY_NAME,CLIENT_IDENTIFIER,NOTE,DML_TYPE,CHANGED_COLUMNS) values (107,to_timestamp('15-NOV-25 06.47.00.047564000 PM','DD-MON-RR HH.MI.SSXFF AM'),'ADMIN','ntdmi','DESKTOP-RE4E4P9\DESKTOP-RE4E4P9','WebAPI-WEB','ROLE_ADMIN','1',null,'APP','STOCK_OUT','AUD_STOCK_OUT_INSERT','68a51ef4-7d90-4925-9f38-909b36675712','Unauthorized DML detected via policy AUD_STOCK_OUT_INSERT',null,null);
Insert into APP.AUDIT_ALERT_LOG (LOG_ID,EVENT_TS,DB_USER,OS_USER,MACHINE,MODULE,APP_ROLE,EMP_ID,CUSTOMER_PHONE,OBJECT_SCHEMA,OBJECT_NAME,POLICY_NAME,CLIENT_IDENTIFIER,NOTE,DML_TYPE,CHANGED_COLUMNS) values (103,to_timestamp('15-NOV-25 06.46.27.287685000 PM','DD-MON-RR HH.MI.SSXFF AM'),'ADMIN','ntdmi','DESKTOP-RE4E4P9\DESKTOP-RE4E4P9','WebAPI-WEB','ROLE_ADMIN','1',null,'APP','STOCK_OUT_ITEM','AUD_STOCK_OUT_ITEM_INSERT','68a51ef4-7d90-4925-9f38-909b36675712','Unauthorized DML detected via policy AUD_STOCK_OUT_ITEM_INSERT',null,null);
Insert into APP.AUDIT_ALERT_LOG (LOG_ID,EVENT_TS,DB_USER,OS_USER,MACHINE,MODULE,APP_ROLE,EMP_ID,CUSTOMER_PHONE,OBJECT_SCHEMA,OBJECT_NAME,POLICY_NAME,CLIENT_IDENTIFIER,NOTE,DML_TYPE,CHANGED_COLUMNS) values (113,to_timestamp('15-NOV-25 06.49.30.589920000 PM','DD-MON-RR HH.MI.SSXFF AM'),'ADMIN','ntdmi','DESKTOP-RE4E4P9\DESKTOP-RE4E4P9','WebAPI-WEB','ROLE_ADMIN','1',null,'APP','STOCK_OUT','AUD_STOCK_OUT_INSERT','68a51ef4-7d90-4925-9f38-909b36675712','Unauthorized DML detected via policy AUD_STOCK_OUT_INSERT',null,null);
Insert into APP.AUDIT_ALERT_LOG (LOG_ID,EVENT_TS,DB_USER,OS_USER,MACHINE,MODULE,APP_ROLE,EMP_ID,CUSTOMER_PHONE,OBJECT_SCHEMA,OBJECT_NAME,POLICY_NAME,CLIENT_IDENTIFIER,NOTE,DML_TYPE,CHANGED_COLUMNS) values (105,to_timestamp('15-NOV-25 06.46.27.289069000 PM','DD-MON-RR HH.MI.SSXFF AM'),'ADMIN','ntdmi','DESKTOP-RE4E4P9\DESKTOP-RE4E4P9','WebAPI-WEB','ROLE_ADMIN','1',null,'APP','PART','AUD_PART_UPDATE','68a51ef4-7d90-4925-9f38-909b36675712','Unauthorized DML detected via policy AUD_PART_UPDATE',null,null);
Insert into APP.AUDIT_ALERT_LOG (LOG_ID,EVENT_TS,DB_USER,OS_USER,MACHINE,MODULE,APP_ROLE,EMP_ID,CUSTOMER_PHONE,OBJECT_SCHEMA,OBJECT_NAME,POLICY_NAME,CLIENT_IDENTIFIER,NOTE,DML_TYPE,CHANGED_COLUMNS) values (109,to_timestamp('15-NOV-25 06.47.00.050845000 PM','DD-MON-RR HH.MI.SSXFF AM'),'ADMIN','ntdmi','DESKTOP-RE4E4P9\DESKTOP-RE4E4P9','WebAPI-WEB','ROLE_ADMIN','1',null,'APP','STOCK_OUT_ITEM','AUD_STOCK_OUT_ITEM_INSERT','68a51ef4-7d90-4925-9f38-909b36675712','Unauthorized DML detected via policy AUD_STOCK_OUT_ITEM_INSERT',null,null);
Insert into APP.AUDIT_ALERT_LOG (LOG_ID,EVENT_TS,DB_USER,OS_USER,MACHINE,MODULE,APP_ROLE,EMP_ID,CUSTOMER_PHONE,OBJECT_SCHEMA,OBJECT_NAME,POLICY_NAME,CLIENT_IDENTIFIER,NOTE,DML_TYPE,CHANGED_COLUMNS) values (114,to_timestamp('15-NOV-25 06.49.30.590971000 PM','DD-MON-RR HH.MI.SSXFF AM'),'ADMIN','ntdmi','DESKTOP-RE4E4P9\DESKTOP-RE4E4P9','WebAPI-WEB','ROLE_ADMIN','1',null,'ADMIN','STOCK_OUT','AUD_STOCK_OUT_INSERT','68a51ef4-7d90-4925-9f38-909b36675712','INSERT operation on STOCK_OUT','INSERT',null);
Insert into APP.AUDIT_ALERT_LOG (LOG_ID,EVENT_TS,DB_USER,OS_USER,MACHINE,MODULE,APP_ROLE,EMP_ID,CUSTOMER_PHONE,OBJECT_SCHEMA,OBJECT_NAME,POLICY_NAME,CLIENT_IDENTIFIER,NOTE,DML_TYPE,CHANGED_COLUMNS) values (111,to_timestamp('15-NOV-25 06.47.00.054108000 PM','DD-MON-RR HH.MI.SSXFF AM'),'ADMIN','ntdmi','DESKTOP-RE4E4P9\DESKTOP-RE4E4P9','WebAPI-WEB','ROLE_ADMIN','1',null,'APP','PART','AUD_PART_UPDATE','68a51ef4-7d90-4925-9f38-909b36675712','Unauthorized DML detected via policy AUD_PART_UPDATE',null,null);
Insert into APP.AUDIT_ALERT_LOG (LOG_ID,EVENT_TS,DB_USER,OS_USER,MACHINE,MODULE,APP_ROLE,EMP_ID,CUSTOMER_PHONE,OBJECT_SCHEMA,OBJECT_NAME,POLICY_NAME,CLIENT_IDENTIFIER,NOTE,DML_TYPE,CHANGED_COLUMNS) values (115,to_timestamp('15-NOV-25 06.49.30.594005000 PM','DD-MON-RR HH.MI.SSXFF AM'),'ADMIN','ntdmi','DESKTOP-RE4E4P9\DESKTOP-RE4E4P9','WebAPI-WEB','ROLE_ADMIN','1',null,'APP','STOCK_OUT_ITEM','AUD_STOCK_OUT_ITEM_INSERT','68a51ef4-7d90-4925-9f38-909b36675712','Unauthorized DML detected via policy AUD_STOCK_OUT_ITEM_INSERT',null,null);
Insert into APP.AUDIT_ALERT_LOG (LOG_ID,EVENT_TS,DB_USER,OS_USER,MACHINE,MODULE,APP_ROLE,EMP_ID,CUSTOMER_PHONE,OBJECT_SCHEMA,OBJECT_NAME,POLICY_NAME,CLIENT_IDENTIFIER,NOTE,DML_TYPE,CHANGED_COLUMNS) values (116,to_timestamp('15-NOV-25 06.49.30.595239000 PM','DD-MON-RR HH.MI.SSXFF AM'),'ADMIN','ntdmi','DESKTOP-RE4E4P9\DESKTOP-RE4E4P9','WebAPI-WEB','ROLE_ADMIN','1',null,'ADMIN','STOCK_OUT_ITEM','AUD_STOCK_OUT_ITEM_INSERT','68a51ef4-7d90-4925-9f38-909b36675712','INSERT operation on STOCK_OUT_ITEM','INSERT',null);
Insert into APP.AUDIT_ALERT_LOG (LOG_ID,EVENT_TS,DB_USER,OS_USER,MACHINE,MODULE,APP_ROLE,EMP_ID,CUSTOMER_PHONE,OBJECT_SCHEMA,OBJECT_NAME,POLICY_NAME,CLIENT_IDENTIFIER,NOTE,DML_TYPE,CHANGED_COLUMNS) values (117,to_timestamp('15-NOV-25 06.49.30.597876000 PM','DD-MON-RR HH.MI.SSXFF AM'),'ADMIN','ntdmi','DESKTOP-RE4E4P9\DESKTOP-RE4E4P9','WebAPI-WEB','ROLE_ADMIN','1',null,'APP','PART','AUD_PART_UPDATE','68a51ef4-7d90-4925-9f38-909b36675712','Unauthorized DML detected via policy AUD_PART_UPDATE',null,null);
Insert into APP.AUDIT_ALERT_LOG (LOG_ID,EVENT_TS,DB_USER,OS_USER,MACHINE,MODULE,APP_ROLE,EMP_ID,CUSTOMER_PHONE,OBJECT_SCHEMA,OBJECT_NAME,POLICY_NAME,CLIENT_IDENTIFIER,NOTE,DML_TYPE,CHANGED_COLUMNS) values (118,to_timestamp('15-NOV-25 06.49.30.599039000 PM','DD-MON-RR HH.MI.SSXFF AM'),'ADMIN','ntdmi','DESKTOP-RE4E4P9\DESKTOP-RE4E4P9','WebAPI-WEB','ROLE_ADMIN','1',null,'ADMIN','PART','AUD_PART_UPDATE','68a51ef4-7d90-4925-9f38-909b36675712','UPDATE operation on PART - Changed: STATUS','UPDATE','STATUS');
Insert into APP.AUDIT_ALERT_LOG (LOG_ID,EVENT_TS,DB_USER,OS_USER,MACHINE,MODULE,APP_ROLE,EMP_ID,CUSTOMER_PHONE,OBJECT_SCHEMA,OBJECT_NAME,POLICY_NAME,CLIENT_IDENTIFIER,NOTE,DML_TYPE,CHANGED_COLUMNS) values (119,to_timestamp('15-NOV-25 06.49.30.612736000 PM','DD-MON-RR HH.MI.SSXFF AM'),'ADMIN','ntdmi','DESKTOP-RE4E4P9\DESKTOP-RE4E4P9','WebAPI-WEB','ROLE_ADMIN','1',null,'APP','ORDERS','AUD_ORDERS_UPDATE','68a51ef4-7d90-4925-9f38-909b36675712','Unauthorized DML detected via policy AUD_ORDERS_UPDATE',null,null);
Insert into APP.AUDIT_ALERT_LOG (LOG_ID,EVENT_TS,DB_USER,OS_USER,MACHINE,MODULE,APP_ROLE,EMP_ID,CUSTOMER_PHONE,OBJECT_SCHEMA,OBJECT_NAME,POLICY_NAME,CLIENT_IDENTIFIER,NOTE,DML_TYPE,CHANGED_COLUMNS) values (120,to_timestamp('15-NOV-25 06.49.30.613233000 PM','DD-MON-RR HH.MI.SSXFF AM'),'ADMIN','ntdmi','DESKTOP-RE4E4P9\DESKTOP-RE4E4P9','WebAPI-WEB','ROLE_ADMIN','1',null,'ADMIN','ORDERS','AUD_ORDERS_UPDATE','68a51ef4-7d90-4925-9f38-909b36675712','UPDATE operation on ORDERS - Changed: STATUS','UPDATE','STATUS');
Insert into APP.AUDIT_ALERT_LOG (LOG_ID,EVENT_TS,DB_USER,OS_USER,MACHINE,MODULE,APP_ROLE,EMP_ID,CUSTOMER_PHONE,OBJECT_SCHEMA,OBJECT_NAME,POLICY_NAME,CLIENT_IDENTIFIER,NOTE,DML_TYPE,CHANGED_COLUMNS) values (121,to_timestamp('15-NOV-25 06.49.30.746584000 PM','DD-MON-RR HH.MI.SSXFF AM'),'ADMIN','ntdmi','DESKTOP-RE4E4P9\DESKTOP-RE4E4P9','WebAPI-WEB','ROLE_ADMIN','1',null,'APP','STOCK_OUT','AUD_STOCK_OUT_UPDATE','68a51ef4-7d90-4925-9f38-909b36675712','Unauthorized DML detected via policy AUD_STOCK_OUT_UPDATE',null,null);
Insert into APP.AUDIT_ALERT_LOG (LOG_ID,EVENT_TS,DB_USER,OS_USER,MACHINE,MODULE,APP_ROLE,EMP_ID,CUSTOMER_PHONE,OBJECT_SCHEMA,OBJECT_NAME,POLICY_NAME,CLIENT_IDENTIFIER,NOTE,DML_TYPE,CHANGED_COLUMNS) values (122,to_timestamp('15-NOV-25 06.49.30.750234000 PM','DD-MON-RR HH.MI.SSXFF AM'),'ADMIN','ntdmi','DESKTOP-RE4E4P9\DESKTOP-RE4E4P9','WebAPI-WEB','ROLE_ADMIN','1',null,'ADMIN','STOCK_OUT','AUD_STOCK_OUT_UPDATE','68a51ef4-7d90-4925-9f38-909b36675712','UPDATE operation on STOCK_OUT - Changed: ','UPDATE',null);
Insert into APP.AUDIT_ALERT_LOG (LOG_ID,EVENT_TS,DB_USER,OS_USER,MACHINE,MODULE,APP_ROLE,EMP_ID,CUSTOMER_PHONE,OBJECT_SCHEMA,OBJECT_NAME,POLICY_NAME,CLIENT_IDENTIFIER,NOTE,DML_TYPE,CHANGED_COLUMNS) values (123,to_timestamp('15-NOV-25 06.49.30.860116000 PM','DD-MON-RR HH.MI.SSXFF AM'),'ADMIN','ntdmi','DESKTOP-RE4E4P9\DESKTOP-RE4E4P9','WebAPI-WEB','ROLE_ADMIN','1',null,'APP','INVOICE','AUD_INVOICE_INSERT','68a51ef4-7d90-4925-9f38-909b36675712','Unauthorized DML detected via policy AUD_INVOICE_INSERT',null,null);
Insert into APP.AUDIT_ALERT_LOG (LOG_ID,EVENT_TS,DB_USER,OS_USER,MACHINE,MODULE,APP_ROLE,EMP_ID,CUSTOMER_PHONE,OBJECT_SCHEMA,OBJECT_NAME,POLICY_NAME,CLIENT_IDENTIFIER,NOTE,DML_TYPE,CHANGED_COLUMNS) values (124,to_timestamp('15-NOV-25 06.49.30.861172000 PM','DD-MON-RR HH.MI.SSXFF AM'),'ADMIN','ntdmi','DESKTOP-RE4E4P9\DESKTOP-RE4E4P9','WebAPI-WEB','ROLE_ADMIN','1',null,'ADMIN','INVOICE','AUD_INVOICE_INSERT','68a51ef4-7d90-4925-9f38-909b36675712','INSERT operation on INVOICE','INSERT',null);
Insert into APP.AUDIT_ALERT_LOG (LOG_ID,EVENT_TS,DB_USER,OS_USER,MACHINE,MODULE,APP_ROLE,EMP_ID,CUSTOMER_PHONE,OBJECT_SCHEMA,OBJECT_NAME,POLICY_NAME,CLIENT_IDENTIFIER,NOTE,DML_TYPE,CHANGED_COLUMNS) values (125,to_timestamp('15-NOV-25 06.49.30.898242000 PM','DD-MON-RR HH.MI.SSXFF AM'),'ADMIN','ntdmi','DESKTOP-RE4E4P9\DESKTOP-RE4E4P9','WebAPI-WEB','ROLE_ADMIN','1',null,'APP','INVOICE_ITEM','AUD_INVOICE_ITEM_INSERT','68a51ef4-7d90-4925-9f38-909b36675712','Unauthorized DML detected via policy AUD_INVOICE_ITEM_INSERT',null,null);
Insert into APP.AUDIT_ALERT_LOG (LOG_ID,EVENT_TS,DB_USER,OS_USER,MACHINE,MODULE,APP_ROLE,EMP_ID,CUSTOMER_PHONE,OBJECT_SCHEMA,OBJECT_NAME,POLICY_NAME,CLIENT_IDENTIFIER,NOTE,DML_TYPE,CHANGED_COLUMNS) values (126,to_timestamp('15-NOV-25 06.49.30.900078000 PM','DD-MON-RR HH.MI.SSXFF AM'),'ADMIN','ntdmi','DESKTOP-RE4E4P9\DESKTOP-RE4E4P9','WebAPI-WEB','ROLE_ADMIN','1',null,'ADMIN','INVOICE_ITEM','AUD_INVOICE_ITEM_INSERT','68a51ef4-7d90-4925-9f38-909b36675712','INSERT operation on INVOICE_ITEM','INSERT',null);
Insert into APP.AUDIT_ALERT_LOG (LOG_ID,EVENT_TS,DB_USER,OS_USER,MACHINE,MODULE,APP_ROLE,EMP_ID,CUSTOMER_PHONE,OBJECT_SCHEMA,OBJECT_NAME,POLICY_NAME,CLIENT_IDENTIFIER,NOTE,DML_TYPE,CHANGED_COLUMNS) values (127,to_timestamp('15-NOV-25 06.49.30.973195000 PM','DD-MON-RR HH.MI.SSXFF AM'),'ADMIN','ntdmi','DESKTOP-RE4E4P9\DESKTOP-RE4E4P9','WebAPI-WEB','ROLE_ADMIN','1',null,'APP','INVOICE','AUD_INVOICE_UPDATE','68a51ef4-7d90-4925-9f38-909b36675712','Unauthorized DML detected via policy AUD_INVOICE_UPDATE',null,null);
Insert into APP.AUDIT_ALERT_LOG (LOG_ID,EVENT_TS,DB_USER,OS_USER,MACHINE,MODULE,APP_ROLE,EMP_ID,CUSTOMER_PHONE,OBJECT_SCHEMA,OBJECT_NAME,POLICY_NAME,CLIENT_IDENTIFIER,NOTE,DML_TYPE,CHANGED_COLUMNS) values (128,to_timestamp('15-NOV-25 06.49.30.973891000 PM','DD-MON-RR HH.MI.SSXFF AM'),'ADMIN','ntdmi','DESKTOP-RE4E4P9\DESKTOP-RE4E4P9','WebAPI-WEB','ROLE_ADMIN','1',null,'ADMIN','INVOICE','AUD_INVOICE_UPDATE','68a51ef4-7d90-4925-9f38-909b36675712','UPDATE operation on INVOICE - Changed: ','UPDATE',null);
Insert into APP.AUDIT_ALERT_LOG (LOG_ID,EVENT_TS,DB_USER,OS_USER,MACHINE,MODULE,APP_ROLE,EMP_ID,CUSTOMER_PHONE,OBJECT_SCHEMA,OBJECT_NAME,POLICY_NAME,CLIENT_IDENTIFIER,NOTE,DML_TYPE,CHANGED_COLUMNS) values (129,to_timestamp('15-NOV-25 06.49.55.768187000 PM','DD-MON-RR HH.MI.SSXFF AM'),'ADMIN','ntdmi','DESKTOP-RE4E4P9\DESKTOP-RE4E4P9','WebAPI-WEB','ROLE_ADMIN','1',null,'APP','STOCK_OUT','AUD_STOCK_OUT_UPDATE','68a51ef4-7d90-4925-9f38-909b36675712','Unauthorized DML detected via policy AUD_STOCK_OUT_UPDATE',null,null);
Insert into APP.AUDIT_ALERT_LOG (LOG_ID,EVENT_TS,DB_USER,OS_USER,MACHINE,MODULE,APP_ROLE,EMP_ID,CUSTOMER_PHONE,OBJECT_SCHEMA,OBJECT_NAME,POLICY_NAME,CLIENT_IDENTIFIER,NOTE,DML_TYPE,CHANGED_COLUMNS) values (130,to_timestamp('15-NOV-25 06.49.55.774531000 PM','DD-MON-RR HH.MI.SSXFF AM'),'ADMIN','ntdmi','DESKTOP-RE4E4P9\DESKTOP-RE4E4P9','WebAPI-WEB','ROLE_ADMIN','1',null,'ADMIN','STOCK_OUT','AUD_STOCK_OUT_UPDATE','68a51ef4-7d90-4925-9f38-909b36675712','UPDATE operation on STOCK_OUT - Changed: ','UPDATE',null);
Insert into APP.AUDIT_ALERT_LOG (LOG_ID,EVENT_TS,DB_USER,OS_USER,MACHINE,MODULE,APP_ROLE,EMP_ID,CUSTOMER_PHONE,OBJECT_SCHEMA,OBJECT_NAME,POLICY_NAME,CLIENT_IDENTIFIER,NOTE,DML_TYPE,CHANGED_COLUMNS) values (131,to_timestamp('15-NOV-25 06.49.56.857533000 PM','DD-MON-RR HH.MI.SSXFF AM'),'ADMIN','ntdmi','DESKTOP-RE4E4P9\DESKTOP-RE4E4P9','WebAPI-WEB','ROLE_ADMIN','1',null,'APP','INVOICE','AUD_INVOICE_UPDATE','68a51ef4-7d90-4925-9f38-909b36675712','Unauthorized DML detected via policy AUD_INVOICE_UPDATE',null,null);
Insert into APP.AUDIT_ALERT_LOG (LOG_ID,EVENT_TS,DB_USER,OS_USER,MACHINE,MODULE,APP_ROLE,EMP_ID,CUSTOMER_PHONE,OBJECT_SCHEMA,OBJECT_NAME,POLICY_NAME,CLIENT_IDENTIFIER,NOTE,DML_TYPE,CHANGED_COLUMNS) values (132,to_timestamp('15-NOV-25 06.49.56.858412000 PM','DD-MON-RR HH.MI.SSXFF AM'),'ADMIN','ntdmi','DESKTOP-RE4E4P9\DESKTOP-RE4E4P9','WebAPI-WEB','ROLE_ADMIN','1',null,'ADMIN','INVOICE','AUD_INVOICE_UPDATE','68a51ef4-7d90-4925-9f38-909b36675712','UPDATE operation on INVOICE - Changed: ','UPDATE',null);
Insert into APP.AUDIT_ALERT_LOG (LOG_ID,EVENT_TS,DB_USER,OS_USER,MACHINE,MODULE,APP_ROLE,EMP_ID,CUSTOMER_PHONE,OBJECT_SCHEMA,OBJECT_NAME,POLICY_NAME,CLIENT_IDENTIFIER,NOTE,DML_TYPE,CHANGED_COLUMNS) values (133,to_timestamp('15-NOV-25 06.51.47.183117000 PM','DD-MON-RR HH.MI.SSXFF AM'),'ADMIN','ntdmi','DESKTOP-RE4E4P9\DESKTOP-RE4E4P9','WebAPI-WEB','ROLE_ADMIN','1',null,'APP','STOCK_IN','AUD_STOCK_IN_INSERT','efb651f0-20ce-4318-a79e-01c8e824ce48','Unauthorized DML detected via policy AUD_STOCK_IN_INSERT',null,null);
Insert into APP.AUDIT_ALERT_LOG (LOG_ID,EVENT_TS,DB_USER,OS_USER,MACHINE,MODULE,APP_ROLE,EMP_ID,CUSTOMER_PHONE,OBJECT_SCHEMA,OBJECT_NAME,POLICY_NAME,CLIENT_IDENTIFIER,NOTE,DML_TYPE,CHANGED_COLUMNS) values (134,to_timestamp('15-NOV-25 06.51.47.185297000 PM','DD-MON-RR HH.MI.SSXFF AM'),'ADMIN','ntdmi','DESKTOP-RE4E4P9\DESKTOP-RE4E4P9','WebAPI-WEB','ROLE_ADMIN','1',null,'ADMIN','STOCK_IN','AUD_STOCK_IN_INSERT','efb651f0-20ce-4318-a79e-01c8e824ce48','INSERT operation on STOCK_IN','INSERT',null);
Insert into APP.AUDIT_ALERT_LOG (LOG_ID,EVENT_TS,DB_USER,OS_USER,MACHINE,MODULE,APP_ROLE,EMP_ID,CUSTOMER_PHONE,OBJECT_SCHEMA,OBJECT_NAME,POLICY_NAME,CLIENT_IDENTIFIER,NOTE,DML_TYPE,CHANGED_COLUMNS) values (135,to_timestamp('15-NOV-25 06.51.47.191737000 PM','DD-MON-RR HH.MI.SSXFF AM'),'ADMIN','ntdmi','DESKTOP-RE4E4P9\DESKTOP-RE4E4P9','WebAPI-WEB','ROLE_ADMIN','1',null,'APP','STOCK_IN_ITEM','AUD_STOCK_IN_ITEM_INSERT','efb651f0-20ce-4318-a79e-01c8e824ce48','Unauthorized DML detected via policy AUD_STOCK_IN_ITEM_INSERT',null,null);
Insert into APP.AUDIT_ALERT_LOG (LOG_ID,EVENT_TS,DB_USER,OS_USER,MACHINE,MODULE,APP_ROLE,EMP_ID,CUSTOMER_PHONE,OBJECT_SCHEMA,OBJECT_NAME,POLICY_NAME,CLIENT_IDENTIFIER,NOTE,DML_TYPE,CHANGED_COLUMNS) values (136,to_timestamp('15-NOV-25 06.51.47.192374000 PM','DD-MON-RR HH.MI.SSXFF AM'),'ADMIN','ntdmi','DESKTOP-RE4E4P9\DESKTOP-RE4E4P9','WebAPI-WEB','ROLE_ADMIN','1',null,'ADMIN','STOCK_IN_ITEM','AUD_STOCK_IN_ITEM_INSERT','efb651f0-20ce-4318-a79e-01c8e824ce48','INSERT operation on STOCK_IN_ITEM','INSERT',null);
Insert into APP.AUDIT_ALERT_LOG (LOG_ID,EVENT_TS,DB_USER,OS_USER,MACHINE,MODULE,APP_ROLE,EMP_ID,CUSTOMER_PHONE,OBJECT_SCHEMA,OBJECT_NAME,POLICY_NAME,CLIENT_IDENTIFIER,NOTE,DML_TYPE,CHANGED_COLUMNS) values (137,to_timestamp('15-NOV-25 06.51.47.202705000 PM','DD-MON-RR HH.MI.SSXFF AM'),'ADMIN','ntdmi','DESKTOP-RE4E4P9\DESKTOP-RE4E4P9','WebAPI-WEB','ROLE_ADMIN','1',null,'APP','PART','AUD_PART_INSERT','efb651f0-20ce-4318-a79e-01c8e824ce48','Unauthorized DML detected via policy AUD_PART_INSERT',null,null);
Insert into APP.AUDIT_ALERT_LOG (LOG_ID,EVENT_TS,DB_USER,OS_USER,MACHINE,MODULE,APP_ROLE,EMP_ID,CUSTOMER_PHONE,OBJECT_SCHEMA,OBJECT_NAME,POLICY_NAME,CLIENT_IDENTIFIER,NOTE,DML_TYPE,CHANGED_COLUMNS) values (138,to_timestamp('15-NOV-25 06.51.47.203396000 PM','DD-MON-RR HH.MI.SSXFF AM'),'ADMIN','ntdmi','DESKTOP-RE4E4P9\DESKTOP-RE4E4P9','WebAPI-WEB','ROLE_ADMIN','1',null,'ADMIN','PART','AUD_PART_INSERT','efb651f0-20ce-4318-a79e-01c8e824ce48','INSERT operation on PART','INSERT',null);
Insert into APP.AUDIT_ALERT_LOG (LOG_ID,EVENT_TS,DB_USER,OS_USER,MACHINE,MODULE,APP_ROLE,EMP_ID,CUSTOMER_PHONE,OBJECT_SCHEMA,OBJECT_NAME,POLICY_NAME,CLIENT_IDENTIFIER,NOTE,DML_TYPE,CHANGED_COLUMNS) values (139,to_timestamp('15-NOV-25 06.51.47.258855000 PM','DD-MON-RR HH.MI.SSXFF AM'),'ADMIN','ntdmi','DESKTOP-RE4E4P9\DESKTOP-RE4E4P9','WebAPI-WEB','ROLE_ADMIN','1',null,'APP','STOCK_IN','AUD_STOCK_IN_UPDATE','efb651f0-20ce-4318-a79e-01c8e824ce48','Unauthorized DML detected via policy AUD_STOCK_IN_UPDATE',null,null);
Insert into APP.AUDIT_ALERT_LOG (LOG_ID,EVENT_TS,DB_USER,OS_USER,MACHINE,MODULE,APP_ROLE,EMP_ID,CUSTOMER_PHONE,OBJECT_SCHEMA,OBJECT_NAME,POLICY_NAME,CLIENT_IDENTIFIER,NOTE,DML_TYPE,CHANGED_COLUMNS) values (140,to_timestamp('15-NOV-25 06.51.47.259568000 PM','DD-MON-RR HH.MI.SSXFF AM'),'ADMIN','ntdmi','DESKTOP-RE4E4P9\DESKTOP-RE4E4P9','WebAPI-WEB','ROLE_ADMIN','1',null,'ADMIN','STOCK_IN','AUD_STOCK_IN_UPDATE','efb651f0-20ce-4318-a79e-01c8e824ce48','UPDATE operation on STOCK_IN - Changed: ','UPDATE',null);
Insert into APP.AUDIT_ALERT_LOG (LOG_ID,EVENT_TS,DB_USER,OS_USER,MACHINE,MODULE,APP_ROLE,EMP_ID,CUSTOMER_PHONE,OBJECT_SCHEMA,OBJECT_NAME,POLICY_NAME,CLIENT_IDENTIFIER,NOTE,DML_TYPE,CHANGED_COLUMNS) values (141,to_timestamp('15-NOV-25 06.52.05.064294000 PM','DD-MON-RR HH.MI.SSXFF AM'),'ADMIN','ntdmi','DESKTOP-RE4E4P9\DESKTOP-RE4E4P9','WebAPI-WEB','ROLE_ADMIN','1',null,'APP','STOCK_IN','AUD_STOCK_IN_UPDATE','efb651f0-20ce-4318-a79e-01c8e824ce48','Unauthorized DML detected via policy AUD_STOCK_IN_UPDATE',null,null);
Insert into APP.AUDIT_ALERT_LOG (LOG_ID,EVENT_TS,DB_USER,OS_USER,MACHINE,MODULE,APP_ROLE,EMP_ID,CUSTOMER_PHONE,OBJECT_SCHEMA,OBJECT_NAME,POLICY_NAME,CLIENT_IDENTIFIER,NOTE,DML_TYPE,CHANGED_COLUMNS) values (142,to_timestamp('15-NOV-25 06.52.05.066531000 PM','DD-MON-RR HH.MI.SSXFF AM'),'ADMIN','ntdmi','DESKTOP-RE4E4P9\DESKTOP-RE4E4P9','WebAPI-WEB','ROLE_ADMIN','1',null,'ADMIN','STOCK_IN','AUD_STOCK_IN_UPDATE','efb651f0-20ce-4318-a79e-01c8e824ce48','UPDATE operation on STOCK_IN - Changed: ','UPDATE',null);
Insert into APP.AUDIT_ALERT_LOG (LOG_ID,EVENT_TS,DB_USER,OS_USER,MACHINE,MODULE,APP_ROLE,EMP_ID,CUSTOMER_PHONE,OBJECT_SCHEMA,OBJECT_NAME,POLICY_NAME,CLIENT_IDENTIFIER,NOTE,DML_TYPE,CHANGED_COLUMNS) values (161,to_timestamp('17-NOV-25 12.21.28.836544000 PM','DD-MON-RR HH.MI.SSXFF AM'),'ADMIN','ntdmi','DESKTOP-RE4E4P9\DESKTOP-RE4E4P9','WebAPI-WEB','ROLE_ADMIN','1',null,'APP','ORDERS','AUD_ORDERS_INSERT','00ad60e4-1bb6-4ff5-9a1f-6121013ce3d8','Unauthorized DML detected via policy AUD_ORDERS_INSERT',null,null);
Insert into APP.AUDIT_ALERT_LOG (LOG_ID,EVENT_TS,DB_USER,OS_USER,MACHINE,MODULE,APP_ROLE,EMP_ID,CUSTOMER_PHONE,OBJECT_SCHEMA,OBJECT_NAME,POLICY_NAME,CLIENT_IDENTIFIER,NOTE,DML_TYPE,CHANGED_COLUMNS) values (163,to_timestamp('17-NOV-25 12.21.36.083679000 PM','DD-MON-RR HH.MI.SSXFF AM'),'ADMIN','ntdmi','DESKTOP-RE4E4P9\DESKTOP-RE4E4P9','WebAPI-WEB','ROLE_ADMIN','1',null,'APP','PART_REQUEST','AUD_PART_REQUEST_INSERT','00ad60e4-1bb6-4ff5-9a1f-6121013ce3d8','Unauthorized DML detected via policy AUD_PART_REQUEST_INSERT',null,null);
Insert into APP.AUDIT_ALERT_LOG (LOG_ID,EVENT_TS,DB_USER,OS_USER,MACHINE,MODULE,APP_ROLE,EMP_ID,CUSTOMER_PHONE,OBJECT_SCHEMA,OBJECT_NAME,POLICY_NAME,CLIENT_IDENTIFIER,NOTE,DML_TYPE,CHANGED_COLUMNS) values (165,to_timestamp('17-NOV-25 12.21.36.114465000 PM','DD-MON-RR HH.MI.SSXFF AM'),'ADMIN','ntdmi','DESKTOP-RE4E4P9\DESKTOP-RE4E4P9','WebAPI-WEB','ROLE_ADMIN','1',null,'APP','PART_REQUEST_ITEM','AUD_PART_REQUEST_ITEM_INSERT','00ad60e4-1bb6-4ff5-9a1f-6121013ce3d8','Unauthorized DML detected via policy AUD_PART_REQUEST_ITEM_INSERT',null,null);
Insert into APP.AUDIT_ALERT_LOG (LOG_ID,EVENT_TS,DB_USER,OS_USER,MACHINE,MODULE,APP_ROLE,EMP_ID,CUSTOMER_PHONE,OBJECT_SCHEMA,OBJECT_NAME,POLICY_NAME,CLIENT_IDENTIFIER,NOTE,DML_TYPE,CHANGED_COLUMNS) values (239,to_timestamp('18-NOV-25 02.24.49.925333000 PM','DD-MON-RR HH.MI.SSXFF AM'),'ADMIN','ntdmi','DESKTOP-RE4E4P9\DESKTOP-RE4E4P9','WebAPI-WEB','ROLE_ADMIN','1',null,'APP','ORDERS','AUD_ORDERS_UPDATE','226fadf1-240c-45c2-b833-634e2e94d385','Unauthorized DML detected via policy AUD_ORDERS_UPDATE',null,null);
Insert into APP.AUDIT_ALERT_LOG (LOG_ID,EVENT_TS,DB_USER,OS_USER,MACHINE,MODULE,APP_ROLE,EMP_ID,CUSTOMER_PHONE,OBJECT_SCHEMA,OBJECT_NAME,POLICY_NAME,CLIENT_IDENTIFIER,NOTE,DML_TYPE,CHANGED_COLUMNS) values (240,to_timestamp('18-NOV-25 02.24.49.928119000 PM','DD-MON-RR HH.MI.SSXFF AM'),'ADMIN','ntdmi','DESKTOP-RE4E4P9\DESKTOP-RE4E4P9','WebAPI-WEB','ROLE_ADMIN','1',null,'ADMIN','ORDERS','AUD_ORDERS_UPDATE','226fadf1-240c-45c2-b833-634e2e94d385','UPDATE operation on ORDERS - Changed: STATUS','UPDATE','STATUS');
Insert into APP.AUDIT_ALERT_LOG (LOG_ID,EVENT_TS,DB_USER,OS_USER,MACHINE,MODULE,APP_ROLE,EMP_ID,CUSTOMER_PHONE,OBJECT_SCHEMA,OBJECT_NAME,POLICY_NAME,CLIENT_IDENTIFIER,NOTE,DML_TYPE,CHANGED_COLUMNS) values (241,to_timestamp('18-NOV-25 02.24.54.276795000 PM','DD-MON-RR HH.MI.SSXFF AM'),'ADMIN','ntdmi','DESKTOP-RE4E4P9\DESKTOP-RE4E4P9','WebAPI-WEB','ROLE_ADMIN','1',null,'APP','STOCK_OUT','AUD_STOCK_OUT_UPDATE','226fadf1-240c-45c2-b833-634e2e94d385','Unauthorized DML detected via policy AUD_STOCK_OUT_UPDATE',null,null);
Insert into APP.AUDIT_ALERT_LOG (LOG_ID,EVENT_TS,DB_USER,OS_USER,MACHINE,MODULE,APP_ROLE,EMP_ID,CUSTOMER_PHONE,OBJECT_SCHEMA,OBJECT_NAME,POLICY_NAME,CLIENT_IDENTIFIER,NOTE,DML_TYPE,CHANGED_COLUMNS) values (242,to_timestamp('18-NOV-25 02.24.54.277950000 PM','DD-MON-RR HH.MI.SSXFF AM'),'ADMIN','ntdmi','DESKTOP-RE4E4P9\DESKTOP-RE4E4P9','WebAPI-WEB','ROLE_ADMIN','1',null,'ADMIN','STOCK_OUT','AUD_STOCK_OUT_UPDATE','226fadf1-240c-45c2-b833-634e2e94d385','UPDATE operation on STOCK_OUT - Changed: ','UPDATE',null);
Insert into APP.AUDIT_ALERT_LOG (LOG_ID,EVENT_TS,DB_USER,OS_USER,MACHINE,MODULE,APP_ROLE,EMP_ID,CUSTOMER_PHONE,OBJECT_SCHEMA,OBJECT_NAME,POLICY_NAME,CLIENT_IDENTIFIER,NOTE,DML_TYPE,CHANGED_COLUMNS) values (243,to_timestamp('18-NOV-25 02.24.54.335324000 PM','DD-MON-RR HH.MI.SSXFF AM'),'ADMIN','ntdmi','DESKTOP-RE4E4P9\DESKTOP-RE4E4P9','WebAPI-WEB','ROLE_ADMIN','1',null,'APP','INVOICE','AUD_INVOICE_INSERT','226fadf1-240c-45c2-b833-634e2e94d385','Unauthorized DML detected via policy AUD_INVOICE_INSERT',null,null);
Insert into APP.AUDIT_ALERT_LOG (LOG_ID,EVENT_TS,DB_USER,OS_USER,MACHINE,MODULE,APP_ROLE,EMP_ID,CUSTOMER_PHONE,OBJECT_SCHEMA,OBJECT_NAME,POLICY_NAME,CLIENT_IDENTIFIER,NOTE,DML_TYPE,CHANGED_COLUMNS) values (244,to_timestamp('18-NOV-25 02.24.54.336704000 PM','DD-MON-RR HH.MI.SSXFF AM'),'ADMIN','ntdmi','DESKTOP-RE4E4P9\DESKTOP-RE4E4P9','WebAPI-WEB','ROLE_ADMIN','1',null,'ADMIN','INVOICE','AUD_INVOICE_INSERT','226fadf1-240c-45c2-b833-634e2e94d385','INSERT operation on INVOICE','INSERT',null);
Insert into APP.AUDIT_ALERT_LOG (LOG_ID,EVENT_TS,DB_USER,OS_USER,MACHINE,MODULE,APP_ROLE,EMP_ID,CUSTOMER_PHONE,OBJECT_SCHEMA,OBJECT_NAME,POLICY_NAME,CLIENT_IDENTIFIER,NOTE,DML_TYPE,CHANGED_COLUMNS) values (245,to_timestamp('18-NOV-25 02.24.54.370863000 PM','DD-MON-RR HH.MI.SSXFF AM'),'ADMIN','ntdmi','DESKTOP-RE4E4P9\DESKTOP-RE4E4P9','WebAPI-WEB','ROLE_ADMIN','1',null,'APP','INVOICE_ITEM','AUD_INVOICE_ITEM_INSERT','226fadf1-240c-45c2-b833-634e2e94d385','Unauthorized DML detected via policy AUD_INVOICE_ITEM_INSERT',null,null);
Insert into APP.AUDIT_ALERT_LOG (LOG_ID,EVENT_TS,DB_USER,OS_USER,MACHINE,MODULE,APP_ROLE,EMP_ID,CUSTOMER_PHONE,OBJECT_SCHEMA,OBJECT_NAME,POLICY_NAME,CLIENT_IDENTIFIER,NOTE,DML_TYPE,CHANGED_COLUMNS) values (246,to_timestamp('18-NOV-25 02.24.54.372285000 PM','DD-MON-RR HH.MI.SSXFF AM'),'ADMIN','ntdmi','DESKTOP-RE4E4P9\DESKTOP-RE4E4P9','WebAPI-WEB','ROLE_ADMIN','1',null,'ADMIN','INVOICE_ITEM','AUD_INVOICE_ITEM_INSERT','226fadf1-240c-45c2-b833-634e2e94d385','INSERT operation on INVOICE_ITEM','INSERT',null);
Insert into APP.AUDIT_ALERT_LOG (LOG_ID,EVENT_TS,DB_USER,OS_USER,MACHINE,MODULE,APP_ROLE,EMP_ID,CUSTOMER_PHONE,OBJECT_SCHEMA,OBJECT_NAME,POLICY_NAME,CLIENT_IDENTIFIER,NOTE,DML_TYPE,CHANGED_COLUMNS) values (247,to_timestamp('18-NOV-25 02.24.54.462422000 PM','DD-MON-RR HH.MI.SSXFF AM'),'ADMIN','ntdmi','DESKTOP-RE4E4P9\DESKTOP-RE4E4P9','WebAPI-WEB','ROLE_ADMIN','1',null,'APP','INVOICE','AUD_INVOICE_UPDATE','226fadf1-240c-45c2-b833-634e2e94d385','Unauthorized DML detected via policy AUD_INVOICE_UPDATE',null,null);
Insert into APP.AUDIT_ALERT_LOG (LOG_ID,EVENT_TS,DB_USER,OS_USER,MACHINE,MODULE,APP_ROLE,EMP_ID,CUSTOMER_PHONE,OBJECT_SCHEMA,OBJECT_NAME,POLICY_NAME,CLIENT_IDENTIFIER,NOTE,DML_TYPE,CHANGED_COLUMNS) values (248,to_timestamp('18-NOV-25 02.24.54.463948000 PM','DD-MON-RR HH.MI.SSXFF AM'),'ADMIN','ntdmi','DESKTOP-RE4E4P9\DESKTOP-RE4E4P9','WebAPI-WEB','ROLE_ADMIN','1',null,'ADMIN','INVOICE','AUD_INVOICE_UPDATE','226fadf1-240c-45c2-b833-634e2e94d385','UPDATE operation on INVOICE - Changed: ','UPDATE',null);
Insert into APP.AUDIT_ALERT_LOG (LOG_ID,EVENT_TS,DB_USER,OS_USER,MACHINE,MODULE,APP_ROLE,EMP_ID,CUSTOMER_PHONE,OBJECT_SCHEMA,OBJECT_NAME,POLICY_NAME,CLIENT_IDENTIFIER,NOTE,DML_TYPE,CHANGED_COLUMNS) values (249,to_timestamp('18-NOV-25 02.25.16.149543000 PM','DD-MON-RR HH.MI.SSXFF AM'),'ADMIN','ntdmi','DESKTOP-RE4E4P9\DESKTOP-RE4E4P9','WebAPI-WEB','ROLE_ADMIN','1',null,'APP','STOCK_OUT','AUD_STOCK_OUT_UPDATE','226fadf1-240c-45c2-b833-634e2e94d385','Unauthorized DML detected via policy AUD_STOCK_OUT_UPDATE',null,null);
Insert into APP.AUDIT_ALERT_LOG (LOG_ID,EVENT_TS,DB_USER,OS_USER,MACHINE,MODULE,APP_ROLE,EMP_ID,CUSTOMER_PHONE,OBJECT_SCHEMA,OBJECT_NAME,POLICY_NAME,CLIENT_IDENTIFIER,NOTE,DML_TYPE,CHANGED_COLUMNS) values (250,to_timestamp('18-NOV-25 02.25.16.150222000 PM','DD-MON-RR HH.MI.SSXFF AM'),'ADMIN','ntdmi','DESKTOP-RE4E4P9\DESKTOP-RE4E4P9','WebAPI-WEB','ROLE_ADMIN','1',null,'ADMIN','STOCK_OUT','AUD_STOCK_OUT_UPDATE','226fadf1-240c-45c2-b833-634e2e94d385','UPDATE operation on STOCK_OUT - Changed: ','UPDATE',null);
Insert into APP.AUDIT_ALERT_LOG (LOG_ID,EVENT_TS,DB_USER,OS_USER,MACHINE,MODULE,APP_ROLE,EMP_ID,CUSTOMER_PHONE,OBJECT_SCHEMA,OBJECT_NAME,POLICY_NAME,CLIENT_IDENTIFIER,NOTE,DML_TYPE,CHANGED_COLUMNS) values (251,to_timestamp('18-NOV-25 02.25.16.841718000 PM','DD-MON-RR HH.MI.SSXFF AM'),'ADMIN','ntdmi','DESKTOP-RE4E4P9\DESKTOP-RE4E4P9','WebAPI-WEB','ROLE_ADMIN','1',null,'APP','INVOICE','AUD_INVOICE_UPDATE','226fadf1-240c-45c2-b833-634e2e94d385','Unauthorized DML detected via policy AUD_INVOICE_UPDATE',null,null);
Insert into APP.AUDIT_ALERT_LOG (LOG_ID,EVENT_TS,DB_USER,OS_USER,MACHINE,MODULE,APP_ROLE,EMP_ID,CUSTOMER_PHONE,OBJECT_SCHEMA,OBJECT_NAME,POLICY_NAME,CLIENT_IDENTIFIER,NOTE,DML_TYPE,CHANGED_COLUMNS) values (252,to_timestamp('18-NOV-25 02.25.16.842975000 PM','DD-MON-RR HH.MI.SSXFF AM'),'ADMIN','ntdmi','DESKTOP-RE4E4P9\DESKTOP-RE4E4P9','WebAPI-WEB','ROLE_ADMIN','1',null,'ADMIN','INVOICE','AUD_INVOICE_UPDATE','226fadf1-240c-45c2-b833-634e2e94d385','UPDATE operation on INVOICE - Changed: ','UPDATE',null);
Insert into APP.AUDIT_ALERT_LOG (LOG_ID,EVENT_TS,DB_USER,OS_USER,MACHINE,MODULE,APP_ROLE,EMP_ID,CUSTOMER_PHONE,OBJECT_SCHEMA,OBJECT_NAME,POLICY_NAME,CLIENT_IDENTIFIER,NOTE,DML_TYPE,CHANGED_COLUMNS) values (261,to_timestamp('20-NOV-25 01.35.35.764730000 PM','DD-MON-RR HH.MI.SSXFF AM'),'ADMIN','ntdmi','DESKTOP-RE4E4P9\DESKTOP-RE4E4P9','WebAPI-WEB','ROLE_ADMIN','1',null,'ADMIN','ORDERS','AUD_ORDERS_INSERT','178655f4-c72f-4022-928c-6bf52bb05685','INSERT operation on ORDERS','INSERT',null);
Insert into APP.AUDIT_ALERT_LOG (LOG_ID,EVENT_TS,DB_USER,OS_USER,MACHINE,MODULE,APP_ROLE,EMP_ID,CUSTOMER_PHONE,OBJECT_SCHEMA,OBJECT_NAME,POLICY_NAME,CLIENT_IDENTIFIER,NOTE,DML_TYPE,CHANGED_COLUMNS) values (262,to_timestamp('20-NOV-25 01.35.42.926552000 PM','DD-MON-RR HH.MI.SSXFF AM'),'ADMIN','ntdmi','DESKTOP-RE4E4P9\DESKTOP-RE4E4P9','WebAPI-WEB','ROLE_ADMIN','1',null,'ADMIN','PART_REQUEST','AUD_PART_REQUEST_INSERT','178655f4-c72f-4022-928c-6bf52bb05685','INSERT operation on PART_REQUEST','INSERT',null);
Insert into APP.AUDIT_ALERT_LOG (LOG_ID,EVENT_TS,DB_USER,OS_USER,MACHINE,MODULE,APP_ROLE,EMP_ID,CUSTOMER_PHONE,OBJECT_SCHEMA,OBJECT_NAME,POLICY_NAME,CLIENT_IDENTIFIER,NOTE,DML_TYPE,CHANGED_COLUMNS) values (263,to_timestamp('20-NOV-25 01.35.42.949921000 PM','DD-MON-RR HH.MI.SSXFF AM'),'ADMIN','ntdmi','DESKTOP-RE4E4P9\DESKTOP-RE4E4P9','WebAPI-WEB','ROLE_ADMIN','1',null,'ADMIN','PART_REQUEST_ITEM','AUD_PART_REQUEST_ITEM_INSERT','178655f4-c72f-4022-928c-6bf52bb05685','INSERT operation on PART_REQUEST_ITEM','INSERT',null);
Insert into APP.AUDIT_ALERT_LOG (LOG_ID,EVENT_TS,DB_USER,OS_USER,MACHINE,MODULE,APP_ROLE,EMP_ID,CUSTOMER_PHONE,OBJECT_SCHEMA,OBJECT_NAME,POLICY_NAME,CLIENT_IDENTIFIER,NOTE,DML_TYPE,CHANGED_COLUMNS) values (276,to_timestamp('20-NOV-25 04.51.00.046549000 PM','DD-MON-RR HH.MI.SSXFF AM'),'LBACSYS','ntdmi','DESKTOP-RE4E4P9','SQL Developer','ROLE_UNKNOWN',null,null,'LBACSYS','EMPLOYEE','AUD_EMPLOYEE_UPDATE',null,'UPDATE operation on EMPLOYEE - Changed: ','UPDATE',null);
Insert into APP.AUDIT_ALERT_LOG (LOG_ID,EVENT_TS,DB_USER,OS_USER,MACHINE,MODULE,APP_ROLE,EMP_ID,CUSTOMER_PHONE,OBJECT_SCHEMA,OBJECT_NAME,POLICY_NAME,CLIENT_IDENTIFIER,NOTE,DML_TYPE,CHANGED_COLUMNS) values (277,to_timestamp('20-NOV-25 04.54.27.707627000 PM','DD-MON-RR HH.MI.SSXFF AM'),'APP','ntdmi','DESKTOP-RE4E4P9','SQL Developer','ROLE_ADMIN',null,null,'APP','EMPLOYEE','AUD_EMPLOYEE_UPDATE',null,'UPDATE operation on EMPLOYEE - Changed: ','UPDATE',null);
Insert into APP.AUDIT_ALERT_LOG (LOG_ID,EVENT_TS,DB_USER,OS_USER,MACHINE,MODULE,APP_ROLE,EMP_ID,CUSTOMER_PHONE,OBJECT_SCHEMA,OBJECT_NAME,POLICY_NAME,CLIENT_IDENTIFIER,NOTE,DML_TYPE,CHANGED_COLUMNS) values (278,to_timestamp('20-NOV-25 04.54.27.723074000 PM','DD-MON-RR HH.MI.SSXFF AM'),'APP','ntdmi','DESKTOP-RE4E4P9','SQL Developer','ROLE_ADMIN',null,null,'APP','EMPLOYEE','AUD_EMPLOYEE_UPDATE',null,'UPDATE operation on EMPLOYEE - Changed: ','UPDATE',null);
Insert into APP.AUDIT_ALERT_LOG (LOG_ID,EVENT_TS,DB_USER,OS_USER,MACHINE,MODULE,APP_ROLE,EMP_ID,CUSTOMER_PHONE,OBJECT_SCHEMA,OBJECT_NAME,POLICY_NAME,CLIENT_IDENTIFIER,NOTE,DML_TYPE,CHANGED_COLUMNS) values (279,to_timestamp('20-NOV-25 04.54.27.736658000 PM','DD-MON-RR HH.MI.SSXFF AM'),'APP','ntdmi','DESKTOP-RE4E4P9','SQL Developer','ROLE_ADMIN',null,null,'APP','EMPLOYEE','AUD_EMPLOYEE_UPDATE',null,'UPDATE operation on EMPLOYEE - Changed: ','UPDATE',null);
Insert into APP.AUDIT_ALERT_LOG (LOG_ID,EVENT_TS,DB_USER,OS_USER,MACHINE,MODULE,APP_ROLE,EMP_ID,CUSTOMER_PHONE,OBJECT_SCHEMA,OBJECT_NAME,POLICY_NAME,CLIENT_IDENTIFIER,NOTE,DML_TYPE,CHANGED_COLUMNS) values (280,to_timestamp('20-NOV-25 04.54.27.752247000 PM','DD-MON-RR HH.MI.SSXFF AM'),'APP','ntdmi','DESKTOP-RE4E4P9','SQL Developer','ROLE_ADMIN',null,null,'APP','EMPLOYEE','AUD_EMPLOYEE_UPDATE',null,'UPDATE operation on EMPLOYEE - Changed: ','UPDATE',null);
Insert into APP.AUDIT_ALERT_LOG (LOG_ID,EVENT_TS,DB_USER,OS_USER,MACHINE,MODULE,APP_ROLE,EMP_ID,CUSTOMER_PHONE,OBJECT_SCHEMA,OBJECT_NAME,POLICY_NAME,CLIENT_IDENTIFIER,NOTE,DML_TYPE,CHANGED_COLUMNS) values (281,to_timestamp('20-NOV-25 05.08.01.228077000 PM','DD-MON-RR HH.MI.SSXFF AM'),'APP','ntdmi','DESKTOP-RE4E4P9','SQL Developer','ROLE_ADMIN',null,null,'APP','EMPLOYEE','AUD_EMPLOYEE_UPDATE',null,'UPDATE operation on EMPLOYEE - Changed: ','UPDATE',null);
Insert into APP.AUDIT_ALERT_LOG (LOG_ID,EVENT_TS,DB_USER,OS_USER,MACHINE,MODULE,APP_ROLE,EMP_ID,CUSTOMER_PHONE,OBJECT_SCHEMA,OBJECT_NAME,POLICY_NAME,CLIENT_IDENTIFIER,NOTE,DML_TYPE,CHANGED_COLUMNS) values (282,to_timestamp('20-NOV-25 05.08.01.243215000 PM','DD-MON-RR HH.MI.SSXFF AM'),'APP','ntdmi','DESKTOP-RE4E4P9','SQL Developer','ROLE_ADMIN',null,null,'APP','EMPLOYEE','AUD_EMPLOYEE_UPDATE',null,'UPDATE operation on EMPLOYEE - Changed: ','UPDATE',null);
Insert into APP.AUDIT_ALERT_LOG (LOG_ID,EVENT_TS,DB_USER,OS_USER,MACHINE,MODULE,APP_ROLE,EMP_ID,CUSTOMER_PHONE,OBJECT_SCHEMA,OBJECT_NAME,POLICY_NAME,CLIENT_IDENTIFIER,NOTE,DML_TYPE,CHANGED_COLUMNS) values (283,to_timestamp('20-NOV-25 05.08.01.255029000 PM','DD-MON-RR HH.MI.SSXFF AM'),'APP','ntdmi','DESKTOP-RE4E4P9','SQL Developer','ROLE_ADMIN',null,null,'APP','EMPLOYEE','AUD_EMPLOYEE_UPDATE',null,'UPDATE operation on EMPLOYEE - Changed: ','UPDATE',null);
Insert into APP.AUDIT_ALERT_LOG (LOG_ID,EVENT_TS,DB_USER,OS_USER,MACHINE,MODULE,APP_ROLE,EMP_ID,CUSTOMER_PHONE,OBJECT_SCHEMA,OBJECT_NAME,POLICY_NAME,CLIENT_IDENTIFIER,NOTE,DML_TYPE,CHANGED_COLUMNS) values (180,to_timestamp('17-NOV-25 12.22.04.933836000 PM','DD-MON-RR HH.MI.SSXFF AM'),'ADMIN','ntdmi','DESKTOP-RE4E4P9\DESKTOP-RE4E4P9','WebAPI-WEB','ROLE_ADMIN','1',null,'ADMIN','ORDERS','AUD_ORDERS_UPDATE','00ad60e4-1bb6-4ff5-9a1f-6121013ce3d8','UPDATE operation on ORDERS - Changed: STATUS','UPDATE','STATUS');
Insert into APP.AUDIT_ALERT_LOG (LOG_ID,EVENT_TS,DB_USER,OS_USER,MACHINE,MODULE,APP_ROLE,EMP_ID,CUSTOMER_PHONE,OBJECT_SCHEMA,OBJECT_NAME,POLICY_NAME,CLIENT_IDENTIFIER,NOTE,DML_TYPE,CHANGED_COLUMNS) values (181,to_timestamp('17-NOV-25 12.22.13.652989000 PM','DD-MON-RR HH.MI.SSXFF AM'),'ADMIN','ntdmi','DESKTOP-RE4E4P9\DESKTOP-RE4E4P9','WebAPI-WEB','ROLE_ADMIN','1',null,'APP','STOCK_OUT','AUD_STOCK_OUT_UPDATE','00ad60e4-1bb6-4ff5-9a1f-6121013ce3d8','Unauthorized DML detected via policy AUD_STOCK_OUT_UPDATE',null,null);
Insert into APP.AUDIT_ALERT_LOG (LOG_ID,EVENT_TS,DB_USER,OS_USER,MACHINE,MODULE,APP_ROLE,EMP_ID,CUSTOMER_PHONE,OBJECT_SCHEMA,OBJECT_NAME,POLICY_NAME,CLIENT_IDENTIFIER,NOTE,DML_TYPE,CHANGED_COLUMNS) values (182,to_timestamp('17-NOV-25 12.22.13.654660000 PM','DD-MON-RR HH.MI.SSXFF AM'),'ADMIN','ntdmi','DESKTOP-RE4E4P9\DESKTOP-RE4E4P9','WebAPI-WEB','ROLE_ADMIN','1',null,'ADMIN','STOCK_OUT','AUD_STOCK_OUT_UPDATE','00ad60e4-1bb6-4ff5-9a1f-6121013ce3d8','UPDATE operation on STOCK_OUT - Changed: ','UPDATE',null);
Insert into APP.AUDIT_ALERT_LOG (LOG_ID,EVENT_TS,DB_USER,OS_USER,MACHINE,MODULE,APP_ROLE,EMP_ID,CUSTOMER_PHONE,OBJECT_SCHEMA,OBJECT_NAME,POLICY_NAME,CLIENT_IDENTIFIER,NOTE,DML_TYPE,CHANGED_COLUMNS) values (183,to_timestamp('17-NOV-25 12.22.13.709213000 PM','DD-MON-RR HH.MI.SSXFF AM'),'ADMIN','ntdmi','DESKTOP-RE4E4P9\DESKTOP-RE4E4P9','WebAPI-WEB','ROLE_ADMIN','1',null,'APP','INVOICE','AUD_INVOICE_INSERT','00ad60e4-1bb6-4ff5-9a1f-6121013ce3d8','Unauthorized DML detected via policy AUD_INVOICE_INSERT',null,null);
Insert into APP.AUDIT_ALERT_LOG (LOG_ID,EVENT_TS,DB_USER,OS_USER,MACHINE,MODULE,APP_ROLE,EMP_ID,CUSTOMER_PHONE,OBJECT_SCHEMA,OBJECT_NAME,POLICY_NAME,CLIENT_IDENTIFIER,NOTE,DML_TYPE,CHANGED_COLUMNS) values (184,to_timestamp('17-NOV-25 12.22.13.713782000 PM','DD-MON-RR HH.MI.SSXFF AM'),'ADMIN','ntdmi','DESKTOP-RE4E4P9\DESKTOP-RE4E4P9','WebAPI-WEB','ROLE_ADMIN','1',null,'ADMIN','INVOICE','AUD_INVOICE_INSERT','00ad60e4-1bb6-4ff5-9a1f-6121013ce3d8','INSERT operation on INVOICE','INSERT',null);
Insert into APP.AUDIT_ALERT_LOG (LOG_ID,EVENT_TS,DB_USER,OS_USER,MACHINE,MODULE,APP_ROLE,EMP_ID,CUSTOMER_PHONE,OBJECT_SCHEMA,OBJECT_NAME,POLICY_NAME,CLIENT_IDENTIFIER,NOTE,DML_TYPE,CHANGED_COLUMNS) values (185,to_timestamp('17-NOV-25 12.22.13.752392000 PM','DD-MON-RR HH.MI.SSXFF AM'),'ADMIN','ntdmi','DESKTOP-RE4E4P9\DESKTOP-RE4E4P9','WebAPI-WEB','ROLE_ADMIN','1',null,'APP','INVOICE_ITEM','AUD_INVOICE_ITEM_INSERT','00ad60e4-1bb6-4ff5-9a1f-6121013ce3d8','Unauthorized DML detected via policy AUD_INVOICE_ITEM_INSERT',null,null);
Insert into APP.AUDIT_ALERT_LOG (LOG_ID,EVENT_TS,DB_USER,OS_USER,MACHINE,MODULE,APP_ROLE,EMP_ID,CUSTOMER_PHONE,OBJECT_SCHEMA,OBJECT_NAME,POLICY_NAME,CLIENT_IDENTIFIER,NOTE,DML_TYPE,CHANGED_COLUMNS) values (186,to_timestamp('17-NOV-25 12.22.13.754437000 PM','DD-MON-RR HH.MI.SSXFF AM'),'ADMIN','ntdmi','DESKTOP-RE4E4P9\DESKTOP-RE4E4P9','WebAPI-WEB','ROLE_ADMIN','1',null,'ADMIN','INVOICE_ITEM','AUD_INVOICE_ITEM_INSERT','00ad60e4-1bb6-4ff5-9a1f-6121013ce3d8','INSERT operation on INVOICE_ITEM','INSERT',null);
Insert into APP.AUDIT_ALERT_LOG (LOG_ID,EVENT_TS,DB_USER,OS_USER,MACHINE,MODULE,APP_ROLE,EMP_ID,CUSTOMER_PHONE,OBJECT_SCHEMA,OBJECT_NAME,POLICY_NAME,CLIENT_IDENTIFIER,NOTE,DML_TYPE,CHANGED_COLUMNS) values (187,to_timestamp('17-NOV-25 12.22.13.831214000 PM','DD-MON-RR HH.MI.SSXFF AM'),'ADMIN','ntdmi','DESKTOP-RE4E4P9\DESKTOP-RE4E4P9','WebAPI-WEB','ROLE_ADMIN','1',null,'APP','INVOICE','AUD_INVOICE_UPDATE','00ad60e4-1bb6-4ff5-9a1f-6121013ce3d8','Unauthorized DML detected via policy AUD_INVOICE_UPDATE',null,null);
Insert into APP.AUDIT_ALERT_LOG (LOG_ID,EVENT_TS,DB_USER,OS_USER,MACHINE,MODULE,APP_ROLE,EMP_ID,CUSTOMER_PHONE,OBJECT_SCHEMA,OBJECT_NAME,POLICY_NAME,CLIENT_IDENTIFIER,NOTE,DML_TYPE,CHANGED_COLUMNS) values (188,to_timestamp('17-NOV-25 12.22.13.833726000 PM','DD-MON-RR HH.MI.SSXFF AM'),'ADMIN','ntdmi','DESKTOP-RE4E4P9\DESKTOP-RE4E4P9','WebAPI-WEB','ROLE_ADMIN','1',null,'ADMIN','INVOICE','AUD_INVOICE_UPDATE','00ad60e4-1bb6-4ff5-9a1f-6121013ce3d8','UPDATE operation on INVOICE - Changed: ','UPDATE',null);
Insert into APP.AUDIT_ALERT_LOG (LOG_ID,EVENT_TS,DB_USER,OS_USER,MACHINE,MODULE,APP_ROLE,EMP_ID,CUSTOMER_PHONE,OBJECT_SCHEMA,OBJECT_NAME,POLICY_NAME,CLIENT_IDENTIFIER,NOTE,DML_TYPE,CHANGED_COLUMNS) values (189,to_timestamp('17-NOV-25 12.22.49.700555000 PM','DD-MON-RR HH.MI.SSXFF AM'),'ADMIN','ntdmi','DESKTOP-RE4E4P9\DESKTOP-RE4E4P9','WebAPI-WEB','ROLE_ADMIN','1',null,'APP','STOCK_OUT','AUD_STOCK_OUT_UPDATE','00ad60e4-1bb6-4ff5-9a1f-6121013ce3d8','Unauthorized DML detected via policy AUD_STOCK_OUT_UPDATE',null,null);
Insert into APP.AUDIT_ALERT_LOG (LOG_ID,EVENT_TS,DB_USER,OS_USER,MACHINE,MODULE,APP_ROLE,EMP_ID,CUSTOMER_PHONE,OBJECT_SCHEMA,OBJECT_NAME,POLICY_NAME,CLIENT_IDENTIFIER,NOTE,DML_TYPE,CHANGED_COLUMNS) values (190,to_timestamp('17-NOV-25 12.22.49.701403000 PM','DD-MON-RR HH.MI.SSXFF AM'),'ADMIN','ntdmi','DESKTOP-RE4E4P9\DESKTOP-RE4E4P9','WebAPI-WEB','ROLE_ADMIN','1',null,'ADMIN','STOCK_OUT','AUD_STOCK_OUT_UPDATE','00ad60e4-1bb6-4ff5-9a1f-6121013ce3d8','UPDATE operation on STOCK_OUT - Changed: ','UPDATE',null);
Insert into APP.AUDIT_ALERT_LOG (LOG_ID,EVENT_TS,DB_USER,OS_USER,MACHINE,MODULE,APP_ROLE,EMP_ID,CUSTOMER_PHONE,OBJECT_SCHEMA,OBJECT_NAME,POLICY_NAME,CLIENT_IDENTIFIER,NOTE,DML_TYPE,CHANGED_COLUMNS) values (191,to_timestamp('17-NOV-25 12.22.50.531251000 PM','DD-MON-RR HH.MI.SSXFF AM'),'ADMIN','ntdmi','DESKTOP-RE4E4P9\DESKTOP-RE4E4P9','WebAPI-WEB','ROLE_ADMIN','1',null,'APP','INVOICE','AUD_INVOICE_UPDATE','00ad60e4-1bb6-4ff5-9a1f-6121013ce3d8','Unauthorized DML detected via policy AUD_INVOICE_UPDATE',null,null);
Insert into APP.AUDIT_ALERT_LOG (LOG_ID,EVENT_TS,DB_USER,OS_USER,MACHINE,MODULE,APP_ROLE,EMP_ID,CUSTOMER_PHONE,OBJECT_SCHEMA,OBJECT_NAME,POLICY_NAME,CLIENT_IDENTIFIER,NOTE,DML_TYPE,CHANGED_COLUMNS) values (192,to_timestamp('17-NOV-25 12.22.50.534058000 PM','DD-MON-RR HH.MI.SSXFF AM'),'ADMIN','ntdmi','DESKTOP-RE4E4P9\DESKTOP-RE4E4P9','WebAPI-WEB','ROLE_ADMIN','1',null,'ADMIN','INVOICE','AUD_INVOICE_UPDATE','00ad60e4-1bb6-4ff5-9a1f-6121013ce3d8','UPDATE operation on INVOICE - Changed: ','UPDATE',null);
Insert into APP.AUDIT_ALERT_LOG (LOG_ID,EVENT_TS,DB_USER,OS_USER,MACHINE,MODULE,APP_ROLE,EMP_ID,CUSTOMER_PHONE,OBJECT_SCHEMA,OBJECT_NAME,POLICY_NAME,CLIENT_IDENTIFIER,NOTE,DML_TYPE,CHANGED_COLUMNS) values (193,to_timestamp('17-NOV-25 12.23.24.928548000 PM','DD-MON-RR HH.MI.SSXFF AM'),'ADMIN','ntdmi','DESKTOP-RE4E4P9\DESKTOP-RE4E4P9','WebAPI-WEB','ROLE_ADMIN','1',null,'APP','STOCK_IN','AUD_STOCK_IN_INSERT','00ad60e4-1bb6-4ff5-9a1f-6121013ce3d8','Unauthorized DML detected via policy AUD_STOCK_IN_INSERT',null,null);
Insert into APP.AUDIT_ALERT_LOG (LOG_ID,EVENT_TS,DB_USER,OS_USER,MACHINE,MODULE,APP_ROLE,EMP_ID,CUSTOMER_PHONE,OBJECT_SCHEMA,OBJECT_NAME,POLICY_NAME,CLIENT_IDENTIFIER,NOTE,DML_TYPE,CHANGED_COLUMNS) values (194,to_timestamp('17-NOV-25 12.23.24.930021000 PM','DD-MON-RR HH.MI.SSXFF AM'),'ADMIN','ntdmi','DESKTOP-RE4E4P9\DESKTOP-RE4E4P9','WebAPI-WEB','ROLE_ADMIN','1',null,'ADMIN','STOCK_IN','AUD_STOCK_IN_INSERT','00ad60e4-1bb6-4ff5-9a1f-6121013ce3d8','INSERT operation on STOCK_IN','INSERT',null);
Insert into APP.AUDIT_ALERT_LOG (LOG_ID,EVENT_TS,DB_USER,OS_USER,MACHINE,MODULE,APP_ROLE,EMP_ID,CUSTOMER_PHONE,OBJECT_SCHEMA,OBJECT_NAME,POLICY_NAME,CLIENT_IDENTIFIER,NOTE,DML_TYPE,CHANGED_COLUMNS) values (195,to_timestamp('17-NOV-25 12.23.25.047084000 PM','DD-MON-RR HH.MI.SSXFF AM'),'ADMIN','ntdmi','DESKTOP-RE4E4P9\DESKTOP-RE4E4P9','WebAPI-WEB','ROLE_ADMIN','1',null,'APP','STOCK_IN_ITEM','AUD_STOCK_IN_ITEM_INSERT','00ad60e4-1bb6-4ff5-9a1f-6121013ce3d8','Unauthorized DML detected via policy AUD_STOCK_IN_ITEM_INSERT',null,null);
Insert into APP.AUDIT_ALERT_LOG (LOG_ID,EVENT_TS,DB_USER,OS_USER,MACHINE,MODULE,APP_ROLE,EMP_ID,CUSTOMER_PHONE,OBJECT_SCHEMA,OBJECT_NAME,POLICY_NAME,CLIENT_IDENTIFIER,NOTE,DML_TYPE,CHANGED_COLUMNS) values (196,to_timestamp('17-NOV-25 12.23.25.050129000 PM','DD-MON-RR HH.MI.SSXFF AM'),'ADMIN','ntdmi','DESKTOP-RE4E4P9\DESKTOP-RE4E4P9','WebAPI-WEB','ROLE_ADMIN','1',null,'ADMIN','STOCK_IN_ITEM','AUD_STOCK_IN_ITEM_INSERT','00ad60e4-1bb6-4ff5-9a1f-6121013ce3d8','INSERT operation on STOCK_IN_ITEM','INSERT',null);
Insert into APP.AUDIT_ALERT_LOG (LOG_ID,EVENT_TS,DB_USER,OS_USER,MACHINE,MODULE,APP_ROLE,EMP_ID,CUSTOMER_PHONE,OBJECT_SCHEMA,OBJECT_NAME,POLICY_NAME,CLIENT_IDENTIFIER,NOTE,DML_TYPE,CHANGED_COLUMNS) values (197,to_timestamp('17-NOV-25 12.23.25.094699000 PM','DD-MON-RR HH.MI.SSXFF AM'),'ADMIN','ntdmi','DESKTOP-RE4E4P9\DESKTOP-RE4E4P9','WebAPI-WEB','ROLE_ADMIN','1',null,'APP','PART','AUD_PART_INSERT','00ad60e4-1bb6-4ff5-9a1f-6121013ce3d8','Unauthorized DML detected via policy AUD_PART_INSERT',null,null);
Insert into APP.AUDIT_ALERT_LOG (LOG_ID,EVENT_TS,DB_USER,OS_USER,MACHINE,MODULE,APP_ROLE,EMP_ID,CUSTOMER_PHONE,OBJECT_SCHEMA,OBJECT_NAME,POLICY_NAME,CLIENT_IDENTIFIER,NOTE,DML_TYPE,CHANGED_COLUMNS) values (198,to_timestamp('17-NOV-25 12.23.25.129128000 PM','DD-MON-RR HH.MI.SSXFF AM'),'ADMIN','ntdmi','DESKTOP-RE4E4P9\DESKTOP-RE4E4P9','WebAPI-WEB','ROLE_ADMIN','1',null,'ADMIN','PART','AUD_PART_INSERT','00ad60e4-1bb6-4ff5-9a1f-6121013ce3d8','INSERT operation on PART','INSERT',null);
Insert into APP.AUDIT_ALERT_LOG (LOG_ID,EVENT_TS,DB_USER,OS_USER,MACHINE,MODULE,APP_ROLE,EMP_ID,CUSTOMER_PHONE,OBJECT_SCHEMA,OBJECT_NAME,POLICY_NAME,CLIENT_IDENTIFIER,NOTE,DML_TYPE,CHANGED_COLUMNS) values (199,to_timestamp('17-NOV-25 12.23.25.625503000 PM','DD-MON-RR HH.MI.SSXFF AM'),'ADMIN','ntdmi','DESKTOP-RE4E4P9\DESKTOP-RE4E4P9','WebAPI-WEB','ROLE_ADMIN','1',null,'APP','STOCK_IN','AUD_STOCK_IN_UPDATE','00ad60e4-1bb6-4ff5-9a1f-6121013ce3d8','Unauthorized DML detected via policy AUD_STOCK_IN_UPDATE',null,null);
Insert into APP.AUDIT_ALERT_LOG (LOG_ID,EVENT_TS,DB_USER,OS_USER,MACHINE,MODULE,APP_ROLE,EMP_ID,CUSTOMER_PHONE,OBJECT_SCHEMA,OBJECT_NAME,POLICY_NAME,CLIENT_IDENTIFIER,NOTE,DML_TYPE,CHANGED_COLUMNS) values (200,to_timestamp('17-NOV-25 12.23.25.628589000 PM','DD-MON-RR HH.MI.SSXFF AM'),'ADMIN','ntdmi','DESKTOP-RE4E4P9\DESKTOP-RE4E4P9','WebAPI-WEB','ROLE_ADMIN','1',null,'ADMIN','STOCK_IN','AUD_STOCK_IN_UPDATE','00ad60e4-1bb6-4ff5-9a1f-6121013ce3d8','UPDATE operation on STOCK_IN - Changed: ','UPDATE',null);
Insert into APP.AUDIT_ALERT_LOG (LOG_ID,EVENT_TS,DB_USER,OS_USER,MACHINE,MODULE,APP_ROLE,EMP_ID,CUSTOMER_PHONE,OBJECT_SCHEMA,OBJECT_NAME,POLICY_NAME,CLIENT_IDENTIFIER,NOTE,DML_TYPE,CHANGED_COLUMNS) values (201,to_timestamp('17-NOV-25 12.23.27.674634000 PM','DD-MON-RR HH.MI.SSXFF AM'),'ADMIN','ntdmi','DESKTOP-RE4E4P9\DESKTOP-RE4E4P9','WebAPI-WEB','ROLE_ADMIN','1',null,'APP','STOCK_IN','AUD_STOCK_IN_UPDATE','00ad60e4-1bb6-4ff5-9a1f-6121013ce3d8','Unauthorized DML detected via policy AUD_STOCK_IN_UPDATE',null,null);
Insert into APP.AUDIT_ALERT_LOG (LOG_ID,EVENT_TS,DB_USER,OS_USER,MACHINE,MODULE,APP_ROLE,EMP_ID,CUSTOMER_PHONE,OBJECT_SCHEMA,OBJECT_NAME,POLICY_NAME,CLIENT_IDENTIFIER,NOTE,DML_TYPE,CHANGED_COLUMNS) values (202,to_timestamp('17-NOV-25 12.23.27.675755000 PM','DD-MON-RR HH.MI.SSXFF AM'),'ADMIN','ntdmi','DESKTOP-RE4E4P9\DESKTOP-RE4E4P9','WebAPI-WEB','ROLE_ADMIN','1',null,'ADMIN','STOCK_IN','AUD_STOCK_IN_UPDATE','00ad60e4-1bb6-4ff5-9a1f-6121013ce3d8','UPDATE operation on STOCK_IN - Changed: ','UPDATE',null);
Insert into APP.AUDIT_ALERT_LOG (LOG_ID,EVENT_TS,DB_USER,OS_USER,MACHINE,MODULE,APP_ROLE,EMP_ID,CUSTOMER_PHONE,OBJECT_SCHEMA,OBJECT_NAME,POLICY_NAME,CLIENT_IDENTIFIER,NOTE,DML_TYPE,CHANGED_COLUMNS) values (264,to_timestamp('20-NOV-25 01.35.42.958400000 PM','DD-MON-RR HH.MI.SSXFF AM'),'ADMIN','ntdmi','DESKTOP-RE4E4P9\DESKTOP-RE4E4P9','WebAPI-WEB','ROLE_ADMIN','1',null,'ADMIN','PART','AUD_PART_UPDATE','178655f4-c72f-4022-928c-6bf52bb05685','UPDATE operation on PART - Changed: STATUS','UPDATE','STATUS');
Insert into APP.AUDIT_ALERT_LOG (LOG_ID,EVENT_TS,DB_USER,OS_USER,MACHINE,MODULE,APP_ROLE,EMP_ID,CUSTOMER_PHONE,OBJECT_SCHEMA,OBJECT_NAME,POLICY_NAME,CLIENT_IDENTIFIER,NOTE,DML_TYPE,CHANGED_COLUMNS) values (265,to_timestamp('20-NOV-25 01.35.44.992410000 PM','DD-MON-RR HH.MI.SSXFF AM'),'ADMIN','ntdmi','DESKTOP-RE4E4P9\DESKTOP-RE4E4P9','WebAPI-WEB','ROLE_ADMIN','1',null,'ADMIN','PART_REQUEST','AUD_PART_REQUEST_UPDATE','178655f4-c72f-4022-928c-6bf52bb05685','UPDATE operation on PART_REQUEST - Changed: STATUS','UPDATE','STATUS');
Insert into APP.AUDIT_ALERT_LOG (LOG_ID,EVENT_TS,DB_USER,OS_USER,MACHINE,MODULE,APP_ROLE,EMP_ID,CUSTOMER_PHONE,OBJECT_SCHEMA,OBJECT_NAME,POLICY_NAME,CLIENT_IDENTIFIER,NOTE,DML_TYPE,CHANGED_COLUMNS) values (266,to_timestamp('20-NOV-25 01.35.45.002274000 PM','DD-MON-RR HH.MI.SSXFF AM'),'ADMIN','ntdmi','DESKTOP-RE4E4P9\DESKTOP-RE4E4P9','WebAPI-WEB','ROLE_ADMIN','1',null,'ADMIN','PART','AUD_PART_UPDATE','178655f4-c72f-4022-928c-6bf52bb05685','UPDATE operation on PART - Changed: STATUS,ORDER_ID','UPDATE','STATUS,ORDER_ID');
Insert into APP.AUDIT_ALERT_LOG (LOG_ID,EVENT_TS,DB_USER,OS_USER,MACHINE,MODULE,APP_ROLE,EMP_ID,CUSTOMER_PHONE,OBJECT_SCHEMA,OBJECT_NAME,POLICY_NAME,CLIENT_IDENTIFIER,NOTE,DML_TYPE,CHANGED_COLUMNS) values (284,to_timestamp('20-NOV-25 05.08.01.267286000 PM','DD-MON-RR HH.MI.SSXFF AM'),'APP','ntdmi','DESKTOP-RE4E4P9','SQL Developer','ROLE_ADMIN',null,null,'APP','EMPLOYEE','AUD_EMPLOYEE_UPDATE',null,'UPDATE operation on EMPLOYEE - Changed: ','UPDATE',null);
Insert into APP.AUDIT_ALERT_LOG (LOG_ID,EVENT_TS,DB_USER,OS_USER,MACHINE,MODULE,APP_ROLE,EMP_ID,CUSTOMER_PHONE,OBJECT_SCHEMA,OBJECT_NAME,POLICY_NAME,CLIENT_IDENTIFIER,NOTE,DML_TYPE,CHANGED_COLUMNS) values (285,to_timestamp('20-NOV-25 05.56.09.964697000 PM','DD-MON-RR HH.MI.SSXFF AM'),'APP','ntdmi','DESKTOP-RE4E4P9','SQL Developer','ROLE_ADMIN',null,null,'APP','EMPLOYEE','AUD_EMPLOYEE_UPDATE',null,'UPDATE operation on EMPLOYEE - Changed: ','UPDATE',null);
Insert into APP.AUDIT_ALERT_LOG (LOG_ID,EVENT_TS,DB_USER,OS_USER,MACHINE,MODULE,APP_ROLE,EMP_ID,CUSTOMER_PHONE,OBJECT_SCHEMA,OBJECT_NAME,POLICY_NAME,CLIENT_IDENTIFIER,NOTE,DML_TYPE,CHANGED_COLUMNS) values (286,to_timestamp('20-NOV-25 05.56.14.384320000 PM','DD-MON-RR HH.MI.SSXFF AM'),'APP','ntdmi','DESKTOP-RE4E4P9','SQL Developer','ROLE_ADMIN',null,null,'APP','EMPLOYEE','AUD_EMPLOYEE_UPDATE',null,'UPDATE operation on EMPLOYEE - Changed: ','UPDATE',null);
Insert into APP.AUDIT_ALERT_LOG (LOG_ID,EVENT_TS,DB_USER,OS_USER,MACHINE,MODULE,APP_ROLE,EMP_ID,CUSTOMER_PHONE,OBJECT_SCHEMA,OBJECT_NAME,POLICY_NAME,CLIENT_IDENTIFIER,NOTE,DML_TYPE,CHANGED_COLUMNS) values (267,to_timestamp('20-NOV-25 04.18.01.001522000 PM','DD-MON-RR HH.MI.SSXFF AM'),'APP','ntdmi','DESKTOP-RE4E4P9','SQL Developer','ROLE_ADMIN',null,null,'APP','EMPLOYEE','AUD_EMPLOYEE_UPDATE',null,'UPDATE operation on EMPLOYEE - Changed: ','UPDATE',null);
Insert into APP.AUDIT_ALERT_LOG (LOG_ID,EVENT_TS,DB_USER,OS_USER,MACHINE,MODULE,APP_ROLE,EMP_ID,CUSTOMER_PHONE,OBJECT_SCHEMA,OBJECT_NAME,POLICY_NAME,CLIENT_IDENTIFIER,NOTE,DML_TYPE,CHANGED_COLUMNS) values (268,to_timestamp('20-NOV-25 04.18.08.995866000 PM','DD-MON-RR HH.MI.SSXFF AM'),'APP','ntdmi','DESKTOP-RE4E4P9','SQL Developer','ROLE_ADMIN',null,null,'APP','EMPLOYEE','AUD_EMPLOYEE_UPDATE',null,'UPDATE operation on EMPLOYEE - Changed: ','UPDATE',null);
Insert into APP.AUDIT_ALERT_LOG (LOG_ID,EVENT_TS,DB_USER,OS_USER,MACHINE,MODULE,APP_ROLE,EMP_ID,CUSTOMER_PHONE,OBJECT_SCHEMA,OBJECT_NAME,POLICY_NAME,CLIENT_IDENTIFIER,NOTE,DML_TYPE,CHANGED_COLUMNS) values (269,to_timestamp('20-NOV-25 04.18.18.273887000 PM','DD-MON-RR HH.MI.SSXFF AM'),'APP','ntdmi','DESKTOP-RE4E4P9','SQL Developer','ROLE_ADMIN',null,null,'APP','EMPLOYEE','AUD_EMPLOYEE_UPDATE',null,'UPDATE operation on EMPLOYEE - Changed: ','UPDATE',null);
Insert into APP.AUDIT_ALERT_LOG (LOG_ID,EVENT_TS,DB_USER,OS_USER,MACHINE,MODULE,APP_ROLE,EMP_ID,CUSTOMER_PHONE,OBJECT_SCHEMA,OBJECT_NAME,POLICY_NAME,CLIENT_IDENTIFIER,NOTE,DML_TYPE,CHANGED_COLUMNS) values (270,to_timestamp('20-NOV-25 04.18.18.287178000 PM','DD-MON-RR HH.MI.SSXFF AM'),'APP','ntdmi','DESKTOP-RE4E4P9','SQL Developer','ROLE_ADMIN',null,null,'APP','EMPLOYEE','AUD_EMPLOYEE_UPDATE',null,'UPDATE operation on EMPLOYEE - Changed: ','UPDATE',null);
Insert into APP.AUDIT_ALERT_LOG (LOG_ID,EVENT_TS,DB_USER,OS_USER,MACHINE,MODULE,APP_ROLE,EMP_ID,CUSTOMER_PHONE,OBJECT_SCHEMA,OBJECT_NAME,POLICY_NAME,CLIENT_IDENTIFIER,NOTE,DML_TYPE,CHANGED_COLUMNS) values (271,to_timestamp('20-NOV-25 04.26.41.684180000 PM','DD-MON-RR HH.MI.SSXFF AM'),'APP','ntdmi','DESKTOP-RE4E4P9','SQL Developer','ROLE_ADMIN',null,null,'APP','EMPLOYEE','AUD_EMPLOYEE_UPDATE',null,'UPDATE operation on EMPLOYEE - Changed: ','UPDATE',null);
Insert into APP.AUDIT_ALERT_LOG (LOG_ID,EVENT_TS,DB_USER,OS_USER,MACHINE,MODULE,APP_ROLE,EMP_ID,CUSTOMER_PHONE,OBJECT_SCHEMA,OBJECT_NAME,POLICY_NAME,CLIENT_IDENTIFIER,NOTE,DML_TYPE,CHANGED_COLUMNS) values (272,to_timestamp('20-NOV-25 04.26.41.696374000 PM','DD-MON-RR HH.MI.SSXFF AM'),'APP','ntdmi','DESKTOP-RE4E4P9','SQL Developer','ROLE_ADMIN',null,null,'APP','EMPLOYEE','AUD_EMPLOYEE_UPDATE',null,'UPDATE operation on EMPLOYEE - Changed: ','UPDATE',null);
Insert into APP.AUDIT_ALERT_LOG (LOG_ID,EVENT_TS,DB_USER,OS_USER,MACHINE,MODULE,APP_ROLE,EMP_ID,CUSTOMER_PHONE,OBJECT_SCHEMA,OBJECT_NAME,POLICY_NAME,CLIENT_IDENTIFIER,NOTE,DML_TYPE,CHANGED_COLUMNS) values (273,to_timestamp('20-NOV-25 04.26.41.708353000 PM','DD-MON-RR HH.MI.SSXFF AM'),'APP','ntdmi','DESKTOP-RE4E4P9','SQL Developer','ROLE_ADMIN',null,null,'APP','EMPLOYEE','AUD_EMPLOYEE_UPDATE',null,'UPDATE operation on EMPLOYEE - Changed: ','UPDATE',null);
Insert into APP.AUDIT_ALERT_LOG (LOG_ID,EVENT_TS,DB_USER,OS_USER,MACHINE,MODULE,APP_ROLE,EMP_ID,CUSTOMER_PHONE,OBJECT_SCHEMA,OBJECT_NAME,POLICY_NAME,CLIENT_IDENTIFIER,NOTE,DML_TYPE,CHANGED_COLUMNS) values (274,to_timestamp('20-NOV-25 04.26.41.721770000 PM','DD-MON-RR HH.MI.SSXFF AM'),'APP','ntdmi','DESKTOP-RE4E4P9','SQL Developer','ROLE_ADMIN',null,null,'APP','EMPLOYEE','AUD_EMPLOYEE_UPDATE',null,'UPDATE operation on EMPLOYEE - Changed: ','UPDATE',null);
Insert into APP.AUDIT_ALERT_LOG (LOG_ID,EVENT_TS,DB_USER,OS_USER,MACHINE,MODULE,APP_ROLE,EMP_ID,CUSTOMER_PHONE,OBJECT_SCHEMA,OBJECT_NAME,POLICY_NAME,CLIENT_IDENTIFIER,NOTE,DML_TYPE,CHANGED_COLUMNS) values (275,to_timestamp('20-NOV-25 04.35.19.233766000 PM','DD-MON-RR HH.MI.SSXFF AM'),'APP','ntdmi','DESKTOP-RE4E4P9','SQL Developer','ROLE_ADMIN',null,null,'APP','EMPLOYEE','AUD_EMPLOYEE_UPDATE',null,'UPDATE operation on EMPLOYEE - Changed: ','UPDATE',null);
Insert into APP.AUDIT_ALERT_LOG (LOG_ID,EVENT_TS,DB_USER,OS_USER,MACHINE,MODULE,APP_ROLE,EMP_ID,CUSTOMER_PHONE,OBJECT_SCHEMA,OBJECT_NAME,POLICY_NAME,CLIENT_IDENTIFIER,NOTE,DML_TYPE,CHANGED_COLUMNS) values (221,to_timestamp('18-NOV-25 02.24.31.922567000 PM','DD-MON-RR HH.MI.SSXFF AM'),'ADMIN','ntdmi','DESKTOP-RE4E4P9\DESKTOP-RE4E4P9','WebAPI-WEB','ROLE_ADMIN','1',null,'APP','ORDERS','AUD_ORDERS_INSERT','226fadf1-240c-45c2-b833-634e2e94d385','Unauthorized DML detected via policy AUD_ORDERS_INSERT',null,null);
Insert into APP.AUDIT_ALERT_LOG (LOG_ID,EVENT_TS,DB_USER,OS_USER,MACHINE,MODULE,APP_ROLE,EMP_ID,CUSTOMER_PHONE,OBJECT_SCHEMA,OBJECT_NAME,POLICY_NAME,CLIENT_IDENTIFIER,NOTE,DML_TYPE,CHANGED_COLUMNS) values (222,to_timestamp('18-NOV-25 02.24.31.939964000 PM','DD-MON-RR HH.MI.SSXFF AM'),'ADMIN','ntdmi','DESKTOP-RE4E4P9\DESKTOP-RE4E4P9','WebAPI-WEB','ROLE_ADMIN','1',null,'ADMIN','ORDERS','AUD_ORDERS_INSERT','226fadf1-240c-45c2-b833-634e2e94d385','INSERT operation on ORDERS','INSERT',null);
Insert into APP.AUDIT_ALERT_LOG (LOG_ID,EVENT_TS,DB_USER,OS_USER,MACHINE,MODULE,APP_ROLE,EMP_ID,CUSTOMER_PHONE,OBJECT_SCHEMA,OBJECT_NAME,POLICY_NAME,CLIENT_IDENTIFIER,NOTE,DML_TYPE,CHANGED_COLUMNS) values (223,to_timestamp('18-NOV-25 02.24.39.839591000 PM','DD-MON-RR HH.MI.SSXFF AM'),'ADMIN','ntdmi','DESKTOP-RE4E4P9\DESKTOP-RE4E4P9','WebAPI-WEB','ROLE_ADMIN','1',null,'APP','PART_REQUEST','AUD_PART_REQUEST_INSERT','226fadf1-240c-45c2-b833-634e2e94d385','Unauthorized DML detected via policy AUD_PART_REQUEST_INSERT',null,null);
Insert into APP.AUDIT_ALERT_LOG (LOG_ID,EVENT_TS,DB_USER,OS_USER,MACHINE,MODULE,APP_ROLE,EMP_ID,CUSTOMER_PHONE,OBJECT_SCHEMA,OBJECT_NAME,POLICY_NAME,CLIENT_IDENTIFIER,NOTE,DML_TYPE,CHANGED_COLUMNS) values (224,to_timestamp('18-NOV-25 02.24.39.842137000 PM','DD-MON-RR HH.MI.SSXFF AM'),'ADMIN','ntdmi','DESKTOP-RE4E4P9\DESKTOP-RE4E4P9','WebAPI-WEB','ROLE_ADMIN','1',null,'ADMIN','PART_REQUEST','AUD_PART_REQUEST_INSERT','226fadf1-240c-45c2-b833-634e2e94d385','INSERT operation on PART_REQUEST','INSERT',null);
Insert into APP.AUDIT_ALERT_LOG (LOG_ID,EVENT_TS,DB_USER,OS_USER,MACHINE,MODULE,APP_ROLE,EMP_ID,CUSTOMER_PHONE,OBJECT_SCHEMA,OBJECT_NAME,POLICY_NAME,CLIENT_IDENTIFIER,NOTE,DML_TYPE,CHANGED_COLUMNS) values (225,to_timestamp('18-NOV-25 02.24.39.859563000 PM','DD-MON-RR HH.MI.SSXFF AM'),'ADMIN','ntdmi','DESKTOP-RE4E4P9\DESKTOP-RE4E4P9','WebAPI-WEB','ROLE_ADMIN','1',null,'APP','PART_REQUEST_ITEM','AUD_PART_REQUEST_ITEM_INSERT','226fadf1-240c-45c2-b833-634e2e94d385','Unauthorized DML detected via policy AUD_PART_REQUEST_ITEM_INSERT',null,null);
Insert into APP.AUDIT_ALERT_LOG (LOG_ID,EVENT_TS,DB_USER,OS_USER,MACHINE,MODULE,APP_ROLE,EMP_ID,CUSTOMER_PHONE,OBJECT_SCHEMA,OBJECT_NAME,POLICY_NAME,CLIENT_IDENTIFIER,NOTE,DML_TYPE,CHANGED_COLUMNS) values (226,to_timestamp('18-NOV-25 02.24.39.860145000 PM','DD-MON-RR HH.MI.SSXFF AM'),'ADMIN','ntdmi','DESKTOP-RE4E4P9\DESKTOP-RE4E4P9','WebAPI-WEB','ROLE_ADMIN','1',null,'ADMIN','PART_REQUEST_ITEM','AUD_PART_REQUEST_ITEM_INSERT','226fadf1-240c-45c2-b833-634e2e94d385','INSERT operation on PART_REQUEST_ITEM','INSERT',null);
Insert into APP.AUDIT_ALERT_LOG (LOG_ID,EVENT_TS,DB_USER,OS_USER,MACHINE,MODULE,APP_ROLE,EMP_ID,CUSTOMER_PHONE,OBJECT_SCHEMA,OBJECT_NAME,POLICY_NAME,CLIENT_IDENTIFIER,NOTE,DML_TYPE,CHANGED_COLUMNS) values (227,to_timestamp('18-NOV-25 02.24.39.869567000 PM','DD-MON-RR HH.MI.SSXFF AM'),'ADMIN','ntdmi','DESKTOP-RE4E4P9\DESKTOP-RE4E4P9','WebAPI-WEB','ROLE_ADMIN','1',null,'APP','PART','AUD_PART_UPDATE','226fadf1-240c-45c2-b833-634e2e94d385','Unauthorized DML detected via policy AUD_PART_UPDATE',null,null);
Insert into APP.AUDIT_ALERT_LOG (LOG_ID,EVENT_TS,DB_USER,OS_USER,MACHINE,MODULE,APP_ROLE,EMP_ID,CUSTOMER_PHONE,OBJECT_SCHEMA,OBJECT_NAME,POLICY_NAME,CLIENT_IDENTIFIER,NOTE,DML_TYPE,CHANGED_COLUMNS) values (228,to_timestamp('18-NOV-25 02.24.39.870989000 PM','DD-MON-RR HH.MI.SSXFF AM'),'ADMIN','ntdmi','DESKTOP-RE4E4P9\DESKTOP-RE4E4P9','WebAPI-WEB','ROLE_ADMIN','1',null,'ADMIN','PART','AUD_PART_UPDATE','226fadf1-240c-45c2-b833-634e2e94d385','UPDATE operation on PART - Changed: STATUS','UPDATE','STATUS');
Insert into APP.AUDIT_ALERT_LOG (LOG_ID,EVENT_TS,DB_USER,OS_USER,MACHINE,MODULE,APP_ROLE,EMP_ID,CUSTOMER_PHONE,OBJECT_SCHEMA,OBJECT_NAME,POLICY_NAME,CLIENT_IDENTIFIER,NOTE,DML_TYPE,CHANGED_COLUMNS) values (229,to_timestamp('18-NOV-25 02.24.41.150065000 PM','DD-MON-RR HH.MI.SSXFF AM'),'ADMIN','ntdmi','DESKTOP-RE4E4P9\DESKTOP-RE4E4P9','WebAPI-WEB','ROLE_ADMIN','1',null,'APP','PART_REQUEST','AUD_PART_REQUEST_UPDATE','226fadf1-240c-45c2-b833-634e2e94d385','Unauthorized DML detected via policy AUD_PART_REQUEST_UPDATE',null,null);
Insert into APP.AUDIT_ALERT_LOG (LOG_ID,EVENT_TS,DB_USER,OS_USER,MACHINE,MODULE,APP_ROLE,EMP_ID,CUSTOMER_PHONE,OBJECT_SCHEMA,OBJECT_NAME,POLICY_NAME,CLIENT_IDENTIFIER,NOTE,DML_TYPE,CHANGED_COLUMNS) values (230,to_timestamp('18-NOV-25 02.24.41.152061000 PM','DD-MON-RR HH.MI.SSXFF AM'),'ADMIN','ntdmi','DESKTOP-RE4E4P9\DESKTOP-RE4E4P9','WebAPI-WEB','ROLE_ADMIN','1',null,'ADMIN','PART_REQUEST','AUD_PART_REQUEST_UPDATE','226fadf1-240c-45c2-b833-634e2e94d385','UPDATE operation on PART_REQUEST - Changed: STATUS','UPDATE','STATUS');
Insert into APP.AUDIT_ALERT_LOG (LOG_ID,EVENT_TS,DB_USER,OS_USER,MACHINE,MODULE,APP_ROLE,EMP_ID,CUSTOMER_PHONE,OBJECT_SCHEMA,OBJECT_NAME,POLICY_NAME,CLIENT_IDENTIFIER,NOTE,DML_TYPE,CHANGED_COLUMNS) values (231,to_timestamp('18-NOV-25 02.24.41.159174000 PM','DD-MON-RR HH.MI.SSXFF AM'),'ADMIN','ntdmi','DESKTOP-RE4E4P9\DESKTOP-RE4E4P9','WebAPI-WEB','ROLE_ADMIN','1',null,'APP','PART','AUD_PART_UPDATE','226fadf1-240c-45c2-b833-634e2e94d385','Unauthorized DML detected via policy AUD_PART_UPDATE',null,null);
Insert into APP.AUDIT_ALERT_LOG (LOG_ID,EVENT_TS,DB_USER,OS_USER,MACHINE,MODULE,APP_ROLE,EMP_ID,CUSTOMER_PHONE,OBJECT_SCHEMA,OBJECT_NAME,POLICY_NAME,CLIENT_IDENTIFIER,NOTE,DML_TYPE,CHANGED_COLUMNS) values (232,to_timestamp('18-NOV-25 02.24.41.159863000 PM','DD-MON-RR HH.MI.SSXFF AM'),'ADMIN','ntdmi','DESKTOP-RE4E4P9\DESKTOP-RE4E4P9','WebAPI-WEB','ROLE_ADMIN','1',null,'ADMIN','PART','AUD_PART_UPDATE','226fadf1-240c-45c2-b833-634e2e94d385','UPDATE operation on PART - Changed: STATUS,ORDER_ID','UPDATE','STATUS,ORDER_ID');
Insert into APP.AUDIT_ALERT_LOG (LOG_ID,EVENT_TS,DB_USER,OS_USER,MACHINE,MODULE,APP_ROLE,EMP_ID,CUSTOMER_PHONE,OBJECT_SCHEMA,OBJECT_NAME,POLICY_NAME,CLIENT_IDENTIFIER,NOTE,DML_TYPE,CHANGED_COLUMNS) values (233,to_timestamp('18-NOV-25 02.24.49.901079000 PM','DD-MON-RR HH.MI.SSXFF AM'),'ADMIN','ntdmi','DESKTOP-RE4E4P9\DESKTOP-RE4E4P9','WebAPI-WEB','ROLE_ADMIN','1',null,'APP','STOCK_OUT','AUD_STOCK_OUT_INSERT','226fadf1-240c-45c2-b833-634e2e94d385','Unauthorized DML detected via policy AUD_STOCK_OUT_INSERT',null,null);
Insert into APP.AUDIT_ALERT_LOG (LOG_ID,EVENT_TS,DB_USER,OS_USER,MACHINE,MODULE,APP_ROLE,EMP_ID,CUSTOMER_PHONE,OBJECT_SCHEMA,OBJECT_NAME,POLICY_NAME,CLIENT_IDENTIFIER,NOTE,DML_TYPE,CHANGED_COLUMNS) values (234,to_timestamp('18-NOV-25 02.24.49.901800000 PM','DD-MON-RR HH.MI.SSXFF AM'),'ADMIN','ntdmi','DESKTOP-RE4E4P9\DESKTOP-RE4E4P9','WebAPI-WEB','ROLE_ADMIN','1',null,'ADMIN','STOCK_OUT','AUD_STOCK_OUT_INSERT','226fadf1-240c-45c2-b833-634e2e94d385','INSERT operation on STOCK_OUT','INSERT',null);
Insert into APP.AUDIT_ALERT_LOG (LOG_ID,EVENT_TS,DB_USER,OS_USER,MACHINE,MODULE,APP_ROLE,EMP_ID,CUSTOMER_PHONE,OBJECT_SCHEMA,OBJECT_NAME,POLICY_NAME,CLIENT_IDENTIFIER,NOTE,DML_TYPE,CHANGED_COLUMNS) values (235,to_timestamp('18-NOV-25 02.24.49.915637000 PM','DD-MON-RR HH.MI.SSXFF AM'),'ADMIN','ntdmi','DESKTOP-RE4E4P9\DESKTOP-RE4E4P9','WebAPI-WEB','ROLE_ADMIN','1',null,'APP','STOCK_OUT_ITEM','AUD_STOCK_OUT_ITEM_INSERT','226fadf1-240c-45c2-b833-634e2e94d385','Unauthorized DML detected via policy AUD_STOCK_OUT_ITEM_INSERT',null,null);
Insert into APP.AUDIT_ALERT_LOG (LOG_ID,EVENT_TS,DB_USER,OS_USER,MACHINE,MODULE,APP_ROLE,EMP_ID,CUSTOMER_PHONE,OBJECT_SCHEMA,OBJECT_NAME,POLICY_NAME,CLIENT_IDENTIFIER,NOTE,DML_TYPE,CHANGED_COLUMNS) values (236,to_timestamp('18-NOV-25 02.24.49.916658000 PM','DD-MON-RR HH.MI.SSXFF AM'),'ADMIN','ntdmi','DESKTOP-RE4E4P9\DESKTOP-RE4E4P9','WebAPI-WEB','ROLE_ADMIN','1',null,'ADMIN','STOCK_OUT_ITEM','AUD_STOCK_OUT_ITEM_INSERT','226fadf1-240c-45c2-b833-634e2e94d385','INSERT operation on STOCK_OUT_ITEM','INSERT',null);
Insert into APP.AUDIT_ALERT_LOG (LOG_ID,EVENT_TS,DB_USER,OS_USER,MACHINE,MODULE,APP_ROLE,EMP_ID,CUSTOMER_PHONE,OBJECT_SCHEMA,OBJECT_NAME,POLICY_NAME,CLIENT_IDENTIFIER,NOTE,DML_TYPE,CHANGED_COLUMNS) values (237,to_timestamp('18-NOV-25 02.24.49.920980000 PM','DD-MON-RR HH.MI.SSXFF AM'),'ADMIN','ntdmi','DESKTOP-RE4E4P9\DESKTOP-RE4E4P9','WebAPI-WEB','ROLE_ADMIN','1',null,'APP','PART','AUD_PART_UPDATE','226fadf1-240c-45c2-b833-634e2e94d385','Unauthorized DML detected via policy AUD_PART_UPDATE',null,null);
Insert into APP.AUDIT_ALERT_LOG (LOG_ID,EVENT_TS,DB_USER,OS_USER,MACHINE,MODULE,APP_ROLE,EMP_ID,CUSTOMER_PHONE,OBJECT_SCHEMA,OBJECT_NAME,POLICY_NAME,CLIENT_IDENTIFIER,NOTE,DML_TYPE,CHANGED_COLUMNS) values (238,to_timestamp('18-NOV-25 02.24.49.921549000 PM','DD-MON-RR HH.MI.SSXFF AM'),'ADMIN','ntdmi','DESKTOP-RE4E4P9\DESKTOP-RE4E4P9','WebAPI-WEB','ROLE_ADMIN','1',null,'ADMIN','PART','AUD_PART_UPDATE','226fadf1-240c-45c2-b833-634e2e94d385','UPDATE operation on PART - Changed: STATUS','UPDATE','STATUS');
REM INSERTING into APP.CREATE$JAVA$LOB$TABLE
SET DEFINE OFF;
REM INSERTING into APP.CUSTOMER
SET DEFINE OFF;
Insert into APP.CUSTOMER (PHONE,FULL_NAME,PASSWORD_HASH,CREATED_AT,EMAIL,ADDRESS) values ('1','Dinh','6B86B273FF34FCE19D6B804EFF5A3F5747ADA4EAA22F1D49C01E52DDB7875B4B',to_timestamp('10-NOV-25 02.40.30.356827000 AM','DD-MON-RR HH.MI.SSXFF AM'),'Dinh@gmail.com','123a');
Insert into APP.CUSTOMER (PHONE,FULL_NAME,PASSWORD_HASH,CREATED_AT,EMAIL,ADDRESS) values ('2','2','1C4897232569B83EE438C4C7B81D7401D778AD2C5566E94BEA47A01364A87734',to_timestamp('14-NOV-25 09.14.16.777414000 AM','DD-MON-RR HH.MI.SSXFF AM'),'2@gmail.com','2');
Insert into APP.CUSTOMER (PHONE,FULL_NAME,PASSWORD_HASH,CREATED_AT,EMAIL,ADDRESS) values ('0332880207','Khách hàng 1','81B6D7839B1B7F999CC846F8A37771B230D82F1C1C391CB0F490F4DE55704A1E',to_timestamp('05-NOV-25 02.54.40.167598000 AM','DD-MON-RR HH.MI.SSXFF AM'),'KHACHHANG1@gmail.com','Khách hàng 1');
REM INSERTING into APP.CUSTOMER_APPOINTMENT
SET DEFINE OFF;
Insert into APP.CUSTOMER_APPOINTMENT (APPOINTMENT_ID,CUSTOMER_PHONE,APPOINTMENT_DATE,STATUS,DESCRIPTION) values (11,'1',to_date('29-NOV-25','DD-MON-RR'),'Đã lên lịch','A');
Insert into APP.CUSTOMER_APPOINTMENT (APPOINTMENT_ID,CUSTOMER_PHONE,APPOINTMENT_DATE,STATUS,DESCRIPTION) values (12,'1',to_date('28-NOV-25','DD-MON-RR'),'Đã lên lịch','ABC');
Insert into APP.CUSTOMER_APPOINTMENT (APPOINTMENT_ID,CUSTOMER_PHONE,APPOINTMENT_DATE,STATUS,DESCRIPTION) values (13,'1',to_date('27-NOV-25','DD-MON-RR'),'Đã lên lịch','ABC');
Insert into APP.CUSTOMER_APPOINTMENT (APPOINTMENT_ID,CUSTOMER_PHONE,APPOINTMENT_DATE,STATUS,DESCRIPTION) values (10,'0332880207',to_date('15-NOV-25','DD-MON-RR'),'Đã lên lịch','abc');
REM INSERTING into APP.EMPLOYEE
SET DEFINE OFF;
Insert into APP.EMPLOYEE (EMP_ID,FULL_NAME,USERNAME,PASSWORD_HASH,CREATED_AT,EMAIL,PHONE,POL_EMPLOYEE_COL,OLS_LABEL) values (4,'Tiếp tân','Tieptan','CBC8AA8FCA3145C89F1E07EAEC7EB91695BF5D54CF824DC89DDF2182E1DEE251',to_timestamp('05-NOV-25 03.27.17.488245000 AM','DD-MON-RR HH.MI.SSXFF AM'),'Tieptan@gmail.com','123456789',null,1004);
Insert into APP.EMPLOYEE (EMP_ID,FULL_NAME,USERNAME,PASSWORD_HASH,CREATED_AT,EMAIL,PHONE,POL_EMPLOYEE_COL,OLS_LABEL) values (1,'Admin','Admin','C1C224B03CD9BC7B6A86D77F5DACE40191766C485CD55DC48CAF9AC873335D6F',to_timestamp('05-NOV-25 02.59.17.776616000 AM','DD-MON-RR HH.MI.SSXFF AM'),'Admin@example.com','0987654321',null,1001);
Insert into APP.EMPLOYEE (EMP_ID,FULL_NAME,USERNAME,PASSWORD_HASH,CREATED_AT,EMAIL,PHONE,POL_EMPLOYEE_COL,OLS_LABEL) values (3,'Kĩ Thuật Viên','Kithuatvien','0FBFB434DCEC5E4C1606B4961FA1D948BE5BCD5339A4B82320E7CED85D05E688',to_timestamp('05-NOV-25 03.16.09.522782000 AM','DD-MON-RR HH.MI.SSXFF AM'),'Kithuatvien@gmail.com','123476898',null,1003);
Insert into APP.EMPLOYEE (EMP_ID,FULL_NAME,USERNAME,PASSWORD_HASH,CREATED_AT,EMAIL,PHONE,POL_EMPLOYEE_COL,OLS_LABEL) values (21,'KTV02','Ktv02','EC773AFAB1C1A39D4FB0D28E515C530F0BE49559254E02A44160E3658085A491',to_timestamp('14-NOV-25 07.46.20.204550000 AM','DD-MON-RR HH.MI.SSXFF AM'),'Ktv02@gmail.com','03328802146',null,1003);
Insert into APP.EMPLOYEE (EMP_ID,FULL_NAME,USERNAME,PASSWORD_HASH,CREATED_AT,EMAIL,PHONE,POL_EMPLOYEE_COL,OLS_LABEL) values (22,'KTV03','Ktv03','35484C2AF6194166A4E51815143BC2733244C80903A26FE1F6B2EC5DDAB1B82A',to_timestamp('14-NOV-25 08.28.27.691340000 AM','DD-MON-RR HH.MI.SSXFF AM'),'Ktv03@gmail.com','0332779313',null,1003);
Insert into APP.EMPLOYEE (EMP_ID,FULL_NAME,USERNAME,PASSWORD_HASH,CREATED_AT,EMAIL,PHONE,POL_EMPLOYEE_COL,OLS_LABEL) values (2,'THUKHO','Thukho','7506FDCB9AF5DA44D5661F4202105128DB6DAD9FE6BD32C9B560B0C8DC6B5C46',to_timestamp('05-NOV-25 03.10.26.090963000 AM','DD-MON-RR HH.MI.SSXFF AM'),'Thukho@gmail.com','03332917468',null,1002);
REM INSERTING into APP.EMPLOYEE_SHIFT
SET DEFINE OFF;
REM INSERTING into APP.INVOICE
SET DEFINE OFF;
Insert into APP.INVOICE (INVOICE_ID,STOCKOUT_ID,CUSTOMER_PHONE,EMP_ID,INVOICE_DATE,TOTAL_AMOUNT,STATUS) values (4,26,'0332880207',1,to_date('15-NOV-25','DD-MON-RR'),0,'PENDING');
Insert into APP.INVOICE (INVOICE_ID,STOCKOUT_ID,CUSTOMER_PHONE,EMP_ID,INVOICE_DATE,TOTAL_AMOUNT,STATUS) values (5,27,'0332880207',1,to_date('17-NOV-25','DD-MON-RR'),0,'PENDING');
Insert into APP.INVOICE (INVOICE_ID,STOCKOUT_ID,CUSTOMER_PHONE,EMP_ID,INVOICE_DATE,TOTAL_AMOUNT,STATUS) values (6,28,'1',1,to_date('18-NOV-25','DD-MON-RR'),0,'PENDING');
Insert into APP.INVOICE (INVOICE_ID,STOCKOUT_ID,CUSTOMER_PHONE,EMP_ID,INVOICE_DATE,TOTAL_AMOUNT,STATUS) values (1,16,'1',1,to_date('14-NOV-25','DD-MON-RR'),0,'PENDING');
Insert into APP.INVOICE (INVOICE_ID,STOCKOUT_ID,CUSTOMER_PHONE,EMP_ID,INVOICE_DATE,TOTAL_AMOUNT,STATUS) values (3,18,'0332880207',1,to_date('14-NOV-25','DD-MON-RR'),0,'PENDING');
REM INSERTING into APP.INVOICE_ITEM
SET DEFINE OFF;
Insert into APP.INVOICE_ITEM (INVOICE_ID,STOCKOUT_ID,PART_ID,PRICE) values (4,26,538,1000);
Insert into APP.INVOICE_ITEM (INVOICE_ID,STOCKOUT_ID,PART_ID,PRICE) values (5,27,536,1000);
Insert into APP.INVOICE_ITEM (INVOICE_ID,STOCKOUT_ID,PART_ID,PRICE) values (6,28,539,1000);
Insert into APP.INVOICE_ITEM (INVOICE_ID,STOCKOUT_ID,PART_ID,PRICE) values (1,16,530,0);
Insert into APP.INVOICE_ITEM (INVOICE_ID,STOCKOUT_ID,PART_ID,PRICE) values (3,18,537,1000);
REM INSERTING into APP.INVOICE_SERVICE
SET DEFINE OFF;
Insert into APP.INVOICE_SERVICE (INVOICE_ID,SERVICE_ID,QUANTITY,PRICE) values (4,3,1,0);
Insert into APP.INVOICE_SERVICE (INVOICE_ID,SERVICE_ID,QUANTITY,PRICE) values (5,3,1,0);
Insert into APP.INVOICE_SERVICE (INVOICE_ID,SERVICE_ID,QUANTITY,PRICE) values (6,3,1,0);
Insert into APP.INVOICE_SERVICE (INVOICE_ID,SERVICE_ID,QUANTITY,PRICE) values (1,3,1,0);
Insert into APP.INVOICE_SERVICE (INVOICE_ID,SERVICE_ID,QUANTITY,PRICE) values (3,3,1,0);
REM INSERTING into APP.ORDERS
SET DEFINE OFF;
Insert into APP.ORDERS (ORDER_ID,CUSTOMER_PHONE,RECEIVER_EMP,HANDLER_EMP,ORDER_TYPE,RECEIVED_DATE,STATUS,DESCRIPTION) values (121,'0332880207',1,3,'WARRANTY',to_date('11-NOV-25','DD-MON-RR'),'Đã hoàn thành','TEST');
Insert into APP.ORDERS (ORDER_ID,CUSTOMER_PHONE,RECEIVER_EMP,HANDLER_EMP,ORDER_TYPE,RECEIVED_DATE,STATUS,DESCRIPTION) values (161,'0332880207',1,1,'WARRANTY',to_date('17-NOV-25','DD-MON-RR'),'Đã hoàn thành','ABV');
Insert into APP.ORDERS (ORDER_ID,CUSTOMER_PHONE,RECEIVER_EMP,HANDLER_EMP,ORDER_TYPE,RECEIVED_DATE,STATUS,DESCRIPTION) values (201,'1',1,21,'WARRANTY',to_date('20-NOV-25','DD-MON-RR'),'Đã tiếp nhận','AAA');
Insert into APP.ORDERS (ORDER_ID,CUSTOMER_PHONE,RECEIVER_EMP,HANDLER_EMP,ORDER_TYPE,RECEIVED_DATE,STATUS,DESCRIPTION) values (122,'0332880207',1,3,'REPAIR',to_date('11-NOV-25','DD-MON-RR'),'Đã hoàn thành','Admin');
Insert into APP.ORDERS (ORDER_ID,CUSTOMER_PHONE,RECEIVER_EMP,HANDLER_EMP,ORDER_TYPE,RECEIVED_DATE,STATUS,DESCRIPTION) values (123,'0332880207',1,1,'WARRANTY',to_date('11-NOV-25','DD-MON-RR'),'Đã hoàn thành','Admin1');
Insert into APP.ORDERS (ORDER_ID,CUSTOMER_PHONE,RECEIVER_EMP,HANDLER_EMP,ORDER_TYPE,RECEIVED_DATE,STATUS,DESCRIPTION) values (124,'1',1,3,'REPAIR',to_date('11-NOV-25','DD-MON-RR'),'Đã hoàn thành','Admin2');
Insert into APP.ORDERS (ORDER_ID,CUSTOMER_PHONE,RECEIVER_EMP,HANDLER_EMP,ORDER_TYPE,RECEIVED_DATE,STATUS,DESCRIPTION) values (125,'1',1,3,'WARRANTY',to_date('11-NOV-25','DD-MON-RR'),'Đã hoàn thành','Admin3');
Insert into APP.ORDERS (ORDER_ID,CUSTOMER_PHONE,RECEIVER_EMP,HANDLER_EMP,ORDER_TYPE,RECEIVED_DATE,STATUS,DESCRIPTION) values (181,'1',1,1,'WARRANTY',to_date('18-NOV-25','DD-MON-RR'),'Đã hoàn thành','A');
Insert into APP.ORDERS (ORDER_ID,CUSTOMER_PHONE,RECEIVER_EMP,HANDLER_EMP,ORDER_TYPE,RECEIVED_DATE,STATUS,DESCRIPTION) values (141,'1',1,3,'WARRANTY',to_date('14-NOV-25','DD-MON-RR'),'Đã hoàn thành','Bảo hành');
Insert into APP.ORDERS (ORDER_ID,CUSTOMER_PHONE,RECEIVER_EMP,HANDLER_EMP,ORDER_TYPE,RECEIVED_DATE,STATUS,DESCRIPTION) values (142,'0332880207',1,1,'REPAIR',to_date('14-NOV-25','DD-MON-RR'),'Đã hoàn thành','ABC');
Insert into APP.ORDERS (ORDER_ID,CUSTOMER_PHONE,RECEIVER_EMP,HANDLER_EMP,ORDER_TYPE,RECEIVED_DATE,STATUS,DESCRIPTION) values (143,'0332880207',1,3,'WARRANTY',to_date('14-NOV-25','DD-MON-RR'),'Đã hoàn thành','Xuất hóa đơn');
Insert into APP.ORDERS (ORDER_ID,CUSTOMER_PHONE,RECEIVER_EMP,HANDLER_EMP,ORDER_TYPE,RECEIVED_DATE,STATUS,DESCRIPTION) values (144,'0332880207',1,3,'WARRANTY',to_date('14-NOV-25','DD-MON-RR'),'Đã hoàn thành','ABC');
Insert into APP.ORDERS (ORDER_ID,CUSTOMER_PHONE,RECEIVER_EMP,HANDLER_EMP,ORDER_TYPE,RECEIVED_DATE,STATUS,DESCRIPTION) values (83,'1',1,3,'REPAIR',to_date('10-NOV-25','DD-MON-RR'),'Đã hoàn thành','ABC');
Insert into APP.ORDERS (ORDER_ID,CUSTOMER_PHONE,RECEIVER_EMP,HANDLER_EMP,ORDER_TYPE,RECEIVED_DATE,STATUS,DESCRIPTION) values (84,'0332880207',1,3,'REPAIR',to_date('10-NOV-25','DD-MON-RR'),'Đã hoàn thành','Test dịch vụ');
Insert into APP.ORDERS (ORDER_ID,CUSTOMER_PHONE,RECEIVER_EMP,HANDLER_EMP,ORDER_TYPE,RECEIVED_DATE,STATUS,DESCRIPTION) values (85,'0332880207',1,3,'WARRANTY',to_date('10-NOV-25','DD-MON-RR'),'Đã hoàn thành','Bảo hành điện thoại');
Insert into APP.ORDERS (ORDER_ID,CUSTOMER_PHONE,RECEIVER_EMP,HANDLER_EMP,ORDER_TYPE,RECEIVED_DATE,STATUS,DESCRIPTION) values (101,'0332880207',1,3,'WARRANTY',to_date('10-NOV-25','DD-MON-RR'),'Đã hoàn thành','BẢO HÀNH ĐTH');
REM INSERTING into APP.ORDER_SERVICE
SET DEFINE OFF;
Insert into APP.ORDER_SERVICE (ORDER_ID,SERVICE_ID,QUANTITY,PRICE) values (121,3,1,0);
Insert into APP.ORDER_SERVICE (ORDER_ID,SERVICE_ID,QUANTITY,PRICE) values (161,3,1,0);
Insert into APP.ORDER_SERVICE (ORDER_ID,SERVICE_ID,QUANTITY,PRICE) values (201,3,1,0);
Insert into APP.ORDER_SERVICE (ORDER_ID,SERVICE_ID,QUANTITY,PRICE) values (122,1,1,100000);
Insert into APP.ORDER_SERVICE (ORDER_ID,SERVICE_ID,QUANTITY,PRICE) values (123,3,1,0);
Insert into APP.ORDER_SERVICE (ORDER_ID,SERVICE_ID,QUANTITY,PRICE) values (124,3,1,0);
Insert into APP.ORDER_SERVICE (ORDER_ID,SERVICE_ID,QUANTITY,PRICE) values (125,3,1,0);
Insert into APP.ORDER_SERVICE (ORDER_ID,SERVICE_ID,QUANTITY,PRICE) values (181,3,1,0);
Insert into APP.ORDER_SERVICE (ORDER_ID,SERVICE_ID,QUANTITY,PRICE) values (141,3,1,0);
Insert into APP.ORDER_SERVICE (ORDER_ID,SERVICE_ID,QUANTITY,PRICE) values (142,1,1,100000);
Insert into APP.ORDER_SERVICE (ORDER_ID,SERVICE_ID,QUANTITY,PRICE) values (143,3,1,0);
Insert into APP.ORDER_SERVICE (ORDER_ID,SERVICE_ID,QUANTITY,PRICE) values (144,3,1,0);
Insert into APP.ORDER_SERVICE (ORDER_ID,SERVICE_ID,QUANTITY,PRICE) values (85,3,1,0);
Insert into APP.ORDER_SERVICE (ORDER_ID,SERVICE_ID,QUANTITY,PRICE) values (101,3,1,0);
REM INSERTING into APP.PART
SET DEFINE OFF;
Insert into APP.PART (PART_ID,NAME,MANUFACTURER,SERIAL,STATUS,STOCK_IN_ID,ORDER_ID,PRICE) values (312,'TEST','TEST','TEST-1','Đã xuất kho',37,84,100000);
Insert into APP.PART (PART_ID,NAME,MANUFACTURER,SERIAL,STATUS,STOCK_IN_ID,ORDER_ID,PRICE) values (514,'TEST','TEST','TEST-0-1','Đã xuất kho',41,125,1000);
Insert into APP.PART (PART_ID,NAME,MANUFACTURER,SERIAL,STATUS,STOCK_IN_ID,ORDER_ID,PRICE) values (515,'TEST','TEST','TEST-0-2','Đã xuất kho',41,124,1000);
Insert into APP.PART (PART_ID,NAME,MANUFACTURER,SERIAL,STATUS,STOCK_IN_ID,ORDER_ID,PRICE) values (516,'TEST','TEST','TEST-0-3','Trong kho',41,null,1000);
Insert into APP.PART (PART_ID,NAME,MANUFACTURER,SERIAL,STATUS,STOCK_IN_ID,ORDER_ID,PRICE) values (517,'TEST','TEST','TEST-0-4','Trong kho',41,null,1000);
Insert into APP.PART (PART_ID,NAME,MANUFACTURER,SERIAL,STATUS,STOCK_IN_ID,ORDER_ID,PRICE) values (518,'TEST','TEST','TEST-0-5','Trong kho',41,null,1000);
Insert into APP.PART (PART_ID,NAME,MANUFACTURER,SERIAL,STATUS,STOCK_IN_ID,ORDER_ID,PRICE) values (519,'TEST','TEST','TEST-0-6','Trong kho',41,null,1000);
Insert into APP.PART (PART_ID,NAME,MANUFACTURER,SERIAL,STATUS,STOCK_IN_ID,ORDER_ID,PRICE) values (520,'TEST','TEST','TEST-0-7','Trong kho',41,null,1000);
Insert into APP.PART (PART_ID,NAME,MANUFACTURER,SERIAL,STATUS,STOCK_IN_ID,ORDER_ID,PRICE) values (521,'TEST','TEST','TEST-0-8','Trong kho',41,null,1000);
Insert into APP.PART (PART_ID,NAME,MANUFACTURER,SERIAL,STATUS,STOCK_IN_ID,ORDER_ID,PRICE) values (522,'TEST','TEST','TEST-0-9','Trong kho',41,null,1000);
Insert into APP.PART (PART_ID,NAME,MANUFACTURER,SERIAL,STATUS,STOCK_IN_ID,ORDER_ID,PRICE) values (523,'TEST','TEST','TEST-0-10','Trong kho',41,null,1000);
Insert into APP.PART (PART_ID,NAME,MANUFACTURER,SERIAL,STATUS,STOCK_IN_ID,ORDER_ID,PRICE) values (524,'TEST','TEST','TEST-0-11','Đã xuất kho',41,122,1000);
Insert into APP.PART (PART_ID,NAME,MANUFACTURER,SERIAL,STATUS,STOCK_IN_ID,ORDER_ID,PRICE) values (525,'TEST','TEST','TEST-0-12','Trong kho',41,null,1000);
Insert into APP.PART (PART_ID,NAME,MANUFACTURER,SERIAL,STATUS,STOCK_IN_ID,ORDER_ID,PRICE) values (526,'TEST','TEST','TEST-0-13','Trong kho',41,null,1000);
Insert into APP.PART (PART_ID,NAME,MANUFACTURER,SERIAL,STATUS,STOCK_IN_ID,ORDER_ID,PRICE) values (527,'TEST','TEST','TEST-0-14','Trong kho',41,null,1000);
Insert into APP.PART (PART_ID,NAME,MANUFACTURER,SERIAL,STATUS,STOCK_IN_ID,ORDER_ID,PRICE) values (528,'TEST','TEST','TEST-0-15','Đã xuất kho',41,122,1000);
Insert into APP.PART (PART_ID,NAME,MANUFACTURER,SERIAL,STATUS,STOCK_IN_ID,ORDER_ID,PRICE) values (529,'TEST','TEST','TEST-0-16','Đã xuất kho',41,121,1000);
Insert into APP.PART (PART_ID,NAME,MANUFACTURER,SERIAL,STATUS,STOCK_IN_ID,ORDER_ID,PRICE) values (530,'TEST','TEST','TEST-0-17','Đã xuất kho',41,141,1000);
Insert into APP.PART (PART_ID,NAME,MANUFACTURER,SERIAL,STATUS,STOCK_IN_ID,ORDER_ID,PRICE) values (531,'TEST','TEST','TEST-0-18','Trong kho',41,null,1000);
Insert into APP.PART (PART_ID,NAME,MANUFACTURER,SERIAL,STATUS,STOCK_IN_ID,ORDER_ID,PRICE) values (532,'TEST','TEST','TEST-0-19','Trong kho',41,null,1000);
Insert into APP.PART (PART_ID,NAME,MANUFACTURER,SERIAL,STATUS,STOCK_IN_ID,ORDER_ID,PRICE) values (533,'TEST','TEST','TEST-0-20','Đã xuất kho',41,101,1000);
Insert into APP.PART (PART_ID,NAME,MANUFACTURER,SERIAL,STATUS,STOCK_IN_ID,ORDER_ID,PRICE) values (534,'TEST','TEST','TEST-0-21','Đã xuất kho',41,142,1000);
Insert into APP.PART (PART_ID,NAME,MANUFACTURER,SERIAL,STATUS,STOCK_IN_ID,ORDER_ID,PRICE) values (535,'TEST','TEST','TEST-0-22','Trong kho',41,null,1000);
Insert into APP.PART (PART_ID,NAME,MANUFACTURER,SERIAL,STATUS,STOCK_IN_ID,ORDER_ID,PRICE) values (536,'TEST','TEST','TEST-0-23','Đã xuất kho',41,161,1000);
Insert into APP.PART (PART_ID,NAME,MANUFACTURER,SERIAL,STATUS,STOCK_IN_ID,ORDER_ID,PRICE) values (537,'TEST','TEST','TEST-0-24','Đã xuất kho',41,143,1000);
Insert into APP.PART (PART_ID,NAME,MANUFACTURER,SERIAL,STATUS,STOCK_IN_ID,ORDER_ID,PRICE) values (538,'TEST','TEST','TEST-0-25','Đã xuất kho',41,144,1000);
Insert into APP.PART (PART_ID,NAME,MANUFACTURER,SERIAL,STATUS,STOCK_IN_ID,ORDER_ID,PRICE) values (539,'TEST','TEST','TEST-0-26','Đã xuất kho',41,181,1000);
Insert into APP.PART (PART_ID,NAME,MANUFACTURER,SERIAL,STATUS,STOCK_IN_ID,ORDER_ID,PRICE) values (540,'TEST','TEST','TEST-0-27','Trong kho',41,null,1000);
Insert into APP.PART (PART_ID,NAME,MANUFACTURER,SERIAL,STATUS,STOCK_IN_ID,ORDER_ID,PRICE) values (541,'TEST','TEST','TEST-0-28','Trong kho',41,null,1000);
Insert into APP.PART (PART_ID,NAME,MANUFACTURER,SERIAL,STATUS,STOCK_IN_ID,ORDER_ID,PRICE) values (542,'TEST','TEST','TEST-0-29','Đã gán',41,201,1000);
Insert into APP.PART (PART_ID,NAME,MANUFACTURER,SERIAL,STATUS,STOCK_IN_ID,ORDER_ID,PRICE) values (543,'TEST','TEST','TEST-0-30','Trong kho',41,null,1000);
Insert into APP.PART (PART_ID,NAME,MANUFACTURER,SERIAL,STATUS,STOCK_IN_ID,ORDER_ID,PRICE) values (544,'TEST','TEST','TEST-0-31','Trong kho',41,null,1000);
Insert into APP.PART (PART_ID,NAME,MANUFACTURER,SERIAL,STATUS,STOCK_IN_ID,ORDER_ID,PRICE) values (545,'TEST','TEST','TEST-0-32','Trong kho',41,null,1000);
Insert into APP.PART (PART_ID,NAME,MANUFACTURER,SERIAL,STATUS,STOCK_IN_ID,ORDER_ID,PRICE) values (546,'TEST','TEST','TEST-0-33','Trong kho',41,null,1000);
Insert into APP.PART (PART_ID,NAME,MANUFACTURER,SERIAL,STATUS,STOCK_IN_ID,ORDER_ID,PRICE) values (547,'TEST','TEST','TEST-0-34','Trong kho',41,null,1000);
Insert into APP.PART (PART_ID,NAME,MANUFACTURER,SERIAL,STATUS,STOCK_IN_ID,ORDER_ID,PRICE) values (548,'TEST','TEST','TEST-0-35','Trong kho',41,null,1000);
Insert into APP.PART (PART_ID,NAME,MANUFACTURER,SERIAL,STATUS,STOCK_IN_ID,ORDER_ID,PRICE) values (549,'TEST','TEST','TEST-0-36','Trong kho',41,null,1000);
Insert into APP.PART (PART_ID,NAME,MANUFACTURER,SERIAL,STATUS,STOCK_IN_ID,ORDER_ID,PRICE) values (550,'TEST','TEST','TEST-0-37','Trong kho',41,null,1000);
Insert into APP.PART (PART_ID,NAME,MANUFACTURER,SERIAL,STATUS,STOCK_IN_ID,ORDER_ID,PRICE) values (551,'TEST','TEST','TEST-0-38','Trong kho',41,null,1000);
Insert into APP.PART (PART_ID,NAME,MANUFACTURER,SERIAL,STATUS,STOCK_IN_ID,ORDER_ID,PRICE) values (552,'TEST','TEST','TEST-0-39','Trong kho',41,null,1000);
Insert into APP.PART (PART_ID,NAME,MANUFACTURER,SERIAL,STATUS,STOCK_IN_ID,ORDER_ID,PRICE) values (553,'TEST','TEST','TEST-0-40','Trong kho',41,null,1000);
Insert into APP.PART (PART_ID,NAME,MANUFACTURER,SERIAL,STATUS,STOCK_IN_ID,ORDER_ID,PRICE) values (554,'TEST','TEST','TEST-0-41','Trong kho',41,null,1000);
Insert into APP.PART (PART_ID,NAME,MANUFACTURER,SERIAL,STATUS,STOCK_IN_ID,ORDER_ID,PRICE) values (555,'TEST','TEST','TEST-0-42','Trong kho',41,null,1000);
Insert into APP.PART (PART_ID,NAME,MANUFACTURER,SERIAL,STATUS,STOCK_IN_ID,ORDER_ID,PRICE) values (556,'TEST','TEST','TEST-0-43','Đã xuất kho',41,123,1000);
Insert into APP.PART (PART_ID,NAME,MANUFACTURER,SERIAL,STATUS,STOCK_IN_ID,ORDER_ID,PRICE) values (557,'TEST','TEST','TEST-0-44','Trong kho',41,null,1000);
Insert into APP.PART (PART_ID,NAME,MANUFACTURER,SERIAL,STATUS,STOCK_IN_ID,ORDER_ID,PRICE) values (558,'TEST','TEST','TEST-0-45','Trong kho',41,null,1000);
Insert into APP.PART (PART_ID,NAME,MANUFACTURER,SERIAL,STATUS,STOCK_IN_ID,ORDER_ID,PRICE) values (559,'TEST','TEST','TEST-0-46','Trong kho',41,null,1000);
Insert into APP.PART (PART_ID,NAME,MANUFACTURER,SERIAL,STATUS,STOCK_IN_ID,ORDER_ID,PRICE) values (560,'TEST','TEST','TEST-0-47','Trong kho',41,null,1000);
Insert into APP.PART (PART_ID,NAME,MANUFACTURER,SERIAL,STATUS,STOCK_IN_ID,ORDER_ID,PRICE) values (561,'TEST','TEST','TEST-0-48','Trong kho',41,null,1000);
Insert into APP.PART (PART_ID,NAME,MANUFACTURER,SERIAL,STATUS,STOCK_IN_ID,ORDER_ID,PRICE) values (562,'TEST','TEST','TEST-0-49','Trong kho',41,null,1000);
Insert into APP.PART (PART_ID,NAME,MANUFACTURER,SERIAL,STATUS,STOCK_IN_ID,ORDER_ID,PRICE) values (563,'TEST','TEST','TEST-0-50','Trong kho',41,null,1000);
Insert into APP.PART (PART_ID,NAME,MANUFACTURER,SERIAL,STATUS,STOCK_IN_ID,ORDER_ID,PRICE) values (564,'TEST','TEST','TEST-0-51','Trong kho',41,null,1000);
Insert into APP.PART (PART_ID,NAME,MANUFACTURER,SERIAL,STATUS,STOCK_IN_ID,ORDER_ID,PRICE) values (565,'TEST','TEST','TEST-0-52','Trong kho',41,null,1000);
Insert into APP.PART (PART_ID,NAME,MANUFACTURER,SERIAL,STATUS,STOCK_IN_ID,ORDER_ID,PRICE) values (566,'TEST','TEST','TEST-0-53','Trong kho',41,null,1000);
Insert into APP.PART (PART_ID,NAME,MANUFACTURER,SERIAL,STATUS,STOCK_IN_ID,ORDER_ID,PRICE) values (567,'TEST','TEST','TEST-0-54','Trong kho',41,null,1000);
Insert into APP.PART (PART_ID,NAME,MANUFACTURER,SERIAL,STATUS,STOCK_IN_ID,ORDER_ID,PRICE) values (568,'TEST','TEST','TEST-0-55','Trong kho',41,null,1000);
Insert into APP.PART (PART_ID,NAME,MANUFACTURER,SERIAL,STATUS,STOCK_IN_ID,ORDER_ID,PRICE) values (569,'TEST','TEST','TEST-0-56','Trong kho',41,null,1000);
Insert into APP.PART (PART_ID,NAME,MANUFACTURER,SERIAL,STATUS,STOCK_IN_ID,ORDER_ID,PRICE) values (570,'TEST','TEST','TEST-0-57','Trong kho',41,null,1000);
Insert into APP.PART (PART_ID,NAME,MANUFACTURER,SERIAL,STATUS,STOCK_IN_ID,ORDER_ID,PRICE) values (571,'TEST','TEST','TEST-0-58','Trong kho',41,null,1000);
Insert into APP.PART (PART_ID,NAME,MANUFACTURER,SERIAL,STATUS,STOCK_IN_ID,ORDER_ID,PRICE) values (572,'TEST','TEST','TEST-0-59','Trong kho',41,null,1000);
Insert into APP.PART (PART_ID,NAME,MANUFACTURER,SERIAL,STATUS,STOCK_IN_ID,ORDER_ID,PRICE) values (573,'TEST','TEST','TEST-0-60','Trong kho',41,null,1000);
Insert into APP.PART (PART_ID,NAME,MANUFACTURER,SERIAL,STATUS,STOCK_IN_ID,ORDER_ID,PRICE) values (574,'TEST','TEST','TEST-0-61','Trong kho',41,null,1000);
Insert into APP.PART (PART_ID,NAME,MANUFACTURER,SERIAL,STATUS,STOCK_IN_ID,ORDER_ID,PRICE) values (575,'TEST','TEST','TEST-0-62','Trong kho',41,null,1000);
Insert into APP.PART (PART_ID,NAME,MANUFACTURER,SERIAL,STATUS,STOCK_IN_ID,ORDER_ID,PRICE) values (576,'TEST','TEST','TEST-0-63','Trong kho',41,null,1000);
Insert into APP.PART (PART_ID,NAME,MANUFACTURER,SERIAL,STATUS,STOCK_IN_ID,ORDER_ID,PRICE) values (577,'TEST','TEST','TEST-0-64','Trong kho',41,null,1000);
Insert into APP.PART (PART_ID,NAME,MANUFACTURER,SERIAL,STATUS,STOCK_IN_ID,ORDER_ID,PRICE) values (578,'TEST','TEST','TEST-0-65','Trong kho',41,null,1000);
Insert into APP.PART (PART_ID,NAME,MANUFACTURER,SERIAL,STATUS,STOCK_IN_ID,ORDER_ID,PRICE) values (579,'TEST','TEST','TEST-0-66','Trong kho',41,null,1000);
Insert into APP.PART (PART_ID,NAME,MANUFACTURER,SERIAL,STATUS,STOCK_IN_ID,ORDER_ID,PRICE) values (580,'TEST','TEST','TEST-0-67','Trong kho',41,null,1000);
Insert into APP.PART (PART_ID,NAME,MANUFACTURER,SERIAL,STATUS,STOCK_IN_ID,ORDER_ID,PRICE) values (581,'TEST','TEST','TEST-0-68','Trong kho',41,null,1000);
Insert into APP.PART (PART_ID,NAME,MANUFACTURER,SERIAL,STATUS,STOCK_IN_ID,ORDER_ID,PRICE) values (582,'TEST','TEST','TEST-0-69','Trong kho',41,null,1000);
Insert into APP.PART (PART_ID,NAME,MANUFACTURER,SERIAL,STATUS,STOCK_IN_ID,ORDER_ID,PRICE) values (583,'TEST','TEST','TEST-0-70','Trong kho',41,null,1000);
Insert into APP.PART (PART_ID,NAME,MANUFACTURER,SERIAL,STATUS,STOCK_IN_ID,ORDER_ID,PRICE) values (584,'TEST','TEST','TEST-0-71','Trong kho',41,null,1000);
Insert into APP.PART (PART_ID,NAME,MANUFACTURER,SERIAL,STATUS,STOCK_IN_ID,ORDER_ID,PRICE) values (585,'TEST','TEST','TEST-0-72','Trong kho',41,null,1000);
Insert into APP.PART (PART_ID,NAME,MANUFACTURER,SERIAL,STATUS,STOCK_IN_ID,ORDER_ID,PRICE) values (586,'TEST','TEST','TEST-0-73','Trong kho',41,null,1000);
Insert into APP.PART (PART_ID,NAME,MANUFACTURER,SERIAL,STATUS,STOCK_IN_ID,ORDER_ID,PRICE) values (587,'TEST','TEST','TEST-0-74','Trong kho',41,null,1000);
Insert into APP.PART (PART_ID,NAME,MANUFACTURER,SERIAL,STATUS,STOCK_IN_ID,ORDER_ID,PRICE) values (588,'TEST','TEST','TEST-0-75','Trong kho',41,null,1000);
Insert into APP.PART (PART_ID,NAME,MANUFACTURER,SERIAL,STATUS,STOCK_IN_ID,ORDER_ID,PRICE) values (589,'TEST','TEST','TEST-0-76','Trong kho',41,null,1000);
Insert into APP.PART (PART_ID,NAME,MANUFACTURER,SERIAL,STATUS,STOCK_IN_ID,ORDER_ID,PRICE) values (590,'TEST','TEST','TEST-0-77','Trong kho',41,null,1000);
Insert into APP.PART (PART_ID,NAME,MANUFACTURER,SERIAL,STATUS,STOCK_IN_ID,ORDER_ID,PRICE) values (591,'TEST','TEST','TEST-0-78','Trong kho',41,null,1000);
Insert into APP.PART (PART_ID,NAME,MANUFACTURER,SERIAL,STATUS,STOCK_IN_ID,ORDER_ID,PRICE) values (592,'TEST','TEST','TEST-0-79','Trong kho',41,null,1000);
Insert into APP.PART (PART_ID,NAME,MANUFACTURER,SERIAL,STATUS,STOCK_IN_ID,ORDER_ID,PRICE) values (593,'TEST','TEST','TEST-0-80','Trong kho',41,null,1000);
Insert into APP.PART (PART_ID,NAME,MANUFACTURER,SERIAL,STATUS,STOCK_IN_ID,ORDER_ID,PRICE) values (594,'TEST','TEST','TEST-0-81','Trong kho',41,null,1000);
Insert into APP.PART (PART_ID,NAME,MANUFACTURER,SERIAL,STATUS,STOCK_IN_ID,ORDER_ID,PRICE) values (595,'TEST','TEST','TEST-0-82','Trong kho',41,null,1000);
Insert into APP.PART (PART_ID,NAME,MANUFACTURER,SERIAL,STATUS,STOCK_IN_ID,ORDER_ID,PRICE) values (596,'TEST','TEST','TEST-0-83','Trong kho',41,null,1000);
Insert into APP.PART (PART_ID,NAME,MANUFACTURER,SERIAL,STATUS,STOCK_IN_ID,ORDER_ID,PRICE) values (597,'TEST','TEST','TEST-0-84','Trong kho',41,null,1000);
Insert into APP.PART (PART_ID,NAME,MANUFACTURER,SERIAL,STATUS,STOCK_IN_ID,ORDER_ID,PRICE) values (598,'TEST','TEST','TEST-0-85','Trong kho',41,null,1000);
Insert into APP.PART (PART_ID,NAME,MANUFACTURER,SERIAL,STATUS,STOCK_IN_ID,ORDER_ID,PRICE) values (599,'TEST','TEST','TEST-0-86','Trong kho',41,null,1000);
Insert into APP.PART (PART_ID,NAME,MANUFACTURER,SERIAL,STATUS,STOCK_IN_ID,ORDER_ID,PRICE) values (600,'TEST','TEST','TEST-0-87','Trong kho',41,null,1000);
Insert into APP.PART (PART_ID,NAME,MANUFACTURER,SERIAL,STATUS,STOCK_IN_ID,ORDER_ID,PRICE) values (601,'TEST','TEST','TEST-0-88','Trong kho',41,null,1000);
Insert into APP.PART (PART_ID,NAME,MANUFACTURER,SERIAL,STATUS,STOCK_IN_ID,ORDER_ID,PRICE) values (602,'TEST','TEST','TEST-0-89','Trong kho',41,null,1000);
Insert into APP.PART (PART_ID,NAME,MANUFACTURER,SERIAL,STATUS,STOCK_IN_ID,ORDER_ID,PRICE) values (603,'TEST','TEST','TEST-0-90','Trong kho',41,null,1000);
Insert into APP.PART (PART_ID,NAME,MANUFACTURER,SERIAL,STATUS,STOCK_IN_ID,ORDER_ID,PRICE) values (604,'TEST','TEST','TEST-0-91','Trong kho',41,null,1000);
Insert into APP.PART (PART_ID,NAME,MANUFACTURER,SERIAL,STATUS,STOCK_IN_ID,ORDER_ID,PRICE) values (605,'TEST','TEST','TEST-0-92','Trong kho',41,null,1000);
Insert into APP.PART (PART_ID,NAME,MANUFACTURER,SERIAL,STATUS,STOCK_IN_ID,ORDER_ID,PRICE) values (606,'TEST','TEST','TEST-0-93','Trong kho',41,null,1000);
Insert into APP.PART (PART_ID,NAME,MANUFACTURER,SERIAL,STATUS,STOCK_IN_ID,ORDER_ID,PRICE) values (607,'TEST','TEST','TEST-0-94','Trong kho',41,null,1000);
Insert into APP.PART (PART_ID,NAME,MANUFACTURER,SERIAL,STATUS,STOCK_IN_ID,ORDER_ID,PRICE) values (608,'TEST','TEST','TEST-0-95','Trong kho',41,null,1000);
Insert into APP.PART (PART_ID,NAME,MANUFACTURER,SERIAL,STATUS,STOCK_IN_ID,ORDER_ID,PRICE) values (609,'TEST','TEST','TEST-0-96','Trong kho',41,null,1000);
Insert into APP.PART (PART_ID,NAME,MANUFACTURER,SERIAL,STATUS,STOCK_IN_ID,ORDER_ID,PRICE) values (610,'TEST','TEST','TEST-0-97','Trong kho',41,null,1000);
Insert into APP.PART (PART_ID,NAME,MANUFACTURER,SERIAL,STATUS,STOCK_IN_ID,ORDER_ID,PRICE) values (611,'TEST','TEST','TEST-0-98','Trong kho',41,null,1000);
Insert into APP.PART (PART_ID,NAME,MANUFACTURER,SERIAL,STATUS,STOCK_IN_ID,ORDER_ID,PRICE) values (612,'TEST','TEST','TEST-0-99','Trong kho',41,null,1000);
Insert into APP.PART (PART_ID,NAME,MANUFACTURER,SERIAL,STATUS,STOCK_IN_ID,ORDER_ID,PRICE) values (613,'TEST','TEST','TEST-0-100','Trong kho',41,null,1000);
Insert into APP.PART (PART_ID,NAME,MANUFACTURER,SERIAL,STATUS,STOCK_IN_ID,ORDER_ID,PRICE) values (614,'TEST','TEST','TEST-0-101','Trong kho',41,null,1000);
Insert into APP.PART (PART_ID,NAME,MANUFACTURER,SERIAL,STATUS,STOCK_IN_ID,ORDER_ID,PRICE) values (615,'TEST','TEST','TEST-0-102','Trong kho',41,null,1000);
Insert into APP.PART (PART_ID,NAME,MANUFACTURER,SERIAL,STATUS,STOCK_IN_ID,ORDER_ID,PRICE) values (616,'TEST','TEST','TEST-0-103','Trong kho',41,null,1000);
Insert into APP.PART (PART_ID,NAME,MANUFACTURER,SERIAL,STATUS,STOCK_IN_ID,ORDER_ID,PRICE) values (617,'TEST','TEST','TEST-0-104','Trong kho',41,null,1000);
Insert into APP.PART (PART_ID,NAME,MANUFACTURER,SERIAL,STATUS,STOCK_IN_ID,ORDER_ID,PRICE) values (618,'TEST','TEST','TEST-0-105','Trong kho',41,null,1000);
Insert into APP.PART (PART_ID,NAME,MANUFACTURER,SERIAL,STATUS,STOCK_IN_ID,ORDER_ID,PRICE) values (619,'TEST','TEST','TEST-0-106','Trong kho',41,null,1000);
Insert into APP.PART (PART_ID,NAME,MANUFACTURER,SERIAL,STATUS,STOCK_IN_ID,ORDER_ID,PRICE) values (620,'TEST','TEST','TEST-0-107','Trong kho',41,null,1000);
Insert into APP.PART (PART_ID,NAME,MANUFACTURER,SERIAL,STATUS,STOCK_IN_ID,ORDER_ID,PRICE) values (621,'TEST','TEST','TEST-0-108','Trong kho',41,null,1000);
Insert into APP.PART (PART_ID,NAME,MANUFACTURER,SERIAL,STATUS,STOCK_IN_ID,ORDER_ID,PRICE) values (622,'TEST','TEST','TEST-0-109','Trong kho',41,null,1000);
Insert into APP.PART (PART_ID,NAME,MANUFACTURER,SERIAL,STATUS,STOCK_IN_ID,ORDER_ID,PRICE) values (623,'TEST','TEST','TEST-0-110','Trong kho',41,null,1000);
Insert into APP.PART (PART_ID,NAME,MANUFACTURER,SERIAL,STATUS,STOCK_IN_ID,ORDER_ID,PRICE) values (624,'TEST','TEST','TEST-0-111','Trong kho',41,null,1000);
Insert into APP.PART (PART_ID,NAME,MANUFACTURER,SERIAL,STATUS,STOCK_IN_ID,ORDER_ID,PRICE) values (625,'TEST','TEST','TEST-0-112','Trong kho',41,null,1000);
Insert into APP.PART (PART_ID,NAME,MANUFACTURER,SERIAL,STATUS,STOCK_IN_ID,ORDER_ID,PRICE) values (626,'TEST','TEST','TEST-0-113','Trong kho',41,null,1000);
Insert into APP.PART (PART_ID,NAME,MANUFACTURER,SERIAL,STATUS,STOCK_IN_ID,ORDER_ID,PRICE) values (627,'TEST','TEST','TEST-0-114','Trong kho',41,null,1000);
Insert into APP.PART (PART_ID,NAME,MANUFACTURER,SERIAL,STATUS,STOCK_IN_ID,ORDER_ID,PRICE) values (628,'TEST','TEST','TEST-0-115','Trong kho',41,null,1000);
Insert into APP.PART (PART_ID,NAME,MANUFACTURER,SERIAL,STATUS,STOCK_IN_ID,ORDER_ID,PRICE) values (629,'TEST','TEST','TEST-0-116','Trong kho',41,null,1000);
Insert into APP.PART (PART_ID,NAME,MANUFACTURER,SERIAL,STATUS,STOCK_IN_ID,ORDER_ID,PRICE) values (630,'TEST','TEST','TEST-0-117','Trong kho',41,null,1000);
Insert into APP.PART (PART_ID,NAME,MANUFACTURER,SERIAL,STATUS,STOCK_IN_ID,ORDER_ID,PRICE) values (631,'TEST','TEST','TEST-0-118','Trong kho',41,null,1000);
Insert into APP.PART (PART_ID,NAME,MANUFACTURER,SERIAL,STATUS,STOCK_IN_ID,ORDER_ID,PRICE) values (632,'TEST','TEST','TEST-0-119','Trong kho',41,null,1000);
Insert into APP.PART (PART_ID,NAME,MANUFACTURER,SERIAL,STATUS,STOCK_IN_ID,ORDER_ID,PRICE) values (633,'TEST','TEST','TEST-0-120','Trong kho',41,null,1000);
Insert into APP.PART (PART_ID,NAME,MANUFACTURER,SERIAL,STATUS,STOCK_IN_ID,ORDER_ID,PRICE) values (634,'TEST','TEST','TEST-0-121','Trong kho',41,null,1000);
Insert into APP.PART (PART_ID,NAME,MANUFACTURER,SERIAL,STATUS,STOCK_IN_ID,ORDER_ID,PRICE) values (635,'TEST','TEST','TEST-0-122','Trong kho',41,null,1000);
Insert into APP.PART (PART_ID,NAME,MANUFACTURER,SERIAL,STATUS,STOCK_IN_ID,ORDER_ID,PRICE) values (636,'TEST','TEST','TEST-0-123','Trong kho',41,null,1000);
Insert into APP.PART (PART_ID,NAME,MANUFACTURER,SERIAL,STATUS,STOCK_IN_ID,ORDER_ID,PRICE) values (637,'TEST','TEST','TEST-0-124','Trong kho',41,null,1000);
Insert into APP.PART (PART_ID,NAME,MANUFACTURER,SERIAL,STATUS,STOCK_IN_ID,ORDER_ID,PRICE) values (638,'TEST','TEST','TEST-0-125','Trong kho',41,null,1000);
Insert into APP.PART (PART_ID,NAME,MANUFACTURER,SERIAL,STATUS,STOCK_IN_ID,ORDER_ID,PRICE) values (639,'TEST','TEST','TEST-0-126','Trong kho',41,null,1000);
Insert into APP.PART (PART_ID,NAME,MANUFACTURER,SERIAL,STATUS,STOCK_IN_ID,ORDER_ID,PRICE) values (640,'TEST','TEST','TEST-0-127','Trong kho',41,null,1000);
Insert into APP.PART (PART_ID,NAME,MANUFACTURER,SERIAL,STATUS,STOCK_IN_ID,ORDER_ID,PRICE) values (641,'TEST','TEST','TEST-0-128','Trong kho',41,null,1000);
Insert into APP.PART (PART_ID,NAME,MANUFACTURER,SERIAL,STATUS,STOCK_IN_ID,ORDER_ID,PRICE) values (642,'TEST','TEST','TEST-0-129','Trong kho',41,null,1000);
Insert into APP.PART (PART_ID,NAME,MANUFACTURER,SERIAL,STATUS,STOCK_IN_ID,ORDER_ID,PRICE) values (643,'TEST','TEST','TEST-0-130','Trong kho',41,null,1000);
Insert into APP.PART (PART_ID,NAME,MANUFACTURER,SERIAL,STATUS,STOCK_IN_ID,ORDER_ID,PRICE) values (644,'TEST','TEST','TEST-0-131','Trong kho',41,null,1000);
Insert into APP.PART (PART_ID,NAME,MANUFACTURER,SERIAL,STATUS,STOCK_IN_ID,ORDER_ID,PRICE) values (645,'TEST','TEST','TEST-0-132','Trong kho',41,null,1000);
Insert into APP.PART (PART_ID,NAME,MANUFACTURER,SERIAL,STATUS,STOCK_IN_ID,ORDER_ID,PRICE) values (646,'TEST','TEST','TEST-0-133','Trong kho',41,null,1000);
Insert into APP.PART (PART_ID,NAME,MANUFACTURER,SERIAL,STATUS,STOCK_IN_ID,ORDER_ID,PRICE) values (647,'TEST','TEST','TEST-0-134','Trong kho',41,null,1000);
Insert into APP.PART (PART_ID,NAME,MANUFACTURER,SERIAL,STATUS,STOCK_IN_ID,ORDER_ID,PRICE) values (648,'TEST','TEST','TEST-0-135','Trong kho',41,null,1000);
Insert into APP.PART (PART_ID,NAME,MANUFACTURER,SERIAL,STATUS,STOCK_IN_ID,ORDER_ID,PRICE) values (649,'TEST','TEST','TEST-0-136','Trong kho',41,null,1000);
Insert into APP.PART (PART_ID,NAME,MANUFACTURER,SERIAL,STATUS,STOCK_IN_ID,ORDER_ID,PRICE) values (650,'TEST','TEST','TEST-0-137','Trong kho',41,null,1000);
Insert into APP.PART (PART_ID,NAME,MANUFACTURER,SERIAL,STATUS,STOCK_IN_ID,ORDER_ID,PRICE) values (651,'TEST','TEST','TEST-0-138','Trong kho',41,null,1000);
Insert into APP.PART (PART_ID,NAME,MANUFACTURER,SERIAL,STATUS,STOCK_IN_ID,ORDER_ID,PRICE) values (652,'TEST','TEST','TEST-0-139','Trong kho',41,null,1000);
Insert into APP.PART (PART_ID,NAME,MANUFACTURER,SERIAL,STATUS,STOCK_IN_ID,ORDER_ID,PRICE) values (653,'TEST','TEST','TEST-0-140','Trong kho',41,null,1000);
Insert into APP.PART (PART_ID,NAME,MANUFACTURER,SERIAL,STATUS,STOCK_IN_ID,ORDER_ID,PRICE) values (654,'TEST','TEST','TEST-0-141','Trong kho',41,null,1000);
Insert into APP.PART (PART_ID,NAME,MANUFACTURER,SERIAL,STATUS,STOCK_IN_ID,ORDER_ID,PRICE) values (655,'TEST','TEST','TEST-0-142','Trong kho',41,null,1000);
Insert into APP.PART (PART_ID,NAME,MANUFACTURER,SERIAL,STATUS,STOCK_IN_ID,ORDER_ID,PRICE) values (656,'TEST','TEST','TEST-0-143','Trong kho',41,null,1000);
Insert into APP.PART (PART_ID,NAME,MANUFACTURER,SERIAL,STATUS,STOCK_IN_ID,ORDER_ID,PRICE) values (657,'TEST','TEST','TEST-0-144','Trong kho',41,null,1000);
Insert into APP.PART (PART_ID,NAME,MANUFACTURER,SERIAL,STATUS,STOCK_IN_ID,ORDER_ID,PRICE) values (658,'TEST','TEST','TEST-0-145','Trong kho',41,null,1000);
Insert into APP.PART (PART_ID,NAME,MANUFACTURER,SERIAL,STATUS,STOCK_IN_ID,ORDER_ID,PRICE) values (659,'TEST','TEST','TEST-0-146','Trong kho',41,null,1000);
Insert into APP.PART (PART_ID,NAME,MANUFACTURER,SERIAL,STATUS,STOCK_IN_ID,ORDER_ID,PRICE) values (660,'TEST','TEST','TEST-0-147','Trong kho',41,null,1000);
Insert into APP.PART (PART_ID,NAME,MANUFACTURER,SERIAL,STATUS,STOCK_IN_ID,ORDER_ID,PRICE) values (661,'TEST','TEST','TEST-0-148','Trong kho',41,null,1000);
Insert into APP.PART (PART_ID,NAME,MANUFACTURER,SERIAL,STATUS,STOCK_IN_ID,ORDER_ID,PRICE) values (662,'TEST','TEST','TEST-0-149','Trong kho',41,null,1000);
Insert into APP.PART (PART_ID,NAME,MANUFACTURER,SERIAL,STATUS,STOCK_IN_ID,ORDER_ID,PRICE) values (663,'TEST','TEST','TEST-0-150','Trong kho',41,null,1000);
Insert into APP.PART (PART_ID,NAME,MANUFACTURER,SERIAL,STATUS,STOCK_IN_ID,ORDER_ID,PRICE) values (664,'TEST','TEST','TEST-0-151','Trong kho',41,null,1000);
Insert into APP.PART (PART_ID,NAME,MANUFACTURER,SERIAL,STATUS,STOCK_IN_ID,ORDER_ID,PRICE) values (665,'TEST','TEST','TEST-0-152','Trong kho',41,null,1000);
Insert into APP.PART (PART_ID,NAME,MANUFACTURER,SERIAL,STATUS,STOCK_IN_ID,ORDER_ID,PRICE) values (666,'TEST','TEST','TEST-0-153','Trong kho',41,null,1000);
Insert into APP.PART (PART_ID,NAME,MANUFACTURER,SERIAL,STATUS,STOCK_IN_ID,ORDER_ID,PRICE) values (667,'TEST','TEST','TEST-0-154','Trong kho',41,null,1000);
Insert into APP.PART (PART_ID,NAME,MANUFACTURER,SERIAL,STATUS,STOCK_IN_ID,ORDER_ID,PRICE) values (668,'TEST','TEST','TEST-0-155','Trong kho',41,null,1000);
Insert into APP.PART (PART_ID,NAME,MANUFACTURER,SERIAL,STATUS,STOCK_IN_ID,ORDER_ID,PRICE) values (714,'A','A','A','Trong kho',42,null,100000);
Insert into APP.PART (PART_ID,NAME,MANUFACTURER,SERIAL,STATUS,STOCK_IN_ID,ORDER_ID,PRICE) values (718,'Q','Q','Q','Trong kho',47,null,10000);
Insert into APP.PART (PART_ID,NAME,MANUFACTURER,SERIAL,STATUS,STOCK_IN_ID,ORDER_ID,PRICE) values (719,'W','W','W','Trong kho',48,null,10000);
Insert into APP.PART (PART_ID,NAME,MANUFACTURER,SERIAL,STATUS,STOCK_IN_ID,ORDER_ID,PRICE) values (302,'Mặt kính lưng IP XS','Apple','MKLXS-1','Trong kho',36,null,10000);
Insert into APP.PART (PART_ID,NAME,MANUFACTURER,SERIAL,STATUS,STOCK_IN_ID,ORDER_ID,PRICE) values (303,'Mặt kính lưng IP XS','Apple','MKLXS-2','Đã xuất kho',36,85,10000);
Insert into APP.PART (PART_ID,NAME,MANUFACTURER,SERIAL,STATUS,STOCK_IN_ID,ORDER_ID,PRICE) values (304,'Mặt kính lưng IP XS','Apple','MKLXS-3','Trong kho',36,null,10000);
Insert into APP.PART (PART_ID,NAME,MANUFACTURER,SERIAL,STATUS,STOCK_IN_ID,ORDER_ID,PRICE) values (305,'Mặt kính lưng IP XS','Apple','MKLXS-4','Trong kho',36,null,10000);
Insert into APP.PART (PART_ID,NAME,MANUFACTURER,SERIAL,STATUS,STOCK_IN_ID,ORDER_ID,PRICE) values (306,'Mặt kính lưng IP XS','Apple','MKLXS-5','Đã xuất kho',36,83,10000);
Insert into APP.PART (PART_ID,NAME,MANUFACTURER,SERIAL,STATUS,STOCK_IN_ID,ORDER_ID,PRICE) values (307,'Mặt kính lưng IP XS','Apple','MKLXS-6','Trong kho',36,null,10000);
Insert into APP.PART (PART_ID,NAME,MANUFACTURER,SERIAL,STATUS,STOCK_IN_ID,ORDER_ID,PRICE) values (308,'Mặt kính lưng IP XS','Apple','MKLXS-7','Trong kho',36,null,10000);
Insert into APP.PART (PART_ID,NAME,MANUFACTURER,SERIAL,STATUS,STOCK_IN_ID,ORDER_ID,PRICE) values (309,'Mặt kính lưng IP XS','Apple','MKLXS-8','Trong kho',36,null,10000);
Insert into APP.PART (PART_ID,NAME,MANUFACTURER,SERIAL,STATUS,STOCK_IN_ID,ORDER_ID,PRICE) values (310,'Mặt kính lưng IP XS','Apple','MKLXS-9','Trong kho',36,null,10000);
Insert into APP.PART (PART_ID,NAME,MANUFACTURER,SERIAL,STATUS,STOCK_IN_ID,ORDER_ID,PRICE) values (311,'Mặt kính lưng IP XS','Apple','MKLXS-10','Trong kho',36,null,10000);
Insert into APP.PART (PART_ID,NAME,MANUFACTURER,SERIAL,STATUS,STOCK_IN_ID,ORDER_ID,PRICE) values (669,'TEST','TEST','TEST-0-156','Trong kho',41,null,1000);
Insert into APP.PART (PART_ID,NAME,MANUFACTURER,SERIAL,STATUS,STOCK_IN_ID,ORDER_ID,PRICE) values (670,'TEST','TEST','TEST-0-157','Trong kho',41,null,1000);
Insert into APP.PART (PART_ID,NAME,MANUFACTURER,SERIAL,STATUS,STOCK_IN_ID,ORDER_ID,PRICE) values (671,'TEST','TEST','TEST-0-158','Trong kho',41,null,1000);
Insert into APP.PART (PART_ID,NAME,MANUFACTURER,SERIAL,STATUS,STOCK_IN_ID,ORDER_ID,PRICE) values (672,'TEST','TEST','TEST-0-159','Trong kho',41,null,1000);
Insert into APP.PART (PART_ID,NAME,MANUFACTURER,SERIAL,STATUS,STOCK_IN_ID,ORDER_ID,PRICE) values (673,'TEST','TEST','TEST-0-160','Trong kho',41,null,1000);
Insert into APP.PART (PART_ID,NAME,MANUFACTURER,SERIAL,STATUS,STOCK_IN_ID,ORDER_ID,PRICE) values (674,'TEST','TEST','TEST-0-161','Trong kho',41,null,1000);
Insert into APP.PART (PART_ID,NAME,MANUFACTURER,SERIAL,STATUS,STOCK_IN_ID,ORDER_ID,PRICE) values (675,'TEST','TEST','TEST-0-162','Trong kho',41,null,1000);
Insert into APP.PART (PART_ID,NAME,MANUFACTURER,SERIAL,STATUS,STOCK_IN_ID,ORDER_ID,PRICE) values (676,'TEST','TEST','TEST-0-163','Trong kho',41,null,1000);
Insert into APP.PART (PART_ID,NAME,MANUFACTURER,SERIAL,STATUS,STOCK_IN_ID,ORDER_ID,PRICE) values (677,'TEST','TEST','TEST-0-164','Trong kho',41,null,1000);
Insert into APP.PART (PART_ID,NAME,MANUFACTURER,SERIAL,STATUS,STOCK_IN_ID,ORDER_ID,PRICE) values (678,'TEST','TEST','TEST-0-165','Trong kho',41,null,1000);
Insert into APP.PART (PART_ID,NAME,MANUFACTURER,SERIAL,STATUS,STOCK_IN_ID,ORDER_ID,PRICE) values (679,'TEST','TEST','TEST-0-166','Trong kho',41,null,1000);
Insert into APP.PART (PART_ID,NAME,MANUFACTURER,SERIAL,STATUS,STOCK_IN_ID,ORDER_ID,PRICE) values (680,'TEST','TEST','TEST-0-167','Trong kho',41,null,1000);
Insert into APP.PART (PART_ID,NAME,MANUFACTURER,SERIAL,STATUS,STOCK_IN_ID,ORDER_ID,PRICE) values (681,'TEST','TEST','TEST-0-168','Trong kho',41,null,1000);
Insert into APP.PART (PART_ID,NAME,MANUFACTURER,SERIAL,STATUS,STOCK_IN_ID,ORDER_ID,PRICE) values (682,'TEST','TEST','TEST-0-169','Trong kho',41,null,1000);
Insert into APP.PART (PART_ID,NAME,MANUFACTURER,SERIAL,STATUS,STOCK_IN_ID,ORDER_ID,PRICE) values (683,'TEST','TEST','TEST-0-170','Trong kho',41,null,1000);
Insert into APP.PART (PART_ID,NAME,MANUFACTURER,SERIAL,STATUS,STOCK_IN_ID,ORDER_ID,PRICE) values (684,'TEST','TEST','TEST-0-171','Trong kho',41,null,1000);
Insert into APP.PART (PART_ID,NAME,MANUFACTURER,SERIAL,STATUS,STOCK_IN_ID,ORDER_ID,PRICE) values (685,'TEST','TEST','TEST-0-172','Trong kho',41,null,1000);
Insert into APP.PART (PART_ID,NAME,MANUFACTURER,SERIAL,STATUS,STOCK_IN_ID,ORDER_ID,PRICE) values (686,'TEST','TEST','TEST-0-173','Trong kho',41,null,1000);
Insert into APP.PART (PART_ID,NAME,MANUFACTURER,SERIAL,STATUS,STOCK_IN_ID,ORDER_ID,PRICE) values (687,'TEST','TEST','TEST-0-174','Trong kho',41,null,1000);
Insert into APP.PART (PART_ID,NAME,MANUFACTURER,SERIAL,STATUS,STOCK_IN_ID,ORDER_ID,PRICE) values (688,'TEST','TEST','TEST-0-175','Trong kho',41,null,1000);
Insert into APP.PART (PART_ID,NAME,MANUFACTURER,SERIAL,STATUS,STOCK_IN_ID,ORDER_ID,PRICE) values (689,'TEST','TEST','TEST-0-176','Trong kho',41,null,1000);
Insert into APP.PART (PART_ID,NAME,MANUFACTURER,SERIAL,STATUS,STOCK_IN_ID,ORDER_ID,PRICE) values (690,'TEST','TEST','TEST-0-177','Trong kho',41,null,1000);
Insert into APP.PART (PART_ID,NAME,MANUFACTURER,SERIAL,STATUS,STOCK_IN_ID,ORDER_ID,PRICE) values (691,'TEST','TEST','TEST-0-178','Trong kho',41,null,1000);
Insert into APP.PART (PART_ID,NAME,MANUFACTURER,SERIAL,STATUS,STOCK_IN_ID,ORDER_ID,PRICE) values (692,'TEST','TEST','TEST-0-179','Trong kho',41,null,1000);
Insert into APP.PART (PART_ID,NAME,MANUFACTURER,SERIAL,STATUS,STOCK_IN_ID,ORDER_ID,PRICE) values (693,'TEST','TEST','TEST-0-180','Trong kho',41,null,1000);
Insert into APP.PART (PART_ID,NAME,MANUFACTURER,SERIAL,STATUS,STOCK_IN_ID,ORDER_ID,PRICE) values (694,'TEST','TEST','TEST-0-181','Trong kho',41,null,1000);
Insert into APP.PART (PART_ID,NAME,MANUFACTURER,SERIAL,STATUS,STOCK_IN_ID,ORDER_ID,PRICE) values (695,'TEST','TEST','TEST-0-182','Trong kho',41,null,1000);
Insert into APP.PART (PART_ID,NAME,MANUFACTURER,SERIAL,STATUS,STOCK_IN_ID,ORDER_ID,PRICE) values (696,'TEST','TEST','TEST-0-183','Trong kho',41,null,1000);
Insert into APP.PART (PART_ID,NAME,MANUFACTURER,SERIAL,STATUS,STOCK_IN_ID,ORDER_ID,PRICE) values (697,'TEST','TEST','TEST-0-184','Trong kho',41,null,1000);
Insert into APP.PART (PART_ID,NAME,MANUFACTURER,SERIAL,STATUS,STOCK_IN_ID,ORDER_ID,PRICE) values (698,'TEST','TEST','TEST-0-185','Trong kho',41,null,1000);
Insert into APP.PART (PART_ID,NAME,MANUFACTURER,SERIAL,STATUS,STOCK_IN_ID,ORDER_ID,PRICE) values (699,'TEST','TEST','TEST-0-186','Trong kho',41,null,1000);
Insert into APP.PART (PART_ID,NAME,MANUFACTURER,SERIAL,STATUS,STOCK_IN_ID,ORDER_ID,PRICE) values (700,'TEST','TEST','TEST-0-187','Trong kho',41,null,1000);
Insert into APP.PART (PART_ID,NAME,MANUFACTURER,SERIAL,STATUS,STOCK_IN_ID,ORDER_ID,PRICE) values (701,'TEST','TEST','TEST-0-188','Trong kho',41,null,1000);
Insert into APP.PART (PART_ID,NAME,MANUFACTURER,SERIAL,STATUS,STOCK_IN_ID,ORDER_ID,PRICE) values (702,'TEST','TEST','TEST-0-189','Trong kho',41,null,1000);
Insert into APP.PART (PART_ID,NAME,MANUFACTURER,SERIAL,STATUS,STOCK_IN_ID,ORDER_ID,PRICE) values (703,'TEST','TEST','TEST-0-190','Trong kho',41,null,1000);
Insert into APP.PART (PART_ID,NAME,MANUFACTURER,SERIAL,STATUS,STOCK_IN_ID,ORDER_ID,PRICE) values (704,'TEST','TEST','TEST-0-191','Trong kho',41,null,1000);
Insert into APP.PART (PART_ID,NAME,MANUFACTURER,SERIAL,STATUS,STOCK_IN_ID,ORDER_ID,PRICE) values (705,'TEST','TEST','TEST-0-192','Trong kho',41,null,1000);
Insert into APP.PART (PART_ID,NAME,MANUFACTURER,SERIAL,STATUS,STOCK_IN_ID,ORDER_ID,PRICE) values (706,'TEST','TEST','TEST-0-193','Trong kho',41,null,1000);
Insert into APP.PART (PART_ID,NAME,MANUFACTURER,SERIAL,STATUS,STOCK_IN_ID,ORDER_ID,PRICE) values (707,'TEST','TEST','TEST-0-194','Trong kho',41,null,1000);
Insert into APP.PART (PART_ID,NAME,MANUFACTURER,SERIAL,STATUS,STOCK_IN_ID,ORDER_ID,PRICE) values (708,'TEST','TEST','TEST-0-195','Trong kho',41,null,1000);
Insert into APP.PART (PART_ID,NAME,MANUFACTURER,SERIAL,STATUS,STOCK_IN_ID,ORDER_ID,PRICE) values (709,'TEST','TEST','TEST-0-196','Trong kho',41,null,1000);
Insert into APP.PART (PART_ID,NAME,MANUFACTURER,SERIAL,STATUS,STOCK_IN_ID,ORDER_ID,PRICE) values (710,'TEST','TEST','TEST-0-197','Trong kho',41,null,1000);
Insert into APP.PART (PART_ID,NAME,MANUFACTURER,SERIAL,STATUS,STOCK_IN_ID,ORDER_ID,PRICE) values (711,'TEST','TEST','TEST-0-198','Trong kho',41,null,1000);
Insert into APP.PART (PART_ID,NAME,MANUFACTURER,SERIAL,STATUS,STOCK_IN_ID,ORDER_ID,PRICE) values (712,'TEST','TEST','TEST-0-199','Trong kho',41,null,1000);
Insert into APP.PART (PART_ID,NAME,MANUFACTURER,SERIAL,STATUS,STOCK_IN_ID,ORDER_ID,PRICE) values (713,'TEST','TEST','TEST-0-200','Trong kho',41,null,1000);
Insert into APP.PART (PART_ID,NAME,MANUFACTURER,SERIAL,STATUS,STOCK_IN_ID,ORDER_ID,PRICE) values (715,'AC','AC','AC','Trong kho',44,null,1000);
Insert into APP.PART (PART_ID,NAME,MANUFACTURER,SERIAL,STATUS,STOCK_IN_ID,ORDER_ID,PRICE) values (716,'ABCC','ABCC','ABCC','Trong kho',45,null,10000);
Insert into APP.PART (PART_ID,NAME,MANUFACTURER,SERIAL,STATUS,STOCK_IN_ID,ORDER_ID,PRICE) values (717,'Admin','Admin','Admin','Trong kho',46,null,1000);
Insert into APP.PART (PART_ID,NAME,MANUFACTURER,SERIAL,STATUS,STOCK_IN_ID,ORDER_ID,PRICE) values (726,'HDM','HDM','HDM-1','Trong kho',55,null,10000);
Insert into APP.PART (PART_ID,NAME,MANUFACTURER,SERIAL,STATUS,STOCK_IN_ID,ORDER_ID,PRICE) values (727,'AWE','AWE','AWE','Trong kho',56,null,10000);
Insert into APP.PART (PART_ID,NAME,MANUFACTURER,SERIAL,STATUS,STOCK_IN_ID,ORDER_ID,PRICE) values (313,'Test','Test','Test-1','Trong kho',38,null,10000);
Insert into APP.PART (PART_ID,NAME,MANUFACTURER,SERIAL,STATUS,STOCK_IN_ID,ORDER_ID,PRICE) values (720,'E','E','E','Trong kho',49,null,1000);
Insert into APP.PART (PART_ID,NAME,MANUFACTURER,SERIAL,STATUS,STOCK_IN_ID,ORDER_ID,PRICE) values (721,'Admin2','Admin2','Admin2','Trong kho',50,null,10000);
Insert into APP.PART (PART_ID,NAME,MANUFACTURER,SERIAL,STATUS,STOCK_IN_ID,ORDER_ID,PRICE) values (722,'Admin3','Admin3','Admin3','Trong kho',51,null,10000);
Insert into APP.PART (PART_ID,NAME,MANUFACTURER,SERIAL,STATUS,STOCK_IN_ID,ORDER_ID,PRICE) values (723,'Admin4','Admin4','Admin4','Trong kho',52,null,10000);
Insert into APP.PART (PART_ID,NAME,MANUFACTURER,SERIAL,STATUS,STOCK_IN_ID,ORDER_ID,PRICE) values (724,'Admin5','Admin5','Admin5','Trong kho',53,null,10000);
Insert into APP.PART (PART_ID,NAME,MANUFACTURER,SERIAL,STATUS,STOCK_IN_ID,ORDER_ID,PRICE) values (725,'Admin6','Admin6','Admin6','Trong kho',54,null,10000);
Insert into APP.PART (PART_ID,NAME,MANUFACTURER,SERIAL,STATUS,STOCK_IN_ID,ORDER_ID,PRICE) values (728,'ADDD','ADDD','ADDD','Trong kho',57,null,10000);
REM INSERTING into APP.PART_REQUEST
SET DEFINE OFF;
Insert into APP.PART_REQUEST (REQUEST_ID,ORDER_ID,EMP_ID,REQUEST_DATE,STATUS) values (27,84,1,to_date('10-NOV-25','DD-MON-RR'),'Đồng ý');
Insert into APP.PART_REQUEST (REQUEST_ID,ORDER_ID,EMP_ID,REQUEST_DATE,STATUS) values (30,121,1,to_date('11-NOV-25','DD-MON-RR'),'Đồng ý');
Insert into APP.PART_REQUEST (REQUEST_ID,ORDER_ID,EMP_ID,REQUEST_DATE,STATUS) values (39,161,1,to_date('17-NOV-25','DD-MON-RR'),'Đồng ý');
Insert into APP.PART_REQUEST (REQUEST_ID,ORDER_ID,EMP_ID,REQUEST_DATE,STATUS) values (41,201,1,to_date('20-NOV-25','DD-MON-RR'),'Đồng ý');
Insert into APP.PART_REQUEST (REQUEST_ID,ORDER_ID,EMP_ID,REQUEST_DATE,STATUS) values (31,122,1,to_date('11-NOV-25','DD-MON-RR'),'Đồng ý');
Insert into APP.PART_REQUEST (REQUEST_ID,ORDER_ID,EMP_ID,REQUEST_DATE,STATUS) values (32,123,1,to_date('11-NOV-25','DD-MON-RR'),'Đồng ý');
Insert into APP.PART_REQUEST (REQUEST_ID,ORDER_ID,EMP_ID,REQUEST_DATE,STATUS) values (33,124,1,to_date('11-NOV-25','DD-MON-RR'),'Đồng ý');
Insert into APP.PART_REQUEST (REQUEST_ID,ORDER_ID,EMP_ID,REQUEST_DATE,STATUS) values (34,125,1,to_date('11-NOV-25','DD-MON-RR'),'Đồng ý');
Insert into APP.PART_REQUEST (REQUEST_ID,ORDER_ID,EMP_ID,REQUEST_DATE,STATUS) values (40,181,1,to_date('18-NOV-25','DD-MON-RR'),'Đồng ý');
Insert into APP.PART_REQUEST (REQUEST_ID,ORDER_ID,EMP_ID,REQUEST_DATE,STATUS) values (35,141,1,to_date('14-NOV-25','DD-MON-RR'),'Đồng ý');
Insert into APP.PART_REQUEST (REQUEST_ID,ORDER_ID,EMP_ID,REQUEST_DATE,STATUS) values (36,142,1,to_date('14-NOV-25','DD-MON-RR'),'Đồng ý');
Insert into APP.PART_REQUEST (REQUEST_ID,ORDER_ID,EMP_ID,REQUEST_DATE,STATUS) values (37,143,1,to_date('14-NOV-25','DD-MON-RR'),'Đồng ý');
Insert into APP.PART_REQUEST (REQUEST_ID,ORDER_ID,EMP_ID,REQUEST_DATE,STATUS) values (38,144,1,to_date('14-NOV-25','DD-MON-RR'),'Đồng ý');
Insert into APP.PART_REQUEST (REQUEST_ID,ORDER_ID,EMP_ID,REQUEST_DATE,STATUS) values (26,84,1,to_date('10-NOV-25','DD-MON-RR'),'ACCEPT');
Insert into APP.PART_REQUEST (REQUEST_ID,ORDER_ID,EMP_ID,REQUEST_DATE,STATUS) values (28,83,1,to_date('11-NOV-25','DD-MON-RR'),'Đồng ý');
Insert into APP.PART_REQUEST (REQUEST_ID,ORDER_ID,EMP_ID,REQUEST_DATE,STATUS) values (29,101,1,to_date('11-NOV-25','DD-MON-RR'),'Đồng ý');
REM INSERTING into APP.PART_REQUEST_ITEM
SET DEFINE OFF;
Insert into APP.PART_REQUEST_ITEM (REQUEST_ID,PART_ID) values (26,303);
Insert into APP.PART_REQUEST_ITEM (REQUEST_ID,PART_ID) values (27,312);
Insert into APP.PART_REQUEST_ITEM (REQUEST_ID,PART_ID) values (28,306);
Insert into APP.PART_REQUEST_ITEM (REQUEST_ID,PART_ID) values (29,533);
Insert into APP.PART_REQUEST_ITEM (REQUEST_ID,PART_ID) values (30,529);
Insert into APP.PART_REQUEST_ITEM (REQUEST_ID,PART_ID) values (31,524);
Insert into APP.PART_REQUEST_ITEM (REQUEST_ID,PART_ID) values (31,528);
Insert into APP.PART_REQUEST_ITEM (REQUEST_ID,PART_ID) values (32,556);
Insert into APP.PART_REQUEST_ITEM (REQUEST_ID,PART_ID) values (33,515);
Insert into APP.PART_REQUEST_ITEM (REQUEST_ID,PART_ID) values (34,514);
Insert into APP.PART_REQUEST_ITEM (REQUEST_ID,PART_ID) values (35,530);
Insert into APP.PART_REQUEST_ITEM (REQUEST_ID,PART_ID) values (36,534);
Insert into APP.PART_REQUEST_ITEM (REQUEST_ID,PART_ID) values (37,537);
Insert into APP.PART_REQUEST_ITEM (REQUEST_ID,PART_ID) values (38,538);
Insert into APP.PART_REQUEST_ITEM (REQUEST_ID,PART_ID) values (39,536);
Insert into APP.PART_REQUEST_ITEM (REQUEST_ID,PART_ID) values (40,539);
Insert into APP.PART_REQUEST_ITEM (REQUEST_ID,PART_ID) values (41,542);
REM INSERTING into APP.SERVICE
SET DEFINE OFF;
Insert into APP.SERVICE (SERVICE_ID,NAME,DESCRIPTION,PRICE) values (1,'Dịch vụ Vệ sinh thiết bị','Vệ sinh toàn diện bên trong và ngoài thiết bị, tối ưu hóa phần mềm cơ bản.',100000);
Insert into APP.SERVICE (SERVICE_ID,NAME,DESCRIPTION,PRICE) values (2,'Dịch vụ Sửa chữa tổng quát','Phí công thợ sửa chữa cho các lỗi phần cứng và phần mềm, chưa bao gồm linh kiện thay thế.',350000);
Insert into APP.SERVICE (SERVICE_ID,NAME,DESCRIPTION,PRICE) values (3,'Dịch vụ Bảo hành','Dịch vụ Bảo hành',0);
REM INSERTING into APP.STOCK_IN
SET DEFINE OFF;
Insert into APP.STOCK_IN (STOCKIN_ID,EMP_ID,IN_DATE,NOTE) values (37,1,to_date('10-NOV-25','DD-MON-RR'),'Test');
Insert into APP.STOCK_IN (STOCKIN_ID,EMP_ID,IN_DATE,NOTE) values (44,1,to_date('11-NOV-25','DD-MON-RR'),'ABC');
Insert into APP.STOCK_IN (STOCKIN_ID,EMP_ID,IN_DATE,NOTE) values (45,1,to_date('11-NOV-25','DD-MON-RR'),'ABCC');
Insert into APP.STOCK_IN (STOCKIN_ID,EMP_ID,IN_DATE,NOTE) values (46,1,to_date('11-NOV-25','DD-MON-RR'),'Admin');
Insert into APP.STOCK_IN (STOCKIN_ID,EMP_ID,IN_DATE,NOTE) values (55,1,to_date('15-NOV-25','DD-MON-RR'),'Test hóa đơn mới');
Insert into APP.STOCK_IN (STOCKIN_ID,EMP_ID,IN_DATE,NOTE) values (56,1,to_date('15-NOV-25','DD-MON-RR'),'TesHDM');
Insert into APP.STOCK_IN (STOCKIN_ID,EMP_ID,IN_DATE,NOTE) values (57,1,to_date('17-NOV-25','DD-MON-RR'),'TEst');
Insert into APP.STOCK_IN (STOCKIN_ID,EMP_ID,IN_DATE,NOTE) values (47,1,to_date('11-NOV-25','DD-MON-RR'),'Q');
Insert into APP.STOCK_IN (STOCKIN_ID,EMP_ID,IN_DATE,NOTE) values (49,1,to_date('11-NOV-25','DD-MON-RR'),'E');
Insert into APP.STOCK_IN (STOCKIN_ID,EMP_ID,IN_DATE,NOTE) values (50,1,to_date('11-NOV-25','DD-MON-RR'),'Admin2');
Insert into APP.STOCK_IN (STOCKIN_ID,EMP_ID,IN_DATE,NOTE) values (51,1,to_date('11-NOV-25','DD-MON-RR'),'Admin3');
Insert into APP.STOCK_IN (STOCKIN_ID,EMP_ID,IN_DATE,NOTE) values (52,1,to_date('11-NOV-25','DD-MON-RR'),'Admin4');
Insert into APP.STOCK_IN (STOCKIN_ID,EMP_ID,IN_DATE,NOTE) values (53,1,to_date('11-NOV-25','DD-MON-RR'),'Admin5');
Insert into APP.STOCK_IN (STOCKIN_ID,EMP_ID,IN_DATE,NOTE) values (54,1,to_date('11-NOV-25','DD-MON-RR'),'Admin6');
Insert into APP.STOCK_IN (STOCKIN_ID,EMP_ID,IN_DATE,NOTE) values (36,1,to_date('10-NOV-25','DD-MON-RR'),'Lô đầu tiên');
Insert into APP.STOCK_IN (STOCKIN_ID,EMP_ID,IN_DATE,NOTE) values (42,1,to_date('11-NOV-25','DD-MON-RR'),'A');
Insert into APP.STOCK_IN (STOCKIN_ID,EMP_ID,IN_DATE,NOTE) values (38,1,to_date('11-NOV-25','DD-MON-RR'),'Test CLOB');
Insert into APP.STOCK_IN (STOCKIN_ID,EMP_ID,IN_DATE,NOTE) values (41,1,to_date('11-NOV-25','DD-MON-RR'),'TEST');
Insert into APP.STOCK_IN (STOCKIN_ID,EMP_ID,IN_DATE,NOTE) values (48,1,to_date('11-NOV-25','DD-MON-RR'),'W');
REM INSERTING into APP.STOCK_IN_ITEM
SET DEFINE OFF;
Insert into APP.STOCK_IN_ITEM (STOCKIN_ITEM_ID,STOCKIN_ID,PART_NAME,MANUFACTURER,SERIAL,PRICE) values (315,37,'TEST','TEST','TEST-1',100000);
Insert into APP.STOCK_IN_ITEM (STOCKIN_ITEM_ID,STOCKIN_ID,PART_NAME,MANUFACTURER,SERIAL,PRICE) values (720,44,'AC','AC','AC',1000);
Insert into APP.STOCK_IN_ITEM (STOCKIN_ITEM_ID,STOCKIN_ID,PART_NAME,MANUFACTURER,SERIAL,PRICE) values (721,45,'ABCC','ABCC','ABCC',10000);
Insert into APP.STOCK_IN_ITEM (STOCKIN_ITEM_ID,STOCKIN_ID,PART_NAME,MANUFACTURER,SERIAL,PRICE) values (722,46,'Admin','Admin','Admin',1000);
Insert into APP.STOCK_IN_ITEM (STOCKIN_ITEM_ID,STOCKIN_ID,PART_NAME,MANUFACTURER,SERIAL,PRICE) values (731,55,'HDM','HDM','HDM-1',10000);
Insert into APP.STOCK_IN_ITEM (STOCKIN_ITEM_ID,STOCKIN_ID,PART_NAME,MANUFACTURER,SERIAL,PRICE) values (732,56,'AWE','AWE','AWE',10000);
Insert into APP.STOCK_IN_ITEM (STOCKIN_ITEM_ID,STOCKIN_ID,PART_NAME,MANUFACTURER,SERIAL,PRICE) values (733,57,'ADDD','ADDD','ADDD',10000);
Insert into APP.STOCK_IN_ITEM (STOCKIN_ITEM_ID,STOCKIN_ID,PART_NAME,MANUFACTURER,SERIAL,PRICE) values (723,47,'Q','Q','Q',10000);
Insert into APP.STOCK_IN_ITEM (STOCKIN_ITEM_ID,STOCKIN_ID,PART_NAME,MANUFACTURER,SERIAL,PRICE) values (725,49,'E','E','E',1000);
Insert into APP.STOCK_IN_ITEM (STOCKIN_ITEM_ID,STOCKIN_ID,PART_NAME,MANUFACTURER,SERIAL,PRICE) values (726,50,'Admin2','Admin2','Admin2',10000);
Insert into APP.STOCK_IN_ITEM (STOCKIN_ITEM_ID,STOCKIN_ID,PART_NAME,MANUFACTURER,SERIAL,PRICE) values (727,51,'Admin3','Admin3','Admin3',10000);
Insert into APP.STOCK_IN_ITEM (STOCKIN_ITEM_ID,STOCKIN_ID,PART_NAME,MANUFACTURER,SERIAL,PRICE) values (728,52,'Admin4','Admin4','Admin4',10000);
Insert into APP.STOCK_IN_ITEM (STOCKIN_ITEM_ID,STOCKIN_ID,PART_NAME,MANUFACTURER,SERIAL,PRICE) values (729,53,'Admin5','Admin5','Admin5',10000);
Insert into APP.STOCK_IN_ITEM (STOCKIN_ITEM_ID,STOCKIN_ID,PART_NAME,MANUFACTURER,SERIAL,PRICE) values (730,54,'Admin6','Admin6','Admin6',10000);
Insert into APP.STOCK_IN_ITEM (STOCKIN_ITEM_ID,STOCKIN_ID,PART_NAME,MANUFACTURER,SERIAL,PRICE) values (305,36,'Mặt kính lưng IP XS','Apple','MKLXS-1',10000);
Insert into APP.STOCK_IN_ITEM (STOCKIN_ITEM_ID,STOCKIN_ID,PART_NAME,MANUFACTURER,SERIAL,PRICE) values (306,36,'Mặt kính lưng IP XS','Apple','MKLXS-2',10000);
Insert into APP.STOCK_IN_ITEM (STOCKIN_ITEM_ID,STOCKIN_ID,PART_NAME,MANUFACTURER,SERIAL,PRICE) values (307,36,'Mặt kính lưng IP XS','Apple','MKLXS-3',10000);
Insert into APP.STOCK_IN_ITEM (STOCKIN_ITEM_ID,STOCKIN_ID,PART_NAME,MANUFACTURER,SERIAL,PRICE) values (308,36,'Mặt kính lưng IP XS','Apple','MKLXS-4',10000);
Insert into APP.STOCK_IN_ITEM (STOCKIN_ITEM_ID,STOCKIN_ID,PART_NAME,MANUFACTURER,SERIAL,PRICE) values (309,36,'Mặt kính lưng IP XS','Apple','MKLXS-5',10000);
Insert into APP.STOCK_IN_ITEM (STOCKIN_ITEM_ID,STOCKIN_ID,PART_NAME,MANUFACTURER,SERIAL,PRICE) values (310,36,'Mặt kính lưng IP XS','Apple','MKLXS-6',10000);
Insert into APP.STOCK_IN_ITEM (STOCKIN_ITEM_ID,STOCKIN_ID,PART_NAME,MANUFACTURER,SERIAL,PRICE) values (311,36,'Mặt kính lưng IP XS','Apple','MKLXS-7',10000);
Insert into APP.STOCK_IN_ITEM (STOCKIN_ITEM_ID,STOCKIN_ID,PART_NAME,MANUFACTURER,SERIAL,PRICE) values (312,36,'Mặt kính lưng IP XS','Apple','MKLXS-8',10000);
Insert into APP.STOCK_IN_ITEM (STOCKIN_ITEM_ID,STOCKIN_ID,PART_NAME,MANUFACTURER,SERIAL,PRICE) values (313,36,'Mặt kính lưng IP XS','Apple','MKLXS-9',10000);
Insert into APP.STOCK_IN_ITEM (STOCKIN_ITEM_ID,STOCKIN_ID,PART_NAME,MANUFACTURER,SERIAL,PRICE) values (314,36,'Mặt kính lưng IP XS','Apple','MKLXS-10',10000);
Insert into APP.STOCK_IN_ITEM (STOCKIN_ITEM_ID,STOCKIN_ID,PART_NAME,MANUFACTURER,SERIAL,PRICE) values (718,42,'A','A','A',100000);
Insert into APP.STOCK_IN_ITEM (STOCKIN_ITEM_ID,STOCKIN_ID,PART_NAME,MANUFACTURER,SERIAL,PRICE) values (316,38,'Test','Test','Test-1',10000);
Insert into APP.STOCK_IN_ITEM (STOCKIN_ITEM_ID,STOCKIN_ID,PART_NAME,MANUFACTURER,SERIAL,PRICE) values (518,41,'TEST','TEST','TEST-0-1',1000);
Insert into APP.STOCK_IN_ITEM (STOCKIN_ITEM_ID,STOCKIN_ID,PART_NAME,MANUFACTURER,SERIAL,PRICE) values (519,41,'TEST','TEST','TEST-0-2',1000);
Insert into APP.STOCK_IN_ITEM (STOCKIN_ITEM_ID,STOCKIN_ID,PART_NAME,MANUFACTURER,SERIAL,PRICE) values (520,41,'TEST','TEST','TEST-0-3',1000);
Insert into APP.STOCK_IN_ITEM (STOCKIN_ITEM_ID,STOCKIN_ID,PART_NAME,MANUFACTURER,SERIAL,PRICE) values (521,41,'TEST','TEST','TEST-0-4',1000);
Insert into APP.STOCK_IN_ITEM (STOCKIN_ITEM_ID,STOCKIN_ID,PART_NAME,MANUFACTURER,SERIAL,PRICE) values (522,41,'TEST','TEST','TEST-0-5',1000);
Insert into APP.STOCK_IN_ITEM (STOCKIN_ITEM_ID,STOCKIN_ID,PART_NAME,MANUFACTURER,SERIAL,PRICE) values (523,41,'TEST','TEST','TEST-0-6',1000);
Insert into APP.STOCK_IN_ITEM (STOCKIN_ITEM_ID,STOCKIN_ID,PART_NAME,MANUFACTURER,SERIAL,PRICE) values (524,41,'TEST','TEST','TEST-0-7',1000);
Insert into APP.STOCK_IN_ITEM (STOCKIN_ITEM_ID,STOCKIN_ID,PART_NAME,MANUFACTURER,SERIAL,PRICE) values (525,41,'TEST','TEST','TEST-0-8',1000);
Insert into APP.STOCK_IN_ITEM (STOCKIN_ITEM_ID,STOCKIN_ID,PART_NAME,MANUFACTURER,SERIAL,PRICE) values (526,41,'TEST','TEST','TEST-0-9',1000);
Insert into APP.STOCK_IN_ITEM (STOCKIN_ITEM_ID,STOCKIN_ID,PART_NAME,MANUFACTURER,SERIAL,PRICE) values (527,41,'TEST','TEST','TEST-0-10',1000);
Insert into APP.STOCK_IN_ITEM (STOCKIN_ITEM_ID,STOCKIN_ID,PART_NAME,MANUFACTURER,SERIAL,PRICE) values (528,41,'TEST','TEST','TEST-0-11',1000);
Insert into APP.STOCK_IN_ITEM (STOCKIN_ITEM_ID,STOCKIN_ID,PART_NAME,MANUFACTURER,SERIAL,PRICE) values (529,41,'TEST','TEST','TEST-0-12',1000);
Insert into APP.STOCK_IN_ITEM (STOCKIN_ITEM_ID,STOCKIN_ID,PART_NAME,MANUFACTURER,SERIAL,PRICE) values (530,41,'TEST','TEST','TEST-0-13',1000);
Insert into APP.STOCK_IN_ITEM (STOCKIN_ITEM_ID,STOCKIN_ID,PART_NAME,MANUFACTURER,SERIAL,PRICE) values (531,41,'TEST','TEST','TEST-0-14',1000);
Insert into APP.STOCK_IN_ITEM (STOCKIN_ITEM_ID,STOCKIN_ID,PART_NAME,MANUFACTURER,SERIAL,PRICE) values (532,41,'TEST','TEST','TEST-0-15',1000);
Insert into APP.STOCK_IN_ITEM (STOCKIN_ITEM_ID,STOCKIN_ID,PART_NAME,MANUFACTURER,SERIAL,PRICE) values (533,41,'TEST','TEST','TEST-0-16',1000);
Insert into APP.STOCK_IN_ITEM (STOCKIN_ITEM_ID,STOCKIN_ID,PART_NAME,MANUFACTURER,SERIAL,PRICE) values (534,41,'TEST','TEST','TEST-0-17',1000);
Insert into APP.STOCK_IN_ITEM (STOCKIN_ITEM_ID,STOCKIN_ID,PART_NAME,MANUFACTURER,SERIAL,PRICE) values (535,41,'TEST','TEST','TEST-0-18',1000);
Insert into APP.STOCK_IN_ITEM (STOCKIN_ITEM_ID,STOCKIN_ID,PART_NAME,MANUFACTURER,SERIAL,PRICE) values (536,41,'TEST','TEST','TEST-0-19',1000);
Insert into APP.STOCK_IN_ITEM (STOCKIN_ITEM_ID,STOCKIN_ID,PART_NAME,MANUFACTURER,SERIAL,PRICE) values (537,41,'TEST','TEST','TEST-0-20',1000);
Insert into APP.STOCK_IN_ITEM (STOCKIN_ITEM_ID,STOCKIN_ID,PART_NAME,MANUFACTURER,SERIAL,PRICE) values (538,41,'TEST','TEST','TEST-0-21',1000);
Insert into APP.STOCK_IN_ITEM (STOCKIN_ITEM_ID,STOCKIN_ID,PART_NAME,MANUFACTURER,SERIAL,PRICE) values (539,41,'TEST','TEST','TEST-0-22',1000);
Insert into APP.STOCK_IN_ITEM (STOCKIN_ITEM_ID,STOCKIN_ID,PART_NAME,MANUFACTURER,SERIAL,PRICE) values (540,41,'TEST','TEST','TEST-0-23',1000);
Insert into APP.STOCK_IN_ITEM (STOCKIN_ITEM_ID,STOCKIN_ID,PART_NAME,MANUFACTURER,SERIAL,PRICE) values (541,41,'TEST','TEST','TEST-0-24',1000);
Insert into APP.STOCK_IN_ITEM (STOCKIN_ITEM_ID,STOCKIN_ID,PART_NAME,MANUFACTURER,SERIAL,PRICE) values (542,41,'TEST','TEST','TEST-0-25',1000);
Insert into APP.STOCK_IN_ITEM (STOCKIN_ITEM_ID,STOCKIN_ID,PART_NAME,MANUFACTURER,SERIAL,PRICE) values (543,41,'TEST','TEST','TEST-0-26',1000);
Insert into APP.STOCK_IN_ITEM (STOCKIN_ITEM_ID,STOCKIN_ID,PART_NAME,MANUFACTURER,SERIAL,PRICE) values (544,41,'TEST','TEST','TEST-0-27',1000);
Insert into APP.STOCK_IN_ITEM (STOCKIN_ITEM_ID,STOCKIN_ID,PART_NAME,MANUFACTURER,SERIAL,PRICE) values (545,41,'TEST','TEST','TEST-0-28',1000);
Insert into APP.STOCK_IN_ITEM (STOCKIN_ITEM_ID,STOCKIN_ID,PART_NAME,MANUFACTURER,SERIAL,PRICE) values (546,41,'TEST','TEST','TEST-0-29',1000);
Insert into APP.STOCK_IN_ITEM (STOCKIN_ITEM_ID,STOCKIN_ID,PART_NAME,MANUFACTURER,SERIAL,PRICE) values (547,41,'TEST','TEST','TEST-0-30',1000);
Insert into APP.STOCK_IN_ITEM (STOCKIN_ITEM_ID,STOCKIN_ID,PART_NAME,MANUFACTURER,SERIAL,PRICE) values (548,41,'TEST','TEST','TEST-0-31',1000);
Insert into APP.STOCK_IN_ITEM (STOCKIN_ITEM_ID,STOCKIN_ID,PART_NAME,MANUFACTURER,SERIAL,PRICE) values (549,41,'TEST','TEST','TEST-0-32',1000);
Insert into APP.STOCK_IN_ITEM (STOCKIN_ITEM_ID,STOCKIN_ID,PART_NAME,MANUFACTURER,SERIAL,PRICE) values (550,41,'TEST','TEST','TEST-0-33',1000);
Insert into APP.STOCK_IN_ITEM (STOCKIN_ITEM_ID,STOCKIN_ID,PART_NAME,MANUFACTURER,SERIAL,PRICE) values (551,41,'TEST','TEST','TEST-0-34',1000);
Insert into APP.STOCK_IN_ITEM (STOCKIN_ITEM_ID,STOCKIN_ID,PART_NAME,MANUFACTURER,SERIAL,PRICE) values (552,41,'TEST','TEST','TEST-0-35',1000);
Insert into APP.STOCK_IN_ITEM (STOCKIN_ITEM_ID,STOCKIN_ID,PART_NAME,MANUFACTURER,SERIAL,PRICE) values (553,41,'TEST','TEST','TEST-0-36',1000);
Insert into APP.STOCK_IN_ITEM (STOCKIN_ITEM_ID,STOCKIN_ID,PART_NAME,MANUFACTURER,SERIAL,PRICE) values (554,41,'TEST','TEST','TEST-0-37',1000);
Insert into APP.STOCK_IN_ITEM (STOCKIN_ITEM_ID,STOCKIN_ID,PART_NAME,MANUFACTURER,SERIAL,PRICE) values (555,41,'TEST','TEST','TEST-0-38',1000);
Insert into APP.STOCK_IN_ITEM (STOCKIN_ITEM_ID,STOCKIN_ID,PART_NAME,MANUFACTURER,SERIAL,PRICE) values (556,41,'TEST','TEST','TEST-0-39',1000);
Insert into APP.STOCK_IN_ITEM (STOCKIN_ITEM_ID,STOCKIN_ID,PART_NAME,MANUFACTURER,SERIAL,PRICE) values (557,41,'TEST','TEST','TEST-0-40',1000);
Insert into APP.STOCK_IN_ITEM (STOCKIN_ITEM_ID,STOCKIN_ID,PART_NAME,MANUFACTURER,SERIAL,PRICE) values (558,41,'TEST','TEST','TEST-0-41',1000);
Insert into APP.STOCK_IN_ITEM (STOCKIN_ITEM_ID,STOCKIN_ID,PART_NAME,MANUFACTURER,SERIAL,PRICE) values (559,41,'TEST','TEST','TEST-0-42',1000);
Insert into APP.STOCK_IN_ITEM (STOCKIN_ITEM_ID,STOCKIN_ID,PART_NAME,MANUFACTURER,SERIAL,PRICE) values (560,41,'TEST','TEST','TEST-0-43',1000);
Insert into APP.STOCK_IN_ITEM (STOCKIN_ITEM_ID,STOCKIN_ID,PART_NAME,MANUFACTURER,SERIAL,PRICE) values (561,41,'TEST','TEST','TEST-0-44',1000);
Insert into APP.STOCK_IN_ITEM (STOCKIN_ITEM_ID,STOCKIN_ID,PART_NAME,MANUFACTURER,SERIAL,PRICE) values (562,41,'TEST','TEST','TEST-0-45',1000);
Insert into APP.STOCK_IN_ITEM (STOCKIN_ITEM_ID,STOCKIN_ID,PART_NAME,MANUFACTURER,SERIAL,PRICE) values (563,41,'TEST','TEST','TEST-0-46',1000);
Insert into APP.STOCK_IN_ITEM (STOCKIN_ITEM_ID,STOCKIN_ID,PART_NAME,MANUFACTURER,SERIAL,PRICE) values (564,41,'TEST','TEST','TEST-0-47',1000);
Insert into APP.STOCK_IN_ITEM (STOCKIN_ITEM_ID,STOCKIN_ID,PART_NAME,MANUFACTURER,SERIAL,PRICE) values (565,41,'TEST','TEST','TEST-0-48',1000);
Insert into APP.STOCK_IN_ITEM (STOCKIN_ITEM_ID,STOCKIN_ID,PART_NAME,MANUFACTURER,SERIAL,PRICE) values (566,41,'TEST','TEST','TEST-0-49',1000);
Insert into APP.STOCK_IN_ITEM (STOCKIN_ITEM_ID,STOCKIN_ID,PART_NAME,MANUFACTURER,SERIAL,PRICE) values (567,41,'TEST','TEST','TEST-0-50',1000);
Insert into APP.STOCK_IN_ITEM (STOCKIN_ITEM_ID,STOCKIN_ID,PART_NAME,MANUFACTURER,SERIAL,PRICE) values (568,41,'TEST','TEST','TEST-0-51',1000);
Insert into APP.STOCK_IN_ITEM (STOCKIN_ITEM_ID,STOCKIN_ID,PART_NAME,MANUFACTURER,SERIAL,PRICE) values (569,41,'TEST','TEST','TEST-0-52',1000);
Insert into APP.STOCK_IN_ITEM (STOCKIN_ITEM_ID,STOCKIN_ID,PART_NAME,MANUFACTURER,SERIAL,PRICE) values (570,41,'TEST','TEST','TEST-0-53',1000);
Insert into APP.STOCK_IN_ITEM (STOCKIN_ITEM_ID,STOCKIN_ID,PART_NAME,MANUFACTURER,SERIAL,PRICE) values (571,41,'TEST','TEST','TEST-0-54',1000);
Insert into APP.STOCK_IN_ITEM (STOCKIN_ITEM_ID,STOCKIN_ID,PART_NAME,MANUFACTURER,SERIAL,PRICE) values (572,41,'TEST','TEST','TEST-0-55',1000);
Insert into APP.STOCK_IN_ITEM (STOCKIN_ITEM_ID,STOCKIN_ID,PART_NAME,MANUFACTURER,SERIAL,PRICE) values (573,41,'TEST','TEST','TEST-0-56',1000);
Insert into APP.STOCK_IN_ITEM (STOCKIN_ITEM_ID,STOCKIN_ID,PART_NAME,MANUFACTURER,SERIAL,PRICE) values (574,41,'TEST','TEST','TEST-0-57',1000);
Insert into APP.STOCK_IN_ITEM (STOCKIN_ITEM_ID,STOCKIN_ID,PART_NAME,MANUFACTURER,SERIAL,PRICE) values (575,41,'TEST','TEST','TEST-0-58',1000);
Insert into APP.STOCK_IN_ITEM (STOCKIN_ITEM_ID,STOCKIN_ID,PART_NAME,MANUFACTURER,SERIAL,PRICE) values (576,41,'TEST','TEST','TEST-0-59',1000);
Insert into APP.STOCK_IN_ITEM (STOCKIN_ITEM_ID,STOCKIN_ID,PART_NAME,MANUFACTURER,SERIAL,PRICE) values (577,41,'TEST','TEST','TEST-0-60',1000);
Insert into APP.STOCK_IN_ITEM (STOCKIN_ITEM_ID,STOCKIN_ID,PART_NAME,MANUFACTURER,SERIAL,PRICE) values (578,41,'TEST','TEST','TEST-0-61',1000);
Insert into APP.STOCK_IN_ITEM (STOCKIN_ITEM_ID,STOCKIN_ID,PART_NAME,MANUFACTURER,SERIAL,PRICE) values (579,41,'TEST','TEST','TEST-0-62',1000);
Insert into APP.STOCK_IN_ITEM (STOCKIN_ITEM_ID,STOCKIN_ID,PART_NAME,MANUFACTURER,SERIAL,PRICE) values (580,41,'TEST','TEST','TEST-0-63',1000);
Insert into APP.STOCK_IN_ITEM (STOCKIN_ITEM_ID,STOCKIN_ID,PART_NAME,MANUFACTURER,SERIAL,PRICE) values (581,41,'TEST','TEST','TEST-0-64',1000);
Insert into APP.STOCK_IN_ITEM (STOCKIN_ITEM_ID,STOCKIN_ID,PART_NAME,MANUFACTURER,SERIAL,PRICE) values (582,41,'TEST','TEST','TEST-0-65',1000);
Insert into APP.STOCK_IN_ITEM (STOCKIN_ITEM_ID,STOCKIN_ID,PART_NAME,MANUFACTURER,SERIAL,PRICE) values (583,41,'TEST','TEST','TEST-0-66',1000);
Insert into APP.STOCK_IN_ITEM (STOCKIN_ITEM_ID,STOCKIN_ID,PART_NAME,MANUFACTURER,SERIAL,PRICE) values (584,41,'TEST','TEST','TEST-0-67',1000);
Insert into APP.STOCK_IN_ITEM (STOCKIN_ITEM_ID,STOCKIN_ID,PART_NAME,MANUFACTURER,SERIAL,PRICE) values (585,41,'TEST','TEST','TEST-0-68',1000);
Insert into APP.STOCK_IN_ITEM (STOCKIN_ITEM_ID,STOCKIN_ID,PART_NAME,MANUFACTURER,SERIAL,PRICE) values (586,41,'TEST','TEST','TEST-0-69',1000);
Insert into APP.STOCK_IN_ITEM (STOCKIN_ITEM_ID,STOCKIN_ID,PART_NAME,MANUFACTURER,SERIAL,PRICE) values (587,41,'TEST','TEST','TEST-0-70',1000);
Insert into APP.STOCK_IN_ITEM (STOCKIN_ITEM_ID,STOCKIN_ID,PART_NAME,MANUFACTURER,SERIAL,PRICE) values (588,41,'TEST','TEST','TEST-0-71',1000);
Insert into APP.STOCK_IN_ITEM (STOCKIN_ITEM_ID,STOCKIN_ID,PART_NAME,MANUFACTURER,SERIAL,PRICE) values (589,41,'TEST','TEST','TEST-0-72',1000);
Insert into APP.STOCK_IN_ITEM (STOCKIN_ITEM_ID,STOCKIN_ID,PART_NAME,MANUFACTURER,SERIAL,PRICE) values (590,41,'TEST','TEST','TEST-0-73',1000);
Insert into APP.STOCK_IN_ITEM (STOCKIN_ITEM_ID,STOCKIN_ID,PART_NAME,MANUFACTURER,SERIAL,PRICE) values (591,41,'TEST','TEST','TEST-0-74',1000);
Insert into APP.STOCK_IN_ITEM (STOCKIN_ITEM_ID,STOCKIN_ID,PART_NAME,MANUFACTURER,SERIAL,PRICE) values (592,41,'TEST','TEST','TEST-0-75',1000);
Insert into APP.STOCK_IN_ITEM (STOCKIN_ITEM_ID,STOCKIN_ID,PART_NAME,MANUFACTURER,SERIAL,PRICE) values (593,41,'TEST','TEST','TEST-0-76',1000);
Insert into APP.STOCK_IN_ITEM (STOCKIN_ITEM_ID,STOCKIN_ID,PART_NAME,MANUFACTURER,SERIAL,PRICE) values (594,41,'TEST','TEST','TEST-0-77',1000);
Insert into APP.STOCK_IN_ITEM (STOCKIN_ITEM_ID,STOCKIN_ID,PART_NAME,MANUFACTURER,SERIAL,PRICE) values (595,41,'TEST','TEST','TEST-0-78',1000);
Insert into APP.STOCK_IN_ITEM (STOCKIN_ITEM_ID,STOCKIN_ID,PART_NAME,MANUFACTURER,SERIAL,PRICE) values (596,41,'TEST','TEST','TEST-0-79',1000);
Insert into APP.STOCK_IN_ITEM (STOCKIN_ITEM_ID,STOCKIN_ID,PART_NAME,MANUFACTURER,SERIAL,PRICE) values (597,41,'TEST','TEST','TEST-0-80',1000);
Insert into APP.STOCK_IN_ITEM (STOCKIN_ITEM_ID,STOCKIN_ID,PART_NAME,MANUFACTURER,SERIAL,PRICE) values (598,41,'TEST','TEST','TEST-0-81',1000);
Insert into APP.STOCK_IN_ITEM (STOCKIN_ITEM_ID,STOCKIN_ID,PART_NAME,MANUFACTURER,SERIAL,PRICE) values (599,41,'TEST','TEST','TEST-0-82',1000);
Insert into APP.STOCK_IN_ITEM (STOCKIN_ITEM_ID,STOCKIN_ID,PART_NAME,MANUFACTURER,SERIAL,PRICE) values (600,41,'TEST','TEST','TEST-0-83',1000);
Insert into APP.STOCK_IN_ITEM (STOCKIN_ITEM_ID,STOCKIN_ID,PART_NAME,MANUFACTURER,SERIAL,PRICE) values (601,41,'TEST','TEST','TEST-0-84',1000);
Insert into APP.STOCK_IN_ITEM (STOCKIN_ITEM_ID,STOCKIN_ID,PART_NAME,MANUFACTURER,SERIAL,PRICE) values (602,41,'TEST','TEST','TEST-0-85',1000);
Insert into APP.STOCK_IN_ITEM (STOCKIN_ITEM_ID,STOCKIN_ID,PART_NAME,MANUFACTURER,SERIAL,PRICE) values (603,41,'TEST','TEST','TEST-0-86',1000);
Insert into APP.STOCK_IN_ITEM (STOCKIN_ITEM_ID,STOCKIN_ID,PART_NAME,MANUFACTURER,SERIAL,PRICE) values (604,41,'TEST','TEST','TEST-0-87',1000);
Insert into APP.STOCK_IN_ITEM (STOCKIN_ITEM_ID,STOCKIN_ID,PART_NAME,MANUFACTURER,SERIAL,PRICE) values (605,41,'TEST','TEST','TEST-0-88',1000);
Insert into APP.STOCK_IN_ITEM (STOCKIN_ITEM_ID,STOCKIN_ID,PART_NAME,MANUFACTURER,SERIAL,PRICE) values (606,41,'TEST','TEST','TEST-0-89',1000);
Insert into APP.STOCK_IN_ITEM (STOCKIN_ITEM_ID,STOCKIN_ID,PART_NAME,MANUFACTURER,SERIAL,PRICE) values (607,41,'TEST','TEST','TEST-0-90',1000);
Insert into APP.STOCK_IN_ITEM (STOCKIN_ITEM_ID,STOCKIN_ID,PART_NAME,MANUFACTURER,SERIAL,PRICE) values (608,41,'TEST','TEST','TEST-0-91',1000);
Insert into APP.STOCK_IN_ITEM (STOCKIN_ITEM_ID,STOCKIN_ID,PART_NAME,MANUFACTURER,SERIAL,PRICE) values (609,41,'TEST','TEST','TEST-0-92',1000);
Insert into APP.STOCK_IN_ITEM (STOCKIN_ITEM_ID,STOCKIN_ID,PART_NAME,MANUFACTURER,SERIAL,PRICE) values (610,41,'TEST','TEST','TEST-0-93',1000);
Insert into APP.STOCK_IN_ITEM (STOCKIN_ITEM_ID,STOCKIN_ID,PART_NAME,MANUFACTURER,SERIAL,PRICE) values (611,41,'TEST','TEST','TEST-0-94',1000);
Insert into APP.STOCK_IN_ITEM (STOCKIN_ITEM_ID,STOCKIN_ID,PART_NAME,MANUFACTURER,SERIAL,PRICE) values (612,41,'TEST','TEST','TEST-0-95',1000);
Insert into APP.STOCK_IN_ITEM (STOCKIN_ITEM_ID,STOCKIN_ID,PART_NAME,MANUFACTURER,SERIAL,PRICE) values (613,41,'TEST','TEST','TEST-0-96',1000);
Insert into APP.STOCK_IN_ITEM (STOCKIN_ITEM_ID,STOCKIN_ID,PART_NAME,MANUFACTURER,SERIAL,PRICE) values (614,41,'TEST','TEST','TEST-0-97',1000);
Insert into APP.STOCK_IN_ITEM (STOCKIN_ITEM_ID,STOCKIN_ID,PART_NAME,MANUFACTURER,SERIAL,PRICE) values (615,41,'TEST','TEST','TEST-0-98',1000);
Insert into APP.STOCK_IN_ITEM (STOCKIN_ITEM_ID,STOCKIN_ID,PART_NAME,MANUFACTURER,SERIAL,PRICE) values (616,41,'TEST','TEST','TEST-0-99',1000);
Insert into APP.STOCK_IN_ITEM (STOCKIN_ITEM_ID,STOCKIN_ID,PART_NAME,MANUFACTURER,SERIAL,PRICE) values (617,41,'TEST','TEST','TEST-0-100',1000);
Insert into APP.STOCK_IN_ITEM (STOCKIN_ITEM_ID,STOCKIN_ID,PART_NAME,MANUFACTURER,SERIAL,PRICE) values (618,41,'TEST','TEST','TEST-0-101',1000);
Insert into APP.STOCK_IN_ITEM (STOCKIN_ITEM_ID,STOCKIN_ID,PART_NAME,MANUFACTURER,SERIAL,PRICE) values (619,41,'TEST','TEST','TEST-0-102',1000);
Insert into APP.STOCK_IN_ITEM (STOCKIN_ITEM_ID,STOCKIN_ID,PART_NAME,MANUFACTURER,SERIAL,PRICE) values (620,41,'TEST','TEST','TEST-0-103',1000);
Insert into APP.STOCK_IN_ITEM (STOCKIN_ITEM_ID,STOCKIN_ID,PART_NAME,MANUFACTURER,SERIAL,PRICE) values (621,41,'TEST','TEST','TEST-0-104',1000);
Insert into APP.STOCK_IN_ITEM (STOCKIN_ITEM_ID,STOCKIN_ID,PART_NAME,MANUFACTURER,SERIAL,PRICE) values (622,41,'TEST','TEST','TEST-0-105',1000);
Insert into APP.STOCK_IN_ITEM (STOCKIN_ITEM_ID,STOCKIN_ID,PART_NAME,MANUFACTURER,SERIAL,PRICE) values (623,41,'TEST','TEST','TEST-0-106',1000);
Insert into APP.STOCK_IN_ITEM (STOCKIN_ITEM_ID,STOCKIN_ID,PART_NAME,MANUFACTURER,SERIAL,PRICE) values (624,41,'TEST','TEST','TEST-0-107',1000);
Insert into APP.STOCK_IN_ITEM (STOCKIN_ITEM_ID,STOCKIN_ID,PART_NAME,MANUFACTURER,SERIAL,PRICE) values (625,41,'TEST','TEST','TEST-0-108',1000);
Insert into APP.STOCK_IN_ITEM (STOCKIN_ITEM_ID,STOCKIN_ID,PART_NAME,MANUFACTURER,SERIAL,PRICE) values (626,41,'TEST','TEST','TEST-0-109',1000);
Insert into APP.STOCK_IN_ITEM (STOCKIN_ITEM_ID,STOCKIN_ID,PART_NAME,MANUFACTURER,SERIAL,PRICE) values (627,41,'TEST','TEST','TEST-0-110',1000);
Insert into APP.STOCK_IN_ITEM (STOCKIN_ITEM_ID,STOCKIN_ID,PART_NAME,MANUFACTURER,SERIAL,PRICE) values (628,41,'TEST','TEST','TEST-0-111',1000);
Insert into APP.STOCK_IN_ITEM (STOCKIN_ITEM_ID,STOCKIN_ID,PART_NAME,MANUFACTURER,SERIAL,PRICE) values (629,41,'TEST','TEST','TEST-0-112',1000);
Insert into APP.STOCK_IN_ITEM (STOCKIN_ITEM_ID,STOCKIN_ID,PART_NAME,MANUFACTURER,SERIAL,PRICE) values (630,41,'TEST','TEST','TEST-0-113',1000);
Insert into APP.STOCK_IN_ITEM (STOCKIN_ITEM_ID,STOCKIN_ID,PART_NAME,MANUFACTURER,SERIAL,PRICE) values (631,41,'TEST','TEST','TEST-0-114',1000);
Insert into APP.STOCK_IN_ITEM (STOCKIN_ITEM_ID,STOCKIN_ID,PART_NAME,MANUFACTURER,SERIAL,PRICE) values (632,41,'TEST','TEST','TEST-0-115',1000);
Insert into APP.STOCK_IN_ITEM (STOCKIN_ITEM_ID,STOCKIN_ID,PART_NAME,MANUFACTURER,SERIAL,PRICE) values (633,41,'TEST','TEST','TEST-0-116',1000);
Insert into APP.STOCK_IN_ITEM (STOCKIN_ITEM_ID,STOCKIN_ID,PART_NAME,MANUFACTURER,SERIAL,PRICE) values (634,41,'TEST','TEST','TEST-0-117',1000);
Insert into APP.STOCK_IN_ITEM (STOCKIN_ITEM_ID,STOCKIN_ID,PART_NAME,MANUFACTURER,SERIAL,PRICE) values (635,41,'TEST','TEST','TEST-0-118',1000);
Insert into APP.STOCK_IN_ITEM (STOCKIN_ITEM_ID,STOCKIN_ID,PART_NAME,MANUFACTURER,SERIAL,PRICE) values (636,41,'TEST','TEST','TEST-0-119',1000);
Insert into APP.STOCK_IN_ITEM (STOCKIN_ITEM_ID,STOCKIN_ID,PART_NAME,MANUFACTURER,SERIAL,PRICE) values (637,41,'TEST','TEST','TEST-0-120',1000);
Insert into APP.STOCK_IN_ITEM (STOCKIN_ITEM_ID,STOCKIN_ID,PART_NAME,MANUFACTURER,SERIAL,PRICE) values (638,41,'TEST','TEST','TEST-0-121',1000);
Insert into APP.STOCK_IN_ITEM (STOCKIN_ITEM_ID,STOCKIN_ID,PART_NAME,MANUFACTURER,SERIAL,PRICE) values (639,41,'TEST','TEST','TEST-0-122',1000);
Insert into APP.STOCK_IN_ITEM (STOCKIN_ITEM_ID,STOCKIN_ID,PART_NAME,MANUFACTURER,SERIAL,PRICE) values (640,41,'TEST','TEST','TEST-0-123',1000);
Insert into APP.STOCK_IN_ITEM (STOCKIN_ITEM_ID,STOCKIN_ID,PART_NAME,MANUFACTURER,SERIAL,PRICE) values (641,41,'TEST','TEST','TEST-0-124',1000);
Insert into APP.STOCK_IN_ITEM (STOCKIN_ITEM_ID,STOCKIN_ID,PART_NAME,MANUFACTURER,SERIAL,PRICE) values (642,41,'TEST','TEST','TEST-0-125',1000);
Insert into APP.STOCK_IN_ITEM (STOCKIN_ITEM_ID,STOCKIN_ID,PART_NAME,MANUFACTURER,SERIAL,PRICE) values (643,41,'TEST','TEST','TEST-0-126',1000);
Insert into APP.STOCK_IN_ITEM (STOCKIN_ITEM_ID,STOCKIN_ID,PART_NAME,MANUFACTURER,SERIAL,PRICE) values (644,41,'TEST','TEST','TEST-0-127',1000);
Insert into APP.STOCK_IN_ITEM (STOCKIN_ITEM_ID,STOCKIN_ID,PART_NAME,MANUFACTURER,SERIAL,PRICE) values (645,41,'TEST','TEST','TEST-0-128',1000);
Insert into APP.STOCK_IN_ITEM (STOCKIN_ITEM_ID,STOCKIN_ID,PART_NAME,MANUFACTURER,SERIAL,PRICE) values (646,41,'TEST','TEST','TEST-0-129',1000);
Insert into APP.STOCK_IN_ITEM (STOCKIN_ITEM_ID,STOCKIN_ID,PART_NAME,MANUFACTURER,SERIAL,PRICE) values (647,41,'TEST','TEST','TEST-0-130',1000);
Insert into APP.STOCK_IN_ITEM (STOCKIN_ITEM_ID,STOCKIN_ID,PART_NAME,MANUFACTURER,SERIAL,PRICE) values (648,41,'TEST','TEST','TEST-0-131',1000);
Insert into APP.STOCK_IN_ITEM (STOCKIN_ITEM_ID,STOCKIN_ID,PART_NAME,MANUFACTURER,SERIAL,PRICE) values (649,41,'TEST','TEST','TEST-0-132',1000);
Insert into APP.STOCK_IN_ITEM (STOCKIN_ITEM_ID,STOCKIN_ID,PART_NAME,MANUFACTURER,SERIAL,PRICE) values (650,41,'TEST','TEST','TEST-0-133',1000);
Insert into APP.STOCK_IN_ITEM (STOCKIN_ITEM_ID,STOCKIN_ID,PART_NAME,MANUFACTURER,SERIAL,PRICE) values (651,41,'TEST','TEST','TEST-0-134',1000);
Insert into APP.STOCK_IN_ITEM (STOCKIN_ITEM_ID,STOCKIN_ID,PART_NAME,MANUFACTURER,SERIAL,PRICE) values (652,41,'TEST','TEST','TEST-0-135',1000);
Insert into APP.STOCK_IN_ITEM (STOCKIN_ITEM_ID,STOCKIN_ID,PART_NAME,MANUFACTURER,SERIAL,PRICE) values (653,41,'TEST','TEST','TEST-0-136',1000);
Insert into APP.STOCK_IN_ITEM (STOCKIN_ITEM_ID,STOCKIN_ID,PART_NAME,MANUFACTURER,SERIAL,PRICE) values (654,41,'TEST','TEST','TEST-0-137',1000);
Insert into APP.STOCK_IN_ITEM (STOCKIN_ITEM_ID,STOCKIN_ID,PART_NAME,MANUFACTURER,SERIAL,PRICE) values (655,41,'TEST','TEST','TEST-0-138',1000);
Insert into APP.STOCK_IN_ITEM (STOCKIN_ITEM_ID,STOCKIN_ID,PART_NAME,MANUFACTURER,SERIAL,PRICE) values (656,41,'TEST','TEST','TEST-0-139',1000);
Insert into APP.STOCK_IN_ITEM (STOCKIN_ITEM_ID,STOCKIN_ID,PART_NAME,MANUFACTURER,SERIAL,PRICE) values (657,41,'TEST','TEST','TEST-0-140',1000);
Insert into APP.STOCK_IN_ITEM (STOCKIN_ITEM_ID,STOCKIN_ID,PART_NAME,MANUFACTURER,SERIAL,PRICE) values (658,41,'TEST','TEST','TEST-0-141',1000);
Insert into APP.STOCK_IN_ITEM (STOCKIN_ITEM_ID,STOCKIN_ID,PART_NAME,MANUFACTURER,SERIAL,PRICE) values (659,41,'TEST','TEST','TEST-0-142',1000);
Insert into APP.STOCK_IN_ITEM (STOCKIN_ITEM_ID,STOCKIN_ID,PART_NAME,MANUFACTURER,SERIAL,PRICE) values (660,41,'TEST','TEST','TEST-0-143',1000);
Insert into APP.STOCK_IN_ITEM (STOCKIN_ITEM_ID,STOCKIN_ID,PART_NAME,MANUFACTURER,SERIAL,PRICE) values (661,41,'TEST','TEST','TEST-0-144',1000);
Insert into APP.STOCK_IN_ITEM (STOCKIN_ITEM_ID,STOCKIN_ID,PART_NAME,MANUFACTURER,SERIAL,PRICE) values (662,41,'TEST','TEST','TEST-0-145',1000);
Insert into APP.STOCK_IN_ITEM (STOCKIN_ITEM_ID,STOCKIN_ID,PART_NAME,MANUFACTURER,SERIAL,PRICE) values (663,41,'TEST','TEST','TEST-0-146',1000);
Insert into APP.STOCK_IN_ITEM (STOCKIN_ITEM_ID,STOCKIN_ID,PART_NAME,MANUFACTURER,SERIAL,PRICE) values (664,41,'TEST','TEST','TEST-0-147',1000);
Insert into APP.STOCK_IN_ITEM (STOCKIN_ITEM_ID,STOCKIN_ID,PART_NAME,MANUFACTURER,SERIAL,PRICE) values (665,41,'TEST','TEST','TEST-0-148',1000);
Insert into APP.STOCK_IN_ITEM (STOCKIN_ITEM_ID,STOCKIN_ID,PART_NAME,MANUFACTURER,SERIAL,PRICE) values (666,41,'TEST','TEST','TEST-0-149',1000);
Insert into APP.STOCK_IN_ITEM (STOCKIN_ITEM_ID,STOCKIN_ID,PART_NAME,MANUFACTURER,SERIAL,PRICE) values (667,41,'TEST','TEST','TEST-0-150',1000);
Insert into APP.STOCK_IN_ITEM (STOCKIN_ITEM_ID,STOCKIN_ID,PART_NAME,MANUFACTURER,SERIAL,PRICE) values (668,41,'TEST','TEST','TEST-0-151',1000);
Insert into APP.STOCK_IN_ITEM (STOCKIN_ITEM_ID,STOCKIN_ID,PART_NAME,MANUFACTURER,SERIAL,PRICE) values (669,41,'TEST','TEST','TEST-0-152',1000);
Insert into APP.STOCK_IN_ITEM (STOCKIN_ITEM_ID,STOCKIN_ID,PART_NAME,MANUFACTURER,SERIAL,PRICE) values (670,41,'TEST','TEST','TEST-0-153',1000);
Insert into APP.STOCK_IN_ITEM (STOCKIN_ITEM_ID,STOCKIN_ID,PART_NAME,MANUFACTURER,SERIAL,PRICE) values (671,41,'TEST','TEST','TEST-0-154',1000);
Insert into APP.STOCK_IN_ITEM (STOCKIN_ITEM_ID,STOCKIN_ID,PART_NAME,MANUFACTURER,SERIAL,PRICE) values (672,41,'TEST','TEST','TEST-0-155',1000);
Insert into APP.STOCK_IN_ITEM (STOCKIN_ITEM_ID,STOCKIN_ID,PART_NAME,MANUFACTURER,SERIAL,PRICE) values (673,41,'TEST','TEST','TEST-0-156',1000);
Insert into APP.STOCK_IN_ITEM (STOCKIN_ITEM_ID,STOCKIN_ID,PART_NAME,MANUFACTURER,SERIAL,PRICE) values (674,41,'TEST','TEST','TEST-0-157',1000);
Insert into APP.STOCK_IN_ITEM (STOCKIN_ITEM_ID,STOCKIN_ID,PART_NAME,MANUFACTURER,SERIAL,PRICE) values (675,41,'TEST','TEST','TEST-0-158',1000);
Insert into APP.STOCK_IN_ITEM (STOCKIN_ITEM_ID,STOCKIN_ID,PART_NAME,MANUFACTURER,SERIAL,PRICE) values (676,41,'TEST','TEST','TEST-0-159',1000);
Insert into APP.STOCK_IN_ITEM (STOCKIN_ITEM_ID,STOCKIN_ID,PART_NAME,MANUFACTURER,SERIAL,PRICE) values (677,41,'TEST','TEST','TEST-0-160',1000);
Insert into APP.STOCK_IN_ITEM (STOCKIN_ITEM_ID,STOCKIN_ID,PART_NAME,MANUFACTURER,SERIAL,PRICE) values (678,41,'TEST','TEST','TEST-0-161',1000);
Insert into APP.STOCK_IN_ITEM (STOCKIN_ITEM_ID,STOCKIN_ID,PART_NAME,MANUFACTURER,SERIAL,PRICE) values (679,41,'TEST','TEST','TEST-0-162',1000);
Insert into APP.STOCK_IN_ITEM (STOCKIN_ITEM_ID,STOCKIN_ID,PART_NAME,MANUFACTURER,SERIAL,PRICE) values (680,41,'TEST','TEST','TEST-0-163',1000);
Insert into APP.STOCK_IN_ITEM (STOCKIN_ITEM_ID,STOCKIN_ID,PART_NAME,MANUFACTURER,SERIAL,PRICE) values (681,41,'TEST','TEST','TEST-0-164',1000);
Insert into APP.STOCK_IN_ITEM (STOCKIN_ITEM_ID,STOCKIN_ID,PART_NAME,MANUFACTURER,SERIAL,PRICE) values (682,41,'TEST','TEST','TEST-0-165',1000);
Insert into APP.STOCK_IN_ITEM (STOCKIN_ITEM_ID,STOCKIN_ID,PART_NAME,MANUFACTURER,SERIAL,PRICE) values (683,41,'TEST','TEST','TEST-0-166',1000);
Insert into APP.STOCK_IN_ITEM (STOCKIN_ITEM_ID,STOCKIN_ID,PART_NAME,MANUFACTURER,SERIAL,PRICE) values (684,41,'TEST','TEST','TEST-0-167',1000);
Insert into APP.STOCK_IN_ITEM (STOCKIN_ITEM_ID,STOCKIN_ID,PART_NAME,MANUFACTURER,SERIAL,PRICE) values (685,41,'TEST','TEST','TEST-0-168',1000);
Insert into APP.STOCK_IN_ITEM (STOCKIN_ITEM_ID,STOCKIN_ID,PART_NAME,MANUFACTURER,SERIAL,PRICE) values (686,41,'TEST','TEST','TEST-0-169',1000);
Insert into APP.STOCK_IN_ITEM (STOCKIN_ITEM_ID,STOCKIN_ID,PART_NAME,MANUFACTURER,SERIAL,PRICE) values (687,41,'TEST','TEST','TEST-0-170',1000);
Insert into APP.STOCK_IN_ITEM (STOCKIN_ITEM_ID,STOCKIN_ID,PART_NAME,MANUFACTURER,SERIAL,PRICE) values (688,41,'TEST','TEST','TEST-0-171',1000);
Insert into APP.STOCK_IN_ITEM (STOCKIN_ITEM_ID,STOCKIN_ID,PART_NAME,MANUFACTURER,SERIAL,PRICE) values (689,41,'TEST','TEST','TEST-0-172',1000);
Insert into APP.STOCK_IN_ITEM (STOCKIN_ITEM_ID,STOCKIN_ID,PART_NAME,MANUFACTURER,SERIAL,PRICE) values (690,41,'TEST','TEST','TEST-0-173',1000);
Insert into APP.STOCK_IN_ITEM (STOCKIN_ITEM_ID,STOCKIN_ID,PART_NAME,MANUFACTURER,SERIAL,PRICE) values (691,41,'TEST','TEST','TEST-0-174',1000);
Insert into APP.STOCK_IN_ITEM (STOCKIN_ITEM_ID,STOCKIN_ID,PART_NAME,MANUFACTURER,SERIAL,PRICE) values (692,41,'TEST','TEST','TEST-0-175',1000);
Insert into APP.STOCK_IN_ITEM (STOCKIN_ITEM_ID,STOCKIN_ID,PART_NAME,MANUFACTURER,SERIAL,PRICE) values (693,41,'TEST','TEST','TEST-0-176',1000);
Insert into APP.STOCK_IN_ITEM (STOCKIN_ITEM_ID,STOCKIN_ID,PART_NAME,MANUFACTURER,SERIAL,PRICE) values (694,41,'TEST','TEST','TEST-0-177',1000);
Insert into APP.STOCK_IN_ITEM (STOCKIN_ITEM_ID,STOCKIN_ID,PART_NAME,MANUFACTURER,SERIAL,PRICE) values (695,41,'TEST','TEST','TEST-0-178',1000);
Insert into APP.STOCK_IN_ITEM (STOCKIN_ITEM_ID,STOCKIN_ID,PART_NAME,MANUFACTURER,SERIAL,PRICE) values (696,41,'TEST','TEST','TEST-0-179',1000);
Insert into APP.STOCK_IN_ITEM (STOCKIN_ITEM_ID,STOCKIN_ID,PART_NAME,MANUFACTURER,SERIAL,PRICE) values (697,41,'TEST','TEST','TEST-0-180',1000);
Insert into APP.STOCK_IN_ITEM (STOCKIN_ITEM_ID,STOCKIN_ID,PART_NAME,MANUFACTURER,SERIAL,PRICE) values (698,41,'TEST','TEST','TEST-0-181',1000);
Insert into APP.STOCK_IN_ITEM (STOCKIN_ITEM_ID,STOCKIN_ID,PART_NAME,MANUFACTURER,SERIAL,PRICE) values (699,41,'TEST','TEST','TEST-0-182',1000);
Insert into APP.STOCK_IN_ITEM (STOCKIN_ITEM_ID,STOCKIN_ID,PART_NAME,MANUFACTURER,SERIAL,PRICE) values (700,41,'TEST','TEST','TEST-0-183',1000);
Insert into APP.STOCK_IN_ITEM (STOCKIN_ITEM_ID,STOCKIN_ID,PART_NAME,MANUFACTURER,SERIAL,PRICE) values (701,41,'TEST','TEST','TEST-0-184',1000);
Insert into APP.STOCK_IN_ITEM (STOCKIN_ITEM_ID,STOCKIN_ID,PART_NAME,MANUFACTURER,SERIAL,PRICE) values (702,41,'TEST','TEST','TEST-0-185',1000);
Insert into APP.STOCK_IN_ITEM (STOCKIN_ITEM_ID,STOCKIN_ID,PART_NAME,MANUFACTURER,SERIAL,PRICE) values (703,41,'TEST','TEST','TEST-0-186',1000);
Insert into APP.STOCK_IN_ITEM (STOCKIN_ITEM_ID,STOCKIN_ID,PART_NAME,MANUFACTURER,SERIAL,PRICE) values (704,41,'TEST','TEST','TEST-0-187',1000);
Insert into APP.STOCK_IN_ITEM (STOCKIN_ITEM_ID,STOCKIN_ID,PART_NAME,MANUFACTURER,SERIAL,PRICE) values (705,41,'TEST','TEST','TEST-0-188',1000);
Insert into APP.STOCK_IN_ITEM (STOCKIN_ITEM_ID,STOCKIN_ID,PART_NAME,MANUFACTURER,SERIAL,PRICE) values (706,41,'TEST','TEST','TEST-0-189',1000);
Insert into APP.STOCK_IN_ITEM (STOCKIN_ITEM_ID,STOCKIN_ID,PART_NAME,MANUFACTURER,SERIAL,PRICE) values (707,41,'TEST','TEST','TEST-0-190',1000);
Insert into APP.STOCK_IN_ITEM (STOCKIN_ITEM_ID,STOCKIN_ID,PART_NAME,MANUFACTURER,SERIAL,PRICE) values (708,41,'TEST','TEST','TEST-0-191',1000);
Insert into APP.STOCK_IN_ITEM (STOCKIN_ITEM_ID,STOCKIN_ID,PART_NAME,MANUFACTURER,SERIAL,PRICE) values (709,41,'TEST','TEST','TEST-0-192',1000);
Insert into APP.STOCK_IN_ITEM (STOCKIN_ITEM_ID,STOCKIN_ID,PART_NAME,MANUFACTURER,SERIAL,PRICE) values (710,41,'TEST','TEST','TEST-0-193',1000);
Insert into APP.STOCK_IN_ITEM (STOCKIN_ITEM_ID,STOCKIN_ID,PART_NAME,MANUFACTURER,SERIAL,PRICE) values (711,41,'TEST','TEST','TEST-0-194',1000);
Insert into APP.STOCK_IN_ITEM (STOCKIN_ITEM_ID,STOCKIN_ID,PART_NAME,MANUFACTURER,SERIAL,PRICE) values (712,41,'TEST','TEST','TEST-0-195',1000);
Insert into APP.STOCK_IN_ITEM (STOCKIN_ITEM_ID,STOCKIN_ID,PART_NAME,MANUFACTURER,SERIAL,PRICE) values (713,41,'TEST','TEST','TEST-0-196',1000);
Insert into APP.STOCK_IN_ITEM (STOCKIN_ITEM_ID,STOCKIN_ID,PART_NAME,MANUFACTURER,SERIAL,PRICE) values (714,41,'TEST','TEST','TEST-0-197',1000);
Insert into APP.STOCK_IN_ITEM (STOCKIN_ITEM_ID,STOCKIN_ID,PART_NAME,MANUFACTURER,SERIAL,PRICE) values (715,41,'TEST','TEST','TEST-0-198',1000);
Insert into APP.STOCK_IN_ITEM (STOCKIN_ITEM_ID,STOCKIN_ID,PART_NAME,MANUFACTURER,SERIAL,PRICE) values (716,41,'TEST','TEST','TEST-0-199',1000);
Insert into APP.STOCK_IN_ITEM (STOCKIN_ITEM_ID,STOCKIN_ID,PART_NAME,MANUFACTURER,SERIAL,PRICE) values (717,41,'TEST','TEST','TEST-0-200',1000);
Insert into APP.STOCK_IN_ITEM (STOCKIN_ITEM_ID,STOCKIN_ID,PART_NAME,MANUFACTURER,SERIAL,PRICE) values (724,48,'W','W','W',10000);
REM INSERTING into APP.STOCK_OUT
SET DEFINE OFF;
Insert into APP.STOCK_OUT (STOCKOUT_ID,ORDER_ID,EMP_ID,OUT_DATE,NOTE) values (7,85,1,to_date('10-NOV-25','DD-MON-RR'),'Xuất kho tự động cho Order ID 85');
Insert into APP.STOCK_OUT (STOCKOUT_ID,ORDER_ID,EMP_ID,OUT_DATE,NOTE) values (8,84,1,to_date('10-NOV-25','DD-MON-RR'),'Xuất kho tự động cho Order ID 84');
Insert into APP.STOCK_OUT (STOCKOUT_ID,ORDER_ID,EMP_ID,OUT_DATE,NOTE) values (11,121,1,to_date('11-NOV-25','DD-MON-RR'),'Xuất kho tự động cho Order ID 121');
Insert into APP.STOCK_OUT (STOCKOUT_ID,ORDER_ID,EMP_ID,OUT_DATE,NOTE) values (26,144,1,to_date('15-NOV-25','DD-MON-RR'),'Xuất kho tự động cho Order ID 144');
Insert into APP.STOCK_OUT (STOCKOUT_ID,ORDER_ID,EMP_ID,OUT_DATE,NOTE) values (27,161,1,to_date('17-NOV-25','DD-MON-RR'),'Xuất kho tự động cho Order ID 161');
Insert into APP.STOCK_OUT (STOCKOUT_ID,ORDER_ID,EMP_ID,OUT_DATE,NOTE) values (12,122,1,to_date('11-NOV-25','DD-MON-RR'),'Xuất kho tự động cho Order ID 122');
Insert into APP.STOCK_OUT (STOCKOUT_ID,ORDER_ID,EMP_ID,OUT_DATE,NOTE) values (13,123,1,to_date('11-NOV-25','DD-MON-RR'),'Xuất kho tự động cho Order ID 123');
Insert into APP.STOCK_OUT (STOCKOUT_ID,ORDER_ID,EMP_ID,OUT_DATE,NOTE) values (14,124,1,to_date('11-NOV-25','DD-MON-RR'),'Xuất kho tự động cho Order ID 124');
Insert into APP.STOCK_OUT (STOCKOUT_ID,ORDER_ID,EMP_ID,OUT_DATE,NOTE) values (15,125,1,to_date('11-NOV-25','DD-MON-RR'),'Xuất kho tự động cho Order ID 125');
Insert into APP.STOCK_OUT (STOCKOUT_ID,ORDER_ID,EMP_ID,OUT_DATE,NOTE) values (28,181,1,to_date('18-NOV-25','DD-MON-RR'),'Xuất kho tự động cho Order ID 181');
Insert into APP.STOCK_OUT (STOCKOUT_ID,ORDER_ID,EMP_ID,OUT_DATE,NOTE) values (16,141,1,to_date('14-NOV-25','DD-MON-RR'),'Xuất kho tự động cho Order ID 141');
Insert into APP.STOCK_OUT (STOCKOUT_ID,ORDER_ID,EMP_ID,OUT_DATE,NOTE) values (17,142,1,to_date('14-NOV-25','DD-MON-RR'),'Xuất kho tự động cho Order ID 142');
Insert into APP.STOCK_OUT (STOCKOUT_ID,ORDER_ID,EMP_ID,OUT_DATE,NOTE) values (18,143,1,to_date('14-NOV-25','DD-MON-RR'),'Xuất kho tự động cho Order ID 143');
Insert into APP.STOCK_OUT (STOCKOUT_ID,ORDER_ID,EMP_ID,OUT_DATE,NOTE) values (9,83,1,to_date('10-NOV-25','DD-MON-RR'),'Xuất kho tự động cho Order ID 83');
Insert into APP.STOCK_OUT (STOCKOUT_ID,ORDER_ID,EMP_ID,OUT_DATE,NOTE) values (10,101,1,to_date('11-NOV-25','DD-MON-RR'),'Xuất kho tự động cho Order ID 101');
REM INSERTING into APP.STOCK_OUT_ITEM
SET DEFINE OFF;
Insert into APP.STOCK_OUT_ITEM (STOCKOUT_ID,PART_ID) values (7,303);
Insert into APP.STOCK_OUT_ITEM (STOCKOUT_ID,PART_ID) values (8,312);
Insert into APP.STOCK_OUT_ITEM (STOCKOUT_ID,PART_ID) values (9,306);
Insert into APP.STOCK_OUT_ITEM (STOCKOUT_ID,PART_ID) values (10,533);
Insert into APP.STOCK_OUT_ITEM (STOCKOUT_ID,PART_ID) values (11,529);
Insert into APP.STOCK_OUT_ITEM (STOCKOUT_ID,PART_ID) values (12,524);
Insert into APP.STOCK_OUT_ITEM (STOCKOUT_ID,PART_ID) values (12,528);
Insert into APP.STOCK_OUT_ITEM (STOCKOUT_ID,PART_ID) values (13,556);
Insert into APP.STOCK_OUT_ITEM (STOCKOUT_ID,PART_ID) values (14,515);
Insert into APP.STOCK_OUT_ITEM (STOCKOUT_ID,PART_ID) values (15,514);
Insert into APP.STOCK_OUT_ITEM (STOCKOUT_ID,PART_ID) values (16,530);
Insert into APP.STOCK_OUT_ITEM (STOCKOUT_ID,PART_ID) values (17,534);
Insert into APP.STOCK_OUT_ITEM (STOCKOUT_ID,PART_ID) values (18,537);
Insert into APP.STOCK_OUT_ITEM (STOCKOUT_ID,PART_ID) values (26,538);
Insert into APP.STOCK_OUT_ITEM (STOCKOUT_ID,PART_ID) values (27,536);
Insert into APP.STOCK_OUT_ITEM (STOCKOUT_ID,PART_ID) values (28,539);
REM INSERTING into APP.USER_OTP_LOG
SET DEFINE OFF;
--------------------------------------------------------
--  DDL for Index PK_INVOICEITEM
--------------------------------------------------------

  CREATE UNIQUE INDEX "APP"."PK_INVOICEITEM" ON "APP"."INVOICE_ITEM" ("INVOICE_ID", "STOCKOUT_ID", "PART_ID") 
  PCTFREE 10 INITRANS 2 MAXTRANS 255 COMPUTE STATISTICS 
  STORAGE(INITIAL 65536 NEXT 1048576 MINEXTENTS 1 MAXEXTENTS 2147483645
  PCTINCREASE 0 FREELISTS 1 FREELIST GROUPS 1
  BUFFER_POOL DEFAULT FLASH_CACHE DEFAULT CELL_FLASH_CACHE DEFAULT)
  TABLESPACE "USERS" ;
--------------------------------------------------------
--  DDL for Index UK_INVOICEITEM_STOCKOUT_PART
--------------------------------------------------------

  CREATE UNIQUE INDEX "APP"."UK_INVOICEITEM_STOCKOUT_PART" ON "APP"."INVOICE_ITEM" ("STOCKOUT_ID", "PART_ID") 
  PCTFREE 10 INITRANS 2 MAXTRANS 255 COMPUTE STATISTICS 
  STORAGE(INITIAL 65536 NEXT 1048576 MINEXTENTS 1 MAXEXTENTS 2147483645
  PCTINCREASE 0 FREELISTS 1 FREELIST GROUPS 1
  BUFFER_POOL DEFAULT FLASH_CACHE DEFAULT CELL_FLASH_CACHE DEFAULT)
  TABLESPACE "USERS" ;
--------------------------------------------------------
--  DDL for Index PK_PARTREQUESTITEM
--------------------------------------------------------

  CREATE UNIQUE INDEX "APP"."PK_PARTREQUESTITEM" ON "APP"."PART_REQUEST_ITEM" ("REQUEST_ID", "PART_ID") 
  PCTFREE 10 INITRANS 2 MAXTRANS 255 COMPUTE STATISTICS 
  STORAGE(INITIAL 65536 NEXT 1048576 MINEXTENTS 1 MAXEXTENTS 2147483645
  PCTINCREASE 0 FREELISTS 1 FREELIST GROUPS 1
  BUFFER_POOL DEFAULT FLASH_CACHE DEFAULT CELL_FLASH_CACHE DEFAULT)
  TABLESPACE "USERS" ;
--------------------------------------------------------
--  DDL for Index PK_INVOICESERVICE
--------------------------------------------------------

  CREATE UNIQUE INDEX "APP"."PK_INVOICESERVICE" ON "APP"."INVOICE_SERVICE" ("INVOICE_ID", "SERVICE_ID") 
  PCTFREE 10 INITRANS 2 MAXTRANS 255 COMPUTE STATISTICS 
  STORAGE(INITIAL 65536 NEXT 1048576 MINEXTENTS 1 MAXEXTENTS 2147483645
  PCTINCREASE 0 FREELISTS 1 FREELIST GROUPS 1
  BUFFER_POOL DEFAULT FLASH_CACHE DEFAULT CELL_FLASH_CACHE DEFAULT)
  TABLESPACE "USERS" ;
--------------------------------------------------------
--  DDL for Index PK_STOCKOUTITEM
--------------------------------------------------------

  CREATE UNIQUE INDEX "APP"."PK_STOCKOUTITEM" ON "APP"."STOCK_OUT_ITEM" ("STOCKOUT_ID", "PART_ID") 
  PCTFREE 10 INITRANS 2 MAXTRANS 255 COMPUTE STATISTICS 
  STORAGE(INITIAL 65536 NEXT 1048576 MINEXTENTS 1 MAXEXTENTS 2147483645
  PCTINCREASE 0 FREELISTS 1 FREELIST GROUPS 1
  BUFFER_POOL DEFAULT FLASH_CACHE DEFAULT CELL_FLASH_CACHE DEFAULT)
  TABLESPACE "USERS" ;
--------------------------------------------------------
--  DDL for Index PK_ORDERSERVICE
--------------------------------------------------------

  CREATE UNIQUE INDEX "APP"."PK_ORDERSERVICE" ON "APP"."ORDER_SERVICE" ("ORDER_ID", "SERVICE_ID") 
  PCTFREE 10 INITRANS 2 MAXTRANS 255 COMPUTE STATISTICS 
  STORAGE(INITIAL 65536 NEXT 1048576 MINEXTENTS 1 MAXEXTENTS 2147483645
  PCTINCREASE 0 FREELISTS 1 FREELIST GROUPS 1
  BUFFER_POOL DEFAULT FLASH_CACHE DEFAULT CELL_FLASH_CACHE DEFAULT)
  TABLESPACE "USERS" ;
--------------------------------------------------------
--  DDL for Trigger TRG_AUDIT_CUSTOMER
--------------------------------------------------------

  CREATE OR REPLACE EDITIONABLE TRIGGER "APP"."TRG_AUDIT_CUSTOMER" 
  AFTER INSERT OR UPDATE OR DELETE ON CUSTOMER
  FOR EACH ROW
DECLARE
  v_old_values CLOB;
  v_new_values CLOB;
  v_changed_cols VARCHAR2(4000);
BEGIN
  -- Build old values (for UPDATE/DELETE)
  IF UPDATING OR DELETING THEN
    v_old_values := '{' ||
      '"PHONE":"' || REPLACE(NVL(:OLD.PHONE, ''), '"', '\"') || '",' ||
      '"FULL_NAME":"' || REPLACE(NVL(:OLD.FULL_NAME, ''), '"', '\"') || '",' ||
      '"EMAIL":"' || REPLACE(NVL(:OLD.EMAIL, ''), '"', '\"') || '",' ||
      '"ADDRESS":"' || REPLACE(NVL(:OLD.ADDRESS, ''), '"', '\"') || '",' ||
      '"CREATED_AT":"' || TO_CHAR(:OLD.CREATED_AT, 'YYYY-MM-DD HH24:MI:SS') || '"' ||
      '}';
  END IF;

  -- Build new values (for INSERT/UPDATE)
  IF INSERTING OR UPDATING THEN
    v_new_values := '{' ||
      '"PHONE":"' || REPLACE(NVL(:NEW.PHONE, ''), '"', '\"') || '",' ||
      '"FULL_NAME":"' || REPLACE(NVL(:NEW.FULL_NAME, ''), '"', '\"') || '",' ||
      '"EMAIL":"' || REPLACE(NVL(:NEW.EMAIL, ''), '"', '\"') || '",' ||
      '"ADDRESS":"' || REPLACE(NVL(:NEW.ADDRESS, ''), '"', '\"') || '",' ||
      '"CREATED_AT":"' || TO_CHAR(:NEW.CREATED_AT, 'YYYY-MM-DD HH24:MI:SS') || '"' ||
      '}';
  END IF;

  -- Track changed columns for UPDATE
  IF UPDATING THEN
    v_changed_cols := '';
    IF (:OLD.FULL_NAME IS NULL AND :NEW.FULL_NAME IS NOT NULL) OR 
       (:OLD.FULL_NAME IS NOT NULL AND :NEW.FULL_NAME IS NULL) OR
       (:OLD.FULL_NAME != :NEW.FULL_NAME) THEN
      v_changed_cols := v_changed_cols || 'FULL_NAME,';
    END IF;
    IF (:OLD.EMAIL IS NULL AND :NEW.EMAIL IS NOT NULL) OR 
       (:OLD.EMAIL IS NOT NULL AND :NEW.EMAIL IS NULL) OR
       (:OLD.EMAIL != :NEW.EMAIL) THEN
      v_changed_cols := v_changed_cols || 'EMAIL,';
    END IF;
    IF (:OLD.ADDRESS IS NULL AND :NEW.ADDRESS IS NOT NULL) OR 
       (:OLD.ADDRESS IS NOT NULL AND :NEW.ADDRESS IS NULL) OR
       (:OLD.ADDRESS != :NEW.ADDRESS) THEN
      v_changed_cols := v_changed_cols || 'ADDRESS,';
    END IF;
    IF LENGTH(v_changed_cols) > 0 THEN
      v_changed_cols := SUBSTR(v_changed_cols, 1, LENGTH(v_changed_cols) - 1);
    END IF;
  END IF;

  -- Log the operation
  IF INSERTING THEN
    audit_dml_pkg.log_insert('CUSTOMER', v_new_values);
  ELSIF UPDATING THEN
    audit_dml_pkg.log_update('CUSTOMER', v_old_values, v_new_values, v_changed_cols);
  ELSIF DELETING THEN
    audit_dml_pkg.log_delete('CUSTOMER', v_old_values);
  END IF;
END;

/
ALTER TRIGGER "APP"."TRG_AUDIT_CUSTOMER" ENABLE;
--------------------------------------------------------
--  DDL for Trigger TRG_AUDIT_CUSTOMER_APPOINTMENT
--------------------------------------------------------

  CREATE OR REPLACE EDITIONABLE TRIGGER "APP"."TRG_AUDIT_CUSTOMER_APPOINTMENT" 
  AFTER INSERT OR UPDATE OR DELETE ON CUSTOMER_APPOINTMENT
  FOR EACH ROW
DECLARE
  v_old_values CLOB;
  v_new_values CLOB;
  v_changed_cols VARCHAR2(4000);
BEGIN
  -- Build old values (for UPDATE/DELETE)
  IF UPDATING OR DELETING THEN
    v_old_values := '{' ||
      '"APPOINTMENT_ID":' || NVL(TO_CHAR(:OLD.APPOINTMENT_ID), 'null') || ',' ||
      '"CUSTOMER_PHONE":"' || REPLACE(NVL(:OLD.CUSTOMER_PHONE, ''), '"', '\"') || '",' ||
      '"APPOINTMENT_DATE":"' || TO_CHAR(:OLD.APPOINTMENT_DATE, 'YYYY-MM-DD') || '",' ||
      '"STATUS":"' || REPLACE(NVL(:OLD.STATUS, ''), '"', '\"') || '",' ||
      '"DESCRIPTION":"' || REPLACE(NVL(:OLD.DESCRIPTION, ''), '"', '\"') || '"' ||
      '}';
  END IF;

  -- Build new values (for INSERT/UPDATE)
  IF INSERTING OR UPDATING THEN
    v_new_values := '{' ||
      '"APPOINTMENT_ID":' || NVL(TO_CHAR(:NEW.APPOINTMENT_ID), 'null') || ',' ||
      '"CUSTOMER_PHONE":"' || REPLACE(NVL(:NEW.CUSTOMER_PHONE, ''), '"', '\"') || '",' ||
      '"APPOINTMENT_DATE":"' || TO_CHAR(:NEW.APPOINTMENT_DATE, 'YYYY-MM-DD') || '",' ||
      '"STATUS":"' || REPLACE(NVL(:NEW.STATUS, ''), '"', '\"') || '",' ||
      '"DESCRIPTION":"' || REPLACE(NVL(:NEW.DESCRIPTION, ''), '"', '\"') || '"' ||
      '}';
  END IF;

  -- Track changed columns for UPDATE
  IF UPDATING THEN
    v_changed_cols := '';
    IF ((:OLD.CUSTOMER_PHONE IS NULL AND :NEW.CUSTOMER_PHONE IS NOT NULL) OR 
        (:OLD.CUSTOMER_PHONE IS NOT NULL AND :NEW.CUSTOMER_PHONE IS NULL) OR
        (:OLD.CUSTOMER_PHONE != :NEW.CUSTOMER_PHONE)) THEN 
      v_changed_cols := v_changed_cols || 'CUSTOMER_PHONE,'; 
    END IF;
    IF (:OLD.APPOINTMENT_DATE != :NEW.APPOINTMENT_DATE) THEN v_changed_cols := v_changed_cols || 'APPOINTMENT_DATE,'; END IF;
    IF ((:OLD.STATUS IS NULL AND :NEW.STATUS IS NOT NULL) OR 
        (:OLD.STATUS IS NOT NULL AND :NEW.STATUS IS NULL) OR
        (:OLD.STATUS != :NEW.STATUS)) THEN 
      v_changed_cols := v_changed_cols || 'STATUS,'; 
    END IF;
    IF ((:OLD.DESCRIPTION IS NULL AND :NEW.DESCRIPTION IS NOT NULL) OR 
        (:OLD.DESCRIPTION IS NOT NULL AND :NEW.DESCRIPTION IS NULL) OR
        (:OLD.DESCRIPTION != :NEW.DESCRIPTION)) THEN 
      v_changed_cols := v_changed_cols || 'DESCRIPTION,'; 
    END IF;
    IF LENGTH(v_changed_cols) > 0 THEN
      v_changed_cols := SUBSTR(v_changed_cols, 1, LENGTH(v_changed_cols) - 1);
    END IF;
  END IF;

  -- Log the operation
  IF INSERTING THEN
    audit_dml_pkg.log_insert('CUSTOMER_APPOINTMENT', v_new_values);
  ELSIF UPDATING THEN
    audit_dml_pkg.log_update('CUSTOMER_APPOINTMENT', v_old_values, v_new_values, v_changed_cols);
  ELSIF DELETING THEN
    audit_dml_pkg.log_delete('CUSTOMER_APPOINTMENT', v_old_values);
  END IF;
END;

/
ALTER TRIGGER "APP"."TRG_AUDIT_CUSTOMER_APPOINTMENT" ENABLE;
--------------------------------------------------------
--  DDL for Trigger TRG_AUDIT_EMPLOYEE
--------------------------------------------------------

  CREATE OR REPLACE EDITIONABLE TRIGGER "APP"."TRG_AUDIT_EMPLOYEE" 
  AFTER INSERT OR UPDATE OR DELETE ON EMPLOYEE
  FOR EACH ROW
DECLARE
  v_old_values CLOB;
  v_new_values CLOB;
  v_changed_cols VARCHAR2(4000);
BEGIN
  -- Build old values (for UPDATE/DELETE)
  IF UPDATING OR DELETING THEN
    v_old_values := '{' ||
      '"EMP_ID":' || NVL(TO_CHAR(:OLD.EMP_ID), 'null') || ',' ||
      '"FULL_NAME":"' || REPLACE(NVL(:OLD.FULL_NAME, ''), '"', '\"') || '",' ||
      '"USERNAME":"' || REPLACE(NVL(:OLD.USERNAME, ''), '"', '\"') || '",' ||
      '"EMAIL":"' || REPLACE(NVL(:OLD.EMAIL, ''), '"', '\"') || '",' ||
      '"PHONE":"' || REPLACE(NVL(:OLD.PHONE, ''), '"', '\"') || '",' ||
      '"CREATED_AT":"' || TO_CHAR(:OLD.CREATED_AT, 'YYYY-MM-DD HH24:MI:SS') || '"' ||
      '}';
  END IF;

  -- Build new values (for INSERT/UPDATE)
  IF INSERTING OR UPDATING THEN
    v_new_values := '{' ||
      '"EMP_ID":' || NVL(TO_CHAR(:NEW.EMP_ID), 'null') || ',' ||
      '"FULL_NAME":"' || REPLACE(NVL(:NEW.FULL_NAME, ''), '"', '\"') || '",' ||
      '"USERNAME":"' || REPLACE(NVL(:NEW.USERNAME, ''), '"', '\"') || '",' ||
      '"EMAIL":"' || REPLACE(NVL(:NEW.EMAIL, ''), '"', '\"') || '",' ||
      '"PHONE":"' || REPLACE(NVL(:NEW.PHONE, ''), '"', '\"') || '",' ||
      '"CREATED_AT":"' || TO_CHAR(:NEW.CREATED_AT, 'YYYY-MM-DD HH24:MI:SS') || '"' ||
      '}';
  END IF;

  -- Track changed columns for UPDATE
  IF UPDATING THEN
    v_changed_cols := '';
    IF (:OLD.FULL_NAME IS NULL AND :NEW.FULL_NAME IS NOT NULL) OR 
       (:OLD.FULL_NAME IS NOT NULL AND :NEW.FULL_NAME IS NULL) OR
       (:OLD.FULL_NAME != :NEW.FULL_NAME) THEN
      v_changed_cols := v_changed_cols || 'FULL_NAME,';
    END IF;
    IF (:OLD.USERNAME IS NULL AND :NEW.USERNAME IS NOT NULL) OR 
       (:OLD.USERNAME IS NOT NULL AND :NEW.USERNAME IS NULL) OR
       (:OLD.USERNAME != :NEW.USERNAME) THEN
      v_changed_cols := v_changed_cols || 'USERNAME,';
    END IF;
    IF (:OLD.EMAIL IS NULL AND :NEW.EMAIL IS NOT NULL) OR 
       (:OLD.EMAIL IS NOT NULL AND :NEW.EMAIL IS NULL) OR
       (:OLD.EMAIL != :NEW.EMAIL) THEN
      v_changed_cols := v_changed_cols || 'EMAIL,';
    END IF;
    IF (:OLD.PHONE IS NULL AND :NEW.PHONE IS NOT NULL) OR 
       (:OLD.PHONE IS NOT NULL AND :NEW.PHONE IS NULL) OR
       (:OLD.PHONE != :NEW.PHONE) THEN
      v_changed_cols := v_changed_cols || 'PHONE,';
    END IF;
    -- Remove trailing comma
    IF LENGTH(v_changed_cols) > 0 THEN
      v_changed_cols := SUBSTR(v_changed_cols, 1, LENGTH(v_changed_cols) - 1);
    END IF;
  END IF;

  -- Log the operation
  IF INSERTING THEN
    audit_dml_pkg.log_insert('EMPLOYEE', v_new_values);
  ELSIF UPDATING THEN
    audit_dml_pkg.log_update('EMPLOYEE', v_old_values, v_new_values, v_changed_cols);
  ELSIF DELETING THEN
    audit_dml_pkg.log_delete('EMPLOYEE', v_old_values);
  END IF;
END;

/
ALTER TRIGGER "APP"."TRG_AUDIT_EMPLOYEE" ENABLE;
--------------------------------------------------------
--  DDL for Trigger TRG_AUDIT_INVOICE
--------------------------------------------------------

  CREATE OR REPLACE EDITIONABLE TRIGGER "APP"."TRG_AUDIT_INVOICE" 
  AFTER INSERT OR UPDATE OR DELETE ON INVOICE
  FOR EACH ROW
DECLARE
  v_old_values CLOB;
  v_new_values CLOB;
  v_changed_cols VARCHAR2(4000);
BEGIN
  -- Build old values (for UPDATE/DELETE)
  IF UPDATING OR DELETING THEN
    v_old_values := '{' ||
      '"INVOICE_ID":' || NVL(TO_CHAR(:OLD.INVOICE_ID), 'null') || ',' ||
      '"STOCKOUT_ID":' || NVL(TO_CHAR(:OLD.STOCKOUT_ID), 'null') || ',' ||
      '"CUSTOMER_PHONE":"' || REPLACE(NVL(:OLD.CUSTOMER_PHONE, ''), '"', '\"') || '",' ||
      '"EMP_ID":' || NVL(TO_CHAR(:OLD.EMP_ID), 'null') || ',' ||
      '"INVOICE_DATE":"' || TO_CHAR(:OLD.INVOICE_DATE, 'YYYY-MM-DD') || '",' ||
      '"TOTAL_AMOUNT":' || NVL(TO_CHAR(:OLD.TOTAL_AMOUNT), 'null') || ',' ||
      '"STATUS":"' || REPLACE(NVL(:OLD.STATUS, ''), '"', '\"') || '"' ||
      '}';
  END IF;

  -- Build new values (for INSERT/UPDATE)
  IF INSERTING OR UPDATING THEN
    v_new_values := '{' ||
      '"INVOICE_ID":' || NVL(TO_CHAR(:NEW.INVOICE_ID), 'null') || ',' ||
      '"STOCKOUT_ID":' || NVL(TO_CHAR(:NEW.STOCKOUT_ID), 'null') || ',' ||
      '"CUSTOMER_PHONE":"' || REPLACE(NVL(:NEW.CUSTOMER_PHONE, ''), '"', '\"') || '",' ||
      '"EMP_ID":' || NVL(TO_CHAR(:NEW.EMP_ID), 'null') || ',' ||
      '"INVOICE_DATE":"' || TO_CHAR(:NEW.INVOICE_DATE, 'YYYY-MM-DD') || '",' ||
      '"TOTAL_AMOUNT":' || NVL(TO_CHAR(:NEW.TOTAL_AMOUNT), 'null') || ',' ||
      '"STATUS":"' || REPLACE(NVL(:NEW.STATUS, ''), '"', '\"') || '"' ||
      '}';
  END IF;

  -- Track changed columns for UPDATE
  IF UPDATING THEN
    v_changed_cols := '';
    IF (:OLD.STOCKOUT_ID != :NEW.STOCKOUT_ID) THEN v_changed_cols := v_changed_cols || 'STOCKOUT_ID,'; END IF;
    IF ((:OLD.CUSTOMER_PHONE IS NULL AND :NEW.CUSTOMER_PHONE IS NOT NULL) OR 
        (:OLD.CUSTOMER_PHONE IS NOT NULL AND :NEW.CUSTOMER_PHONE IS NULL) OR
        (:OLD.CUSTOMER_PHONE != :NEW.CUSTOMER_PHONE)) THEN 
      v_changed_cols := v_changed_cols || 'CUSTOMER_PHONE,'; 
    END IF;
    IF (:OLD.EMP_ID != :NEW.EMP_ID) THEN v_changed_cols := v_changed_cols || 'EMP_ID,'; END IF;
    IF (:OLD.INVOICE_DATE != :NEW.INVOICE_DATE) THEN v_changed_cols := v_changed_cols || 'INVOICE_DATE,'; END IF;
    IF (:OLD.TOTAL_AMOUNT IS NULL AND :NEW.TOTAL_AMOUNT IS NOT NULL) OR 
       (:OLD.TOTAL_AMOUNT IS NOT NULL AND :NEW.TOTAL_AMOUNT IS NULL) OR
       (:OLD.TOTAL_AMOUNT != :NEW.TOTAL_AMOUNT) THEN
      v_changed_cols := v_changed_cols || 'TOTAL_AMOUNT,';
    END IF;
    IF ((:OLD.STATUS IS NULL AND :NEW.STATUS IS NOT NULL) OR 
        (:OLD.STATUS IS NOT NULL AND :NEW.STATUS IS NULL) OR
        (:OLD.STATUS != :NEW.STATUS)) THEN 
      v_changed_cols := v_changed_cols || 'STATUS,'; 
    END IF;
    IF LENGTH(v_changed_cols) > 0 THEN
      v_changed_cols := SUBSTR(v_changed_cols, 1, LENGTH(v_changed_cols) - 1);
    END IF;
  END IF;

  -- Log the operation
  IF INSERTING THEN
    audit_dml_pkg.log_insert('INVOICE', v_new_values);
  ELSIF UPDATING THEN
    audit_dml_pkg.log_update('INVOICE', v_old_values, v_new_values, v_changed_cols);
  ELSIF DELETING THEN
    audit_dml_pkg.log_delete('INVOICE', v_old_values);
  END IF;
END;

/
ALTER TRIGGER "APP"."TRG_AUDIT_INVOICE" ENABLE;
--------------------------------------------------------
--  DDL for Trigger TRG_AUDIT_INVOICE_ITEM
--------------------------------------------------------

  CREATE OR REPLACE EDITIONABLE TRIGGER "APP"."TRG_AUDIT_INVOICE_ITEM" 
  AFTER INSERT OR UPDATE OR DELETE ON INVOICE_ITEM
  FOR EACH ROW
DECLARE
  v_old_values CLOB;
  v_new_values CLOB;
  v_changed_cols VARCHAR2(4000);
BEGIN
  -- Build old values (for UPDATE/DELETE)
  IF UPDATING OR DELETING THEN
    v_old_values := '{' ||
      '"INVOICE_ID":' || NVL(TO_CHAR(:OLD.INVOICE_ID), 'null') || ',' ||
      '"STOCKOUT_ID":' || NVL(TO_CHAR(:OLD.STOCKOUT_ID), 'null') || ',' ||
      '"PART_ID":' || NVL(TO_CHAR(:OLD.PART_ID), 'null') || ',' ||
      '"PRICE":' || NVL(TO_CHAR(:OLD.PRICE), 'null') ||
      '}';
  END IF;

  -- Build new values (for INSERT/UPDATE)
  IF INSERTING OR UPDATING THEN
    v_new_values := '{' ||
      '"INVOICE_ID":' || NVL(TO_CHAR(:NEW.INVOICE_ID), 'null') || ',' ||
      '"STOCKOUT_ID":' || NVL(TO_CHAR(:NEW.STOCKOUT_ID), 'null') || ',' ||
      '"PART_ID":' || NVL(TO_CHAR(:NEW.PART_ID), 'null') || ',' ||
      '"PRICE":' || NVL(TO_CHAR(:NEW.PRICE), 'null') ||
      '}';
  END IF;

  -- Track changed columns for UPDATE
  IF UPDATING THEN
    v_changed_cols := '';
    IF (:OLD.INVOICE_ID != :NEW.INVOICE_ID) THEN v_changed_cols := v_changed_cols || 'INVOICE_ID,'; END IF;
    IF (:OLD.STOCKOUT_ID != :NEW.STOCKOUT_ID) THEN v_changed_cols := v_changed_cols || 'STOCKOUT_ID,'; END IF;
    IF (:OLD.PART_ID != :NEW.PART_ID) THEN v_changed_cols := v_changed_cols || 'PART_ID,'; END IF;
    IF (:OLD.PRICE IS NULL AND :NEW.PRICE IS NOT NULL) OR 
       (:OLD.PRICE IS NOT NULL AND :NEW.PRICE IS NULL) OR
       (:OLD.PRICE != :NEW.PRICE) THEN
      v_changed_cols := v_changed_cols || 'PRICE,';
    END IF;
    IF LENGTH(v_changed_cols) > 0 THEN
      v_changed_cols := SUBSTR(v_changed_cols, 1, LENGTH(v_changed_cols) - 1);
    END IF;
  END IF;

  -- Log the operation
  IF INSERTING THEN
    audit_dml_pkg.log_insert('INVOICE_ITEM', v_new_values);
  ELSIF UPDATING THEN
    audit_dml_pkg.log_update('INVOICE_ITEM', v_old_values, v_new_values, v_changed_cols);
  ELSIF DELETING THEN
    audit_dml_pkg.log_delete('INVOICE_ITEM', v_old_values);
  END IF;
END;

/
ALTER TRIGGER "APP"."TRG_AUDIT_INVOICE_ITEM" ENABLE;
--------------------------------------------------------
--  DDL for Trigger TRG_AUDIT_ORDERS
--------------------------------------------------------

  CREATE OR REPLACE EDITIONABLE TRIGGER "APP"."TRG_AUDIT_ORDERS" 
  AFTER INSERT OR UPDATE OR DELETE ON ORDERS
  FOR EACH ROW
DECLARE
  v_old_values CLOB;
  v_new_values CLOB;
  v_changed_cols VARCHAR2(4000);
BEGIN
  -- Build old values (for UPDATE/DELETE)
  IF UPDATING OR DELETING THEN
    v_old_values := '{' ||
      '"ORDER_ID":' || NVL(TO_CHAR(:OLD.ORDER_ID), 'null') || ',' ||
      '"CUSTOMER_PHONE":"' || REPLACE(NVL(:OLD.CUSTOMER_PHONE, ''), '"', '\"') || '",' ||
      '"RECEIVER_EMP":' || NVL(TO_CHAR(:OLD.RECEIVER_EMP), 'null') || ',' ||
      '"HANDLER_EMP":' || NVL(TO_CHAR(:OLD.HANDLER_EMP), 'null') || ',' ||
      '"ORDER_TYPE":"' || REPLACE(NVL(:OLD.ORDER_TYPE, ''), '"', '\"') || '",' ||
      '"RECEIVED_DATE":"' || TO_CHAR(:OLD.RECEIVED_DATE, 'YYYY-MM-DD') || '",' ||
      '"STATUS":"' || REPLACE(NVL(:OLD.STATUS, ''), '"', '\"') || '",' ||
      '"DESCRIPTION":"' || REPLACE(NVL(:OLD.DESCRIPTION, ''), '"', '\"') || '"' ||
      '}';
  END IF;

  -- Build new values (for INSERT/UPDATE)
  IF INSERTING OR UPDATING THEN
    v_new_values := '{' ||
      '"ORDER_ID":' || NVL(TO_CHAR(:NEW.ORDER_ID), 'null') || ',' ||
      '"CUSTOMER_PHONE":"' || REPLACE(NVL(:NEW.CUSTOMER_PHONE, ''), '"', '\"') || '",' ||
      '"RECEIVER_EMP":' || NVL(TO_CHAR(:NEW.RECEIVER_EMP), 'null') || ',' ||
      '"HANDLER_EMP":' || NVL(TO_CHAR(:NEW.HANDLER_EMP), 'null') || ',' ||
      '"ORDER_TYPE":"' || REPLACE(NVL(:NEW.ORDER_TYPE, ''), '"', '\"') || '",' ||
      '"RECEIVED_DATE":"' || TO_CHAR(:NEW.RECEIVED_DATE, 'YYYY-MM-DD') || '",' ||
      '"STATUS":"' || REPLACE(NVL(:NEW.STATUS, ''), '"', '\"') || '",' ||
      '"DESCRIPTION":"' || REPLACE(NVL(:NEW.DESCRIPTION, ''), '"', '\"') || '"' ||
      '}';
  END IF;

  -- Track changed columns for UPDATE
  IF UPDATING THEN
    v_changed_cols := '';
    IF ((:OLD.CUSTOMER_PHONE IS NULL AND :NEW.CUSTOMER_PHONE IS NOT NULL) OR 
        (:OLD.CUSTOMER_PHONE IS NOT NULL AND :NEW.CUSTOMER_PHONE IS NULL) OR
        (:OLD.CUSTOMER_PHONE != :NEW.CUSTOMER_PHONE)) THEN 
      v_changed_cols := v_changed_cols || 'CUSTOMER_PHONE,'; 
    END IF;
    IF (:OLD.RECEIVER_EMP != :NEW.RECEIVER_EMP) THEN v_changed_cols := v_changed_cols || 'RECEIVER_EMP,'; END IF;
    IF (:OLD.HANDLER_EMP != :NEW.HANDLER_EMP) THEN v_changed_cols := v_changed_cols || 'HANDLER_EMP,'; END IF;
    IF ((:OLD.ORDER_TYPE IS NULL AND :NEW.ORDER_TYPE IS NOT NULL) OR 
        (:OLD.ORDER_TYPE IS NOT NULL AND :NEW.ORDER_TYPE IS NULL) OR
        (:OLD.ORDER_TYPE != :NEW.ORDER_TYPE)) THEN 
      v_changed_cols := v_changed_cols || 'ORDER_TYPE,'; 
    END IF;
    IF (:OLD.RECEIVED_DATE != :NEW.RECEIVED_DATE) THEN v_changed_cols := v_changed_cols || 'RECEIVED_DATE,'; END IF;
    IF ((:OLD.STATUS IS NULL AND :NEW.STATUS IS NOT NULL) OR 
        (:OLD.STATUS IS NOT NULL AND :NEW.STATUS IS NULL) OR
        (:OLD.STATUS != :NEW.STATUS)) THEN 
      v_changed_cols := v_changed_cols || 'STATUS,'; 
    END IF;
    IF ((:OLD.DESCRIPTION IS NULL AND :NEW.DESCRIPTION IS NOT NULL) OR 
        (:OLD.DESCRIPTION IS NOT NULL AND :NEW.DESCRIPTION IS NULL) OR
        (:OLD.DESCRIPTION != :NEW.DESCRIPTION)) THEN 
      v_changed_cols := v_changed_cols || 'DESCRIPTION,'; 
    END IF;
    IF LENGTH(v_changed_cols) > 0 THEN
      v_changed_cols := SUBSTR(v_changed_cols, 1, LENGTH(v_changed_cols) - 1);
    END IF;
  END IF;

  -- Log the operation
  IF INSERTING THEN
    audit_dml_pkg.log_insert('ORDERS', v_new_values);
  ELSIF UPDATING THEN
    audit_dml_pkg.log_update('ORDERS', v_old_values, v_new_values, v_changed_cols);
  ELSIF DELETING THEN
    audit_dml_pkg.log_delete('ORDERS', v_old_values);
  END IF;
END;

/
ALTER TRIGGER "APP"."TRG_AUDIT_ORDERS" ENABLE;
--------------------------------------------------------
--  DDL for Trigger TRG_AUDIT_PART
--------------------------------------------------------

  CREATE OR REPLACE EDITIONABLE TRIGGER "APP"."TRG_AUDIT_PART" 
  AFTER INSERT OR UPDATE OR DELETE ON PART
  FOR EACH ROW
DECLARE
  v_old_values CLOB;
  v_new_values CLOB;
  v_changed_cols VARCHAR2(4000);
BEGIN
  -- Build old values (for UPDATE/DELETE)
  IF UPDATING OR DELETING THEN
    v_old_values := '{' ||
      '"PART_ID":' || NVL(TO_CHAR(:OLD.PART_ID), 'null') || ',' ||
      '"NAME":"' || REPLACE(NVL(:OLD.NAME, ''), '"', '\"') || '",' ||
      '"MANUFACTURER":"' || REPLACE(NVL(:OLD.MANUFACTURER, ''), '"', '\"') || '",' ||
      '"SERIAL":"' || REPLACE(NVL(:OLD.SERIAL, ''), '"', '\"') || '",' ||
      '"STATUS":"' || REPLACE(NVL(:OLD.STATUS, ''), '"', '\"') || '",' ||
      '"STOCK_IN_ID":' || NVL(TO_CHAR(:OLD.STOCK_IN_ID), 'null') || ',' ||
      '"ORDER_ID":' || NVL(TO_CHAR(:OLD.ORDER_ID), 'null') || ',' ||
      '"PRICE":' || NVL(TO_CHAR(:OLD.PRICE), 'null') ||
      '}';
  END IF;

  -- Build new values (for INSERT/UPDATE)
  IF INSERTING OR UPDATING THEN
    v_new_values := '{' ||
      '"PART_ID":' || NVL(TO_CHAR(:NEW.PART_ID), 'null') || ',' ||
      '"NAME":"' || REPLACE(NVL(:NEW.NAME, ''), '"', '\"') || '",' ||
      '"MANUFACTURER":"' || REPLACE(NVL(:NEW.MANUFACTURER, ''), '"', '\"') || '",' ||
      '"SERIAL":"' || REPLACE(NVL(:NEW.SERIAL, ''), '"', '\"') || '",' ||
      '"STATUS":"' || REPLACE(NVL(:NEW.STATUS, ''), '"', '\"') || '",' ||
      '"STOCK_IN_ID":' || NVL(TO_CHAR(:NEW.STOCK_IN_ID), 'null') || ',' ||
      '"ORDER_ID":' || NVL(TO_CHAR(:NEW.ORDER_ID), 'null') || ',' ||
      '"PRICE":' || NVL(TO_CHAR(:NEW.PRICE), 'null') ||
      '}';
  END IF;

  -- Track changed columns for UPDATE
  IF UPDATING THEN
    v_changed_cols := '';
    IF ((:OLD.NAME IS NULL AND :NEW.NAME IS NOT NULL) OR 
        (:OLD.NAME IS NOT NULL AND :NEW.NAME IS NULL) OR
        (:OLD.NAME != :NEW.NAME)) THEN 
      v_changed_cols := v_changed_cols || 'NAME,'; 
    END IF;
    IF ((:OLD.MANUFACTURER IS NULL AND :NEW.MANUFACTURER IS NOT NULL) OR 
        (:OLD.MANUFACTURER IS NOT NULL AND :NEW.MANUFACTURER IS NULL) OR
        (:OLD.MANUFACTURER != :NEW.MANUFACTURER)) THEN 
      v_changed_cols := v_changed_cols || 'MANUFACTURER,'; 
    END IF;
    IF ((:OLD.SERIAL IS NULL AND :NEW.SERIAL IS NOT NULL) OR 
        (:OLD.SERIAL IS NOT NULL AND :NEW.SERIAL IS NULL) OR
        (:OLD.SERIAL != :NEW.SERIAL)) THEN 
      v_changed_cols := v_changed_cols || 'SERIAL,'; 
    END IF;
    IF ((:OLD.STATUS IS NULL AND :NEW.STATUS IS NOT NULL) OR 
        (:OLD.STATUS IS NOT NULL AND :NEW.STATUS IS NULL) OR
        (:OLD.STATUS != :NEW.STATUS)) THEN 
      v_changed_cols := v_changed_cols || 'STATUS,'; 
    END IF;
    IF (:OLD.STOCK_IN_ID != :NEW.STOCK_IN_ID) THEN v_changed_cols := v_changed_cols || 'STOCK_IN_ID,'; END IF;
    IF (:OLD.ORDER_ID IS NULL AND :NEW.ORDER_ID IS NOT NULL) OR 
       (:OLD.ORDER_ID IS NOT NULL AND :NEW.ORDER_ID IS NULL) OR
       (:OLD.ORDER_ID != :NEW.ORDER_ID) THEN
      v_changed_cols := v_changed_cols || 'ORDER_ID,';
    END IF;
    IF (:OLD.PRICE IS NULL AND :NEW.PRICE IS NOT NULL) OR 
       (:OLD.PRICE IS NOT NULL AND :NEW.PRICE IS NULL) OR
       (:OLD.PRICE != :NEW.PRICE) THEN
      v_changed_cols := v_changed_cols || 'PRICE,';
    END IF;
    IF LENGTH(v_changed_cols) > 0 THEN
      v_changed_cols := SUBSTR(v_changed_cols, 1, LENGTH(v_changed_cols) - 1);
    END IF;
  END IF;

  -- Log the operation
  IF INSERTING THEN
    audit_dml_pkg.log_insert('PART', v_new_values);
  ELSIF UPDATING THEN
    audit_dml_pkg.log_update('PART', v_old_values, v_new_values, v_changed_cols);
  ELSIF DELETING THEN
    audit_dml_pkg.log_delete('PART', v_old_values);
  END IF;
END;

/
ALTER TRIGGER "APP"."TRG_AUDIT_PART" ENABLE;
--------------------------------------------------------
--  DDL for Trigger TRG_AUDIT_PART_REQUEST
--------------------------------------------------------

  CREATE OR REPLACE EDITIONABLE TRIGGER "APP"."TRG_AUDIT_PART_REQUEST" 
  AFTER INSERT OR UPDATE OR DELETE ON PART_REQUEST
  FOR EACH ROW
DECLARE
  v_old_values CLOB;
  v_new_values CLOB;
  v_changed_cols VARCHAR2(4000);
BEGIN
  -- Build old values (for UPDATE/DELETE)
  IF UPDATING OR DELETING THEN
    v_old_values := '{' ||
      '"REQUEST_ID":' || NVL(TO_CHAR(:OLD.REQUEST_ID), 'null') || ',' ||
      '"ORDER_ID":' || NVL(TO_CHAR(:OLD.ORDER_ID), 'null') || ',' ||
      '"EMP_ID":' || NVL(TO_CHAR(:OLD.EMP_ID), 'null') || ',' ||
      '"REQUEST_DATE":"' || TO_CHAR(:OLD.REQUEST_DATE, 'YYYY-MM-DD') || '",' ||
      '"STATUS":"' || REPLACE(NVL(:OLD.STATUS, ''), '"', '\"') || '"' ||
      '}';
  END IF;

  -- Build new values (for INSERT/UPDATE)
  IF INSERTING OR UPDATING THEN
    v_new_values := '{' ||
      '"REQUEST_ID":' || NVL(TO_CHAR(:NEW.REQUEST_ID), 'null') || ',' ||
      '"ORDER_ID":' || NVL(TO_CHAR(:NEW.ORDER_ID), 'null') || ',' ||
      '"EMP_ID":' || NVL(TO_CHAR(:NEW.EMP_ID), 'null') || ',' ||
      '"REQUEST_DATE":"' || TO_CHAR(:NEW.REQUEST_DATE, 'YYYY-MM-DD') || '",' ||
      '"STATUS":"' || REPLACE(NVL(:NEW.STATUS, ''), '"', '\"') || '"' ||
      '}';
  END IF;

  -- Track changed columns for UPDATE
  IF UPDATING THEN
    v_changed_cols := '';
    IF (:OLD.ORDER_ID != :NEW.ORDER_ID) THEN v_changed_cols := v_changed_cols || 'ORDER_ID,'; END IF;
    IF (:OLD.EMP_ID != :NEW.EMP_ID) THEN v_changed_cols := v_changed_cols || 'EMP_ID,'; END IF;
    IF (:OLD.REQUEST_DATE != :NEW.REQUEST_DATE) THEN v_changed_cols := v_changed_cols || 'REQUEST_DATE,'; END IF;
    IF ((:OLD.STATUS IS NULL AND :NEW.STATUS IS NOT NULL) OR 
        (:OLD.STATUS IS NOT NULL AND :NEW.STATUS IS NULL) OR
        (:OLD.STATUS != :NEW.STATUS)) THEN 
      v_changed_cols := v_changed_cols || 'STATUS,'; 
    END IF;
    IF LENGTH(v_changed_cols) > 0 THEN
      v_changed_cols := SUBSTR(v_changed_cols, 1, LENGTH(v_changed_cols) - 1);
    END IF;
  END IF;

  -- Log the operation
  IF INSERTING THEN
    audit_dml_pkg.log_insert('PART_REQUEST', v_new_values);
  ELSIF UPDATING THEN
    audit_dml_pkg.log_update('PART_REQUEST', v_old_values, v_new_values, v_changed_cols);
  ELSIF DELETING THEN
    audit_dml_pkg.log_delete('PART_REQUEST', v_old_values);
  END IF;
END;

/
ALTER TRIGGER "APP"."TRG_AUDIT_PART_REQUEST" ENABLE;
--------------------------------------------------------
--  DDL for Trigger TRG_AUDIT_PART_REQUEST_ITEM
--------------------------------------------------------

  CREATE OR REPLACE EDITIONABLE TRIGGER "APP"."TRG_AUDIT_PART_REQUEST_ITEM" 
  AFTER INSERT OR UPDATE OR DELETE ON PART_REQUEST_ITEM
  FOR EACH ROW
DECLARE
  v_old_values CLOB;
  v_new_values CLOB;
  v_changed_cols VARCHAR2(4000);
BEGIN
  -- Build old values (for UPDATE/DELETE)
  IF UPDATING OR DELETING THEN
    v_old_values := '{' ||
      '"REQUEST_ID":' || NVL(TO_CHAR(:OLD.REQUEST_ID), 'null') || ',' ||
      '"PART_ID":' || NVL(TO_CHAR(:OLD.PART_ID), 'null') ||
      '}';
  END IF;

  -- Build new values (for INSERT/UPDATE)
  IF INSERTING OR UPDATING THEN
    v_new_values := '{' ||
      '"REQUEST_ID":' || NVL(TO_CHAR(:NEW.REQUEST_ID), 'null') || ',' ||
      '"PART_ID":' || NVL(TO_CHAR(:NEW.PART_ID), 'null') ||
      '}';
  END IF;

  -- Track changed columns for UPDATE
  IF UPDATING THEN
    v_changed_cols := '';
    IF (:OLD.REQUEST_ID != :NEW.REQUEST_ID) THEN v_changed_cols := v_changed_cols || 'REQUEST_ID,'; END IF;
    IF (:OLD.PART_ID != :NEW.PART_ID) THEN v_changed_cols := v_changed_cols || 'PART_ID,'; END IF;
    IF LENGTH(v_changed_cols) > 0 THEN
      v_changed_cols := SUBSTR(v_changed_cols, 1, LENGTH(v_changed_cols) - 1);
    END IF;
  END IF;

  -- Log the operation
  IF INSERTING THEN
    audit_dml_pkg.log_insert('PART_REQUEST_ITEM', v_new_values);
  ELSIF UPDATING THEN
    audit_dml_pkg.log_update('PART_REQUEST_ITEM', v_old_values, v_new_values, v_changed_cols);
  ELSIF DELETING THEN
    audit_dml_pkg.log_delete('PART_REQUEST_ITEM', v_old_values);
  END IF;
END;

/
ALTER TRIGGER "APP"."TRG_AUDIT_PART_REQUEST_ITEM" ENABLE;
--------------------------------------------------------
--  DDL for Trigger TRG_AUDIT_STOCK_IN
--------------------------------------------------------

  CREATE OR REPLACE EDITIONABLE TRIGGER "APP"."TRG_AUDIT_STOCK_IN" 
  AFTER INSERT OR UPDATE OR DELETE ON STOCK_IN
  FOR EACH ROW
DECLARE
  v_old_values CLOB;
  v_new_values CLOB;
  v_changed_cols VARCHAR2(4000);
BEGIN
  -- Build old values (for UPDATE/DELETE)
  IF UPDATING OR DELETING THEN
    v_old_values := '{' ||
      '"STOCKIN_ID":' || NVL(TO_CHAR(:OLD.STOCKIN_ID), 'null') || ',' ||
      '"EMP_ID":' || NVL(TO_CHAR(:OLD.EMP_ID), 'null') || ',' ||
      '"IN_DATE":"' || TO_CHAR(:OLD.IN_DATE, 'YYYY-MM-DD') || '",' ||
      '"NOTE":"' || REPLACE(NVL(:OLD.NOTE, ''), '"', '\"') || '"' ||
      '}';
  END IF;

  -- Build new values (for INSERT/UPDATE)
  IF INSERTING OR UPDATING THEN
    v_new_values := '{' ||
      '"STOCKIN_ID":' || NVL(TO_CHAR(:NEW.STOCKIN_ID), 'null') || ',' ||
      '"EMP_ID":' || NVL(TO_CHAR(:NEW.EMP_ID), 'null') || ',' ||
      '"IN_DATE":"' || TO_CHAR(:NEW.IN_DATE, 'YYYY-MM-DD') || '",' ||
      '"NOTE":"' || REPLACE(NVL(:NEW.NOTE, ''), '"', '\"') || '"' ||
      '}';
  END IF;

  -- Track changed columns for UPDATE
  IF UPDATING THEN
    v_changed_cols := '';
    IF (:OLD.EMP_ID != :NEW.EMP_ID) THEN v_changed_cols := v_changed_cols || 'EMP_ID,'; END IF;
    IF (:OLD.IN_DATE != :NEW.IN_DATE) THEN v_changed_cols := v_changed_cols || 'IN_DATE,'; END IF;
    IF ((:OLD.NOTE IS NULL AND :NEW.NOTE IS NOT NULL) OR 
        (:OLD.NOTE IS NOT NULL AND :NEW.NOTE IS NULL) OR
        (:OLD.NOTE != :NEW.NOTE)) THEN 
      v_changed_cols := v_changed_cols || 'NOTE,'; 
    END IF;
    IF LENGTH(v_changed_cols) > 0 THEN
      v_changed_cols := SUBSTR(v_changed_cols, 1, LENGTH(v_changed_cols) - 1);
    END IF;
  END IF;

  -- Log the operation
  IF INSERTING THEN
    audit_dml_pkg.log_insert('STOCK_IN', v_new_values);
  ELSIF UPDATING THEN
    audit_dml_pkg.log_update('STOCK_IN', v_old_values, v_new_values, v_changed_cols);
  ELSIF DELETING THEN
    audit_dml_pkg.log_delete('STOCK_IN', v_old_values);
  END IF;
END;

/
ALTER TRIGGER "APP"."TRG_AUDIT_STOCK_IN" ENABLE;
--------------------------------------------------------
--  DDL for Trigger TRG_AUDIT_STOCK_IN_ITEM
--------------------------------------------------------

  CREATE OR REPLACE EDITIONABLE TRIGGER "APP"."TRG_AUDIT_STOCK_IN_ITEM" 
  AFTER INSERT OR UPDATE OR DELETE ON STOCK_IN_ITEM
  FOR EACH ROW
DECLARE
  v_old_values CLOB;
  v_new_values CLOB;
  v_changed_cols VARCHAR2(4000);
BEGIN
  -- Build old values (for UPDATE/DELETE)
  IF UPDATING OR DELETING THEN
    v_old_values := '{' ||
      '"STOCKIN_ITEM_ID":' || NVL(TO_CHAR(:OLD.STOCKIN_ITEM_ID), 'null') || ',' ||
      '"STOCKIN_ID":' || NVL(TO_CHAR(:OLD.STOCKIN_ID), 'null') || ',' ||
      '"PART_NAME":"' || REPLACE(NVL(:OLD.PART_NAME, ''), '"', '\"') || '",' ||
      '"MANUFACTURER":"' || REPLACE(NVL(:OLD.MANUFACTURER, ''), '"', '\"') || '",' ||
      '"SERIAL":"' || REPLACE(NVL(:OLD.SERIAL, ''), '"', '\"') || '",' ||
      '"PRICE":' || NVL(TO_CHAR(:OLD.PRICE), 'null') ||
      '}';
  END IF;

  -- Build new values (for INSERT/UPDATE)
  IF INSERTING OR UPDATING THEN
    v_new_values := '{' ||
      '"STOCKIN_ITEM_ID":' || NVL(TO_CHAR(:NEW.STOCKIN_ITEM_ID), 'null') || ',' ||
      '"STOCKIN_ID":' || NVL(TO_CHAR(:NEW.STOCKIN_ID), 'null') || ',' ||
      '"PART_NAME":"' || REPLACE(NVL(:NEW.PART_NAME, ''), '"', '\"') || '",' ||
      '"MANUFACTURER":"' || REPLACE(NVL(:NEW.MANUFACTURER, ''), '"', '\"') || '",' ||
      '"SERIAL":"' || REPLACE(NVL(:NEW.SERIAL, ''), '"', '\"') || '",' ||
      '"PRICE":' || NVL(TO_CHAR(:NEW.PRICE), 'null') ||
      '}';
  END IF;

  -- Track changed columns for UPDATE
  IF UPDATING THEN
    v_changed_cols := '';
    IF (:OLD.STOCKIN_ID != :NEW.STOCKIN_ID) THEN v_changed_cols := v_changed_cols || 'STOCKIN_ID,'; END IF;
    IF ((:OLD.PART_NAME IS NULL AND :NEW.PART_NAME IS NOT NULL) OR 
        (:OLD.PART_NAME IS NOT NULL AND :NEW.PART_NAME IS NULL) OR
        (:OLD.PART_NAME != :NEW.PART_NAME)) THEN 
      v_changed_cols := v_changed_cols || 'PART_NAME,'; 
    END IF;
    IF ((:OLD.MANUFACTURER IS NULL AND :NEW.MANUFACTURER IS NOT NULL) OR 
        (:OLD.MANUFACTURER IS NOT NULL AND :NEW.MANUFACTURER IS NULL) OR
        (:OLD.MANUFACTURER != :NEW.MANUFACTURER)) THEN 
      v_changed_cols := v_changed_cols || 'MANUFACTURER,'; 
    END IF;
    IF ((:OLD.SERIAL IS NULL AND :NEW.SERIAL IS NOT NULL) OR 
        (:OLD.SERIAL IS NOT NULL AND :NEW.SERIAL IS NULL) OR
        (:OLD.SERIAL != :NEW.SERIAL)) THEN 
      v_changed_cols := v_changed_cols || 'SERIAL,'; 
    END IF;
    IF (:OLD.PRICE IS NULL AND :NEW.PRICE IS NOT NULL) OR 
       (:OLD.PRICE IS NOT NULL AND :NEW.PRICE IS NULL) OR
       (:OLD.PRICE != :NEW.PRICE) THEN
      v_changed_cols := v_changed_cols || 'PRICE,';
    END IF;
    IF LENGTH(v_changed_cols) > 0 THEN
      v_changed_cols := SUBSTR(v_changed_cols, 1, LENGTH(v_changed_cols) - 1);
    END IF;
  END IF;

  -- Log the operation
  IF INSERTING THEN
    audit_dml_pkg.log_insert('STOCK_IN_ITEM', v_new_values);
  ELSIF UPDATING THEN
    audit_dml_pkg.log_update('STOCK_IN_ITEM', v_old_values, v_new_values, v_changed_cols);
  ELSIF DELETING THEN
    audit_dml_pkg.log_delete('STOCK_IN_ITEM', v_old_values);
  END IF;
END;

/
ALTER TRIGGER "APP"."TRG_AUDIT_STOCK_IN_ITEM" ENABLE;
--------------------------------------------------------
--  DDL for Trigger TRG_AUDIT_STOCK_OUT
--------------------------------------------------------

  CREATE OR REPLACE EDITIONABLE TRIGGER "APP"."TRG_AUDIT_STOCK_OUT" 
  AFTER INSERT OR UPDATE OR DELETE ON STOCK_OUT
  FOR EACH ROW
DECLARE
  v_old_values CLOB;
  v_new_values CLOB;
  v_changed_cols VARCHAR2(4000);
BEGIN
  -- Build old values (for UPDATE/DELETE)
  IF UPDATING OR DELETING THEN
    v_old_values := '{' ||
      '"STOCKOUT_ID":' || NVL(TO_CHAR(:OLD.STOCKOUT_ID), 'null') || ',' ||
      '"ORDER_ID":' || NVL(TO_CHAR(:OLD.ORDER_ID), 'null') || ',' ||
      '"EMP_ID":' || NVL(TO_CHAR(:OLD.EMP_ID), 'null') || ',' ||
      '"OUT_DATE":"' || TO_CHAR(:OLD.OUT_DATE, 'YYYY-MM-DD') || '",' ||
      '"NOTE":"' || REPLACE(NVL(:OLD.NOTE, ''), '"', '\"') || '"' ||
      '}';
  END IF;

  -- Build new values (for INSERT/UPDATE)
  IF INSERTING OR UPDATING THEN
    v_new_values := '{' ||
      '"STOCKOUT_ID":' || NVL(TO_CHAR(:NEW.STOCKOUT_ID), 'null') || ',' ||
      '"ORDER_ID":' || NVL(TO_CHAR(:NEW.ORDER_ID), 'null') || ',' ||
      '"EMP_ID":' || NVL(TO_CHAR(:NEW.EMP_ID), 'null') || ',' ||
      '"OUT_DATE":"' || TO_CHAR(:NEW.OUT_DATE, 'YYYY-MM-DD') || '",' ||
      '"NOTE":"' || REPLACE(NVL(:NEW.NOTE, ''), '"', '\"') || '"' ||
      '}';
  END IF;

  -- Track changed columns for UPDATE
  IF UPDATING THEN
    v_changed_cols := '';
    IF (:OLD.ORDER_ID != :NEW.ORDER_ID) THEN v_changed_cols := v_changed_cols || 'ORDER_ID,'; END IF;
    IF (:OLD.EMP_ID != :NEW.EMP_ID) THEN v_changed_cols := v_changed_cols || 'EMP_ID,'; END IF;
    IF (:OLD.OUT_DATE != :NEW.OUT_DATE) THEN v_changed_cols := v_changed_cols || 'OUT_DATE,'; END IF;
    IF ((:OLD.NOTE IS NULL AND :NEW.NOTE IS NOT NULL) OR 
        (:OLD.NOTE IS NOT NULL AND :NEW.NOTE IS NULL) OR
        (:OLD.NOTE != :NEW.NOTE)) THEN 
      v_changed_cols := v_changed_cols || 'NOTE,'; 
    END IF;
    IF LENGTH(v_changed_cols) > 0 THEN
      v_changed_cols := SUBSTR(v_changed_cols, 1, LENGTH(v_changed_cols) - 1);
    END IF;
  END IF;

  -- Log the operation
  IF INSERTING THEN
    audit_dml_pkg.log_insert('STOCK_OUT', v_new_values);
  ELSIF UPDATING THEN
    audit_dml_pkg.log_update('STOCK_OUT', v_old_values, v_new_values, v_changed_cols);
  ELSIF DELETING THEN
    audit_dml_pkg.log_delete('STOCK_OUT', v_old_values);
  END IF;
END;

/
ALTER TRIGGER "APP"."TRG_AUDIT_STOCK_OUT" ENABLE;
--------------------------------------------------------
--  DDL for Trigger TRG_AUDIT_STOCK_OUT_ITEM
--------------------------------------------------------

  CREATE OR REPLACE EDITIONABLE TRIGGER "APP"."TRG_AUDIT_STOCK_OUT_ITEM" 
  AFTER INSERT OR UPDATE OR DELETE ON STOCK_OUT_ITEM
  FOR EACH ROW
DECLARE
  v_old_values CLOB;
  v_new_values CLOB;
  v_changed_cols VARCHAR2(4000);
BEGIN
  -- Build old values (for UPDATE/DELETE)
  IF UPDATING OR DELETING THEN
    v_old_values := '{' ||
      '"STOCKOUT_ID":' || NVL(TO_CHAR(:OLD.STOCKOUT_ID), 'null') || ',' ||
      '"PART_ID":' || NVL(TO_CHAR(:OLD.PART_ID), 'null') ||
      '}';
  END IF;

  -- Build new values (for INSERT/UPDATE)
  IF INSERTING OR UPDATING THEN
    v_new_values := '{' ||
      '"STOCKOUT_ID":' || NVL(TO_CHAR(:NEW.STOCKOUT_ID), 'null') || ',' ||
      '"PART_ID":' || NVL(TO_CHAR(:NEW.PART_ID), 'null') ||
      '}';
  END IF;

  -- Track changed columns for UPDATE
  IF UPDATING THEN
    v_changed_cols := '';
    IF (:OLD.STOCKOUT_ID != :NEW.STOCKOUT_ID) THEN v_changed_cols := v_changed_cols || 'STOCKOUT_ID,'; END IF;
    IF (:OLD.PART_ID != :NEW.PART_ID) THEN v_changed_cols := v_changed_cols || 'PART_ID,'; END IF;
    IF LENGTH(v_changed_cols) > 0 THEN
      v_changed_cols := SUBSTR(v_changed_cols, 1, LENGTH(v_changed_cols) - 1);
    END IF;
  END IF;

  -- Log the operation
  IF INSERTING THEN
    audit_dml_pkg.log_insert('STOCK_OUT_ITEM', v_new_values);
  ELSIF UPDATING THEN
    audit_dml_pkg.log_update('STOCK_OUT_ITEM', v_old_values, v_new_values, v_changed_cols);
  ELSIF DELETING THEN
    audit_dml_pkg.log_delete('STOCK_OUT_ITEM', v_old_values);
  END IF;
END;

/
ALTER TRIGGER "APP"."TRG_AUDIT_STOCK_OUT_ITEM" ENABLE;
--------------------------------------------------------
--  DDL for Procedure ACCEPT_PART_REQUEST
--------------------------------------------------------
set define off;

  CREATE OR REPLACE EDITIONABLE PROCEDURE "APP"."ACCEPT_PART_REQUEST" (
    p_request_id IN NUMBER
)
AS
BEGIN
    -- 1. Cập nhật trạng thái request
    UPDATE PART_REQUEST
    SET STATUS = 'Đồng ý'
    WHERE REQUEST_ID = p_request_id; 
    -- 2. Cập nhật tất cả part dựa trên request items
    UPDATE PART p
       SET STATUS = 'Đã gán',
           ORDER_ID = (SELECT pr.ORDER_ID
                       FROM PART_REQUEST pr
                      WHERE pr.REQUEST_ID = p_request_id)
     WHERE p.PART_ID IN (SELECT pri.PART_ID
                           FROM PART_REQUEST_ITEM pri
                          WHERE pri.REQUEST_ID = p_request_id);

    COMMIT;
END ACCEPT_PART_REQUEST;

/

  GRANT EXECUTE ON "APP"."ACCEPT_PART_REQUEST" TO "ROLE_ADMIN";
--------------------------------------------------------
--  DDL for Procedure ASSIGN_PROFILE_TO_USER
--------------------------------------------------------
set define off;

  CREATE OR REPLACE EDITIONABLE PROCEDURE "APP"."ASSIGN_PROFILE_TO_USER" (
    p_username IN VARCHAR2,
    p_profile_name IN VARCHAR2
)
AS
BEGIN
    EXECUTE IMMEDIATE 'ALTER USER "' || p_username || '" PROFILE "' || UPPER(p_profile_name) || '"';
END ASSIGN_PROFILE_TO_USER;

/

  GRANT EXECUTE ON "APP"."ASSIGN_PROFILE_TO_USER" TO "ROLE_ADMIN";
--------------------------------------------------------
--  DDL for Procedure ASSIGN_ROLE_PROC
--------------------------------------------------------
set define off;

  CREATE OR REPLACE EDITIONABLE PROCEDURE "APP"."ASSIGN_ROLE_PROC" (
    p_username IN VARCHAR2,
    p_role_name IN VARCHAR2
)
AS
BEGIN
    EXECUTE IMMEDIATE 'GRANT "' || p_role_name || '" TO "' || p_username || '"';
END;


/

  GRANT EXECUTE ON "APP"."ASSIGN_ROLE_PROC" TO "ROLE_ADMIN";
--------------------------------------------------------
--  DDL for Procedure AUDIT_STD_DISABLE_ALL
--------------------------------------------------------
set define off;

  CREATE OR REPLACE EDITIONABLE PROCEDURE "APP"."AUDIT_STD_DISABLE_ALL" AS
BEGIN
  EXECUTE IMMEDIATE 'NOAUDIT INSERT, UPDATE, DELETE ON EMPLOYEE';
  EXECUTE IMMEDIATE 'NOAUDIT INSERT, UPDATE, DELETE ON CUSTOMER';
  EXECUTE IMMEDIATE 'NOAUDIT INSERT, UPDATE, DELETE ON ORDERS';
  EXECUTE IMMEDIATE 'NOAUDIT INSERT, UPDATE, DELETE ON STOCK_IN';
  EXECUTE IMMEDIATE 'NOAUDIT INSERT, UPDATE, DELETE ON STOCK_IN_ITEM';
  EXECUTE IMMEDIATE 'NOAUDIT INSERT, UPDATE, DELETE ON PART';
  EXECUTE IMMEDIATE 'NOAUDIT INSERT, UPDATE, DELETE ON STOCK_OUT';
  EXECUTE IMMEDIATE 'NOAUDIT INSERT, UPDATE, DELETE ON STOCK_OUT_ITEM';
  EXECUTE IMMEDIATE 'NOAUDIT INSERT, UPDATE, DELETE ON PART_REQUEST';
  EXECUTE IMMEDIATE 'NOAUDIT INSERT, UPDATE, DELETE ON PART_REQUEST_ITEM';
  EXECUTE IMMEDIATE 'NOAUDIT INSERT, UPDATE, DELETE ON USER_OTP_LOG';
  EXECUTE IMMEDIATE 'NOAUDIT INSERT, UPDATE, DELETE ON EMPLOYEE_SHIFT';
  EXECUTE IMMEDIATE 'NOAUDIT INSERT, UPDATE, DELETE ON CUSTOMER_APPOINTMENT';
  EXECUTE IMMEDIATE 'NOAUDIT INSERT, UPDATE, DELETE ON INVOICE';
  EXECUTE IMMEDIATE 'NOAUDIT INSERT, UPDATE, DELETE ON INVOICE_ITEM';
  EXECUTE IMMEDIATE 'NOAUDIT INSERT, UPDATE, DELETE ON SERVICE';
  EXECUTE IMMEDIATE 'NOAUDIT INSERT, UPDATE, DELETE ON ORDER_SERVICE';
  EXECUTE IMMEDIATE 'NOAUDIT INSERT, UPDATE, DELETE ON INVOICE_SERVICE';
END;

/

  GRANT EXECUTE ON "APP"."AUDIT_STD_DISABLE_ALL" TO "ROLE_ADMIN";
--------------------------------------------------------
--  DDL for Procedure AUDIT_STD_ENABLE_ALL
--------------------------------------------------------
set define off;

  CREATE OR REPLACE EDITIONABLE PROCEDURE "APP"."AUDIT_STD_ENABLE_ALL" AS
BEGIN
  -- Chỉ cần thêm các bảng bạn muốn audit
  EXECUTE IMMEDIATE 'AUDIT INSERT, UPDATE, DELETE ON EMPLOYEE BY ACCESS';
  EXECUTE IMMEDIATE 'AUDIT INSERT, UPDATE, DELETE ON CUSTOMER BY ACCESS';
  EXECUTE IMMEDIATE 'AUDIT INSERT, UPDATE, DELETE ON ORDERS BY ACCESS';
  EXECUTE IMMEDIATE 'AUDIT INSERT, UPDATE, DELETE ON STOCK_IN BY ACCESS';
  EXECUTE IMMEDIATE 'AUDIT INSERT, UPDATE, DELETE ON STOCK_IN_ITEM BY ACCESS';
  EXECUTE IMMEDIATE 'AUDIT INSERT, UPDATE, DELETE ON PART BY ACCESS';
  EXECUTE IMMEDIATE 'AUDIT INSERT, UPDATE, DELETE ON STOCK_OUT BY ACCESS';
  EXECUTE IMMEDIATE 'AUDIT INSERT, UPDATE, DELETE ON STOCK_OUT_ITEM BY ACCESS';
  EXECUTE IMMEDIATE 'AUDIT INSERT, UPDATE, DELETE ON PART_REQUEST BY ACCESS';
  EXECUTE IMMEDIATE 'AUDIT INSERT, UPDATE, DELETE ON PART_REQUEST_ITEM BY ACCESS';
  EXECUTE IMMEDIATE 'AUDIT INSERT, UPDATE, DELETE ON USER_OTP_LOG BY ACCESS';
  EXECUTE IMMEDIATE 'AUDIT INSERT, UPDATE, DELETE ON EMPLOYEE_SHIFT BY ACCESS';
  EXECUTE IMMEDIATE 'AUDIT INSERT, UPDATE, DELETE ON CUSTOMER_APPOINTMENT BY ACCESS';
  EXECUTE IMMEDIATE 'AUDIT INSERT, UPDATE, DELETE ON INVOICE BY ACCESS';
  EXECUTE IMMEDIATE 'AUDIT INSERT, UPDATE, DELETE ON INVOICE_ITEM BY ACCESS';
  EXECUTE IMMEDIATE 'AUDIT INSERT, UPDATE, DELETE ON SERVICE BY ACCESS';
  EXECUTE IMMEDIATE 'AUDIT INSERT, UPDATE, DELETE ON ORDER_SERVICE BY ACCESS';
  EXECUTE IMMEDIATE 'AUDIT INSERT, UPDATE, DELETE ON INVOICE_SERVICE BY ACCESS';
END;

/

  GRANT EXECUTE ON "APP"."AUDIT_STD_ENABLE_ALL" TO "ROLE_ADMIN";
--------------------------------------------------------
--  DDL for Procedure CHANGE_CUSTOMER_PASSWORD
--------------------------------------------------------
set define off;

  CREATE OR REPLACE EDITIONABLE PROCEDURE "APP"."CHANGE_CUSTOMER_PASSWORD" (
    p_phone        IN VARCHAR2,  -- Số điện thoại dùng làm PK / DB user
    p_old_password IN VARCHAR2,  -- Mật khẩu cũ
    p_new_password IN VARCHAR2   -- Mật khẩu mới
)
AS
    v_old_hash VARCHAR2(256);
    v_new_hash VARCHAR2(256);
    v_pwd      VARCHAR2(20);
BEGIN
    -- 1. Lấy hash mật khẩu hiện tại từ bảng CUSTOMER
    SELECT PASSWORD_HASH
    INTO v_old_hash
    FROM CUSTOMER
    WHERE PHONE = p_phone;

    -- 2. Kiểm tra mật khẩu cũ
    IF v_old_hash != HASH_PASSWORD(p_old_password) THEN
        RAISE_APPLICATION_ERROR(-20001, 'Mật khẩu cũ không đúng cho khách hàng: ' || p_phone);
    END IF;

    -- 3. Hash mật khẩu mới
    v_new_hash := HASH_PASSWORD(p_new_password);
    v_pwd      := HASH_PASSWORD_20CHARS(p_new_password);

    -- 4. Cập nhật bảng CUSTOMER
    BEGIN
        UPDATE CUSTOMER
        SET PASSWORD_HASH = v_new_hash
        WHERE PHONE = p_phone;

        COMMIT;
    EXCEPTION
        WHEN OTHERS THEN
            ROLLBACK;
            RAISE;
    END;

    -- 5. Cập nhật Oracle DB user password
    BEGIN
        EXECUTE IMMEDIATE 'ALTER USER "' || p_phone || '" IDENTIFIED BY "' || v_pwd || '"';
    EXCEPTION
        WHEN OTHERS THEN
            RAISE_APPLICATION_ERROR(-20002, 'Không thể đổi password cho DB user ' || p_phone || ': ' || SQLERRM);
    END;

END CHANGE_CUSTOMER_PASSWORD;

/

  GRANT EXECUTE ON "APP"."CHANGE_CUSTOMER_PASSWORD" TO "ROLE_KHACHHANG";
--------------------------------------------------------
--  DDL for Procedure CHANGE_EPLOYEE_PASSWORD
--------------------------------------------------------
set define off;

  CREATE OR REPLACE EDITIONABLE PROCEDURE "APP"."CHANGE_EPLOYEE_PASSWORD" (
    p_username        IN VARCHAR2,  -- Số điện thoại dùng làm PK / DB user
    p_old_password IN VARCHAR2,  -- Mật khẩu cũ
    p_new_password IN VARCHAR2   -- Mật khẩu mới
)
AS
    v_old_hash VARCHAR2(256);
    v_new_hash VARCHAR2(256);
    v_pwd      VARCHAR2(20);
BEGIN
    -- 1. Lấy hash mật khẩu hiện tại từ bảng CUSTOMER
    SELECT PASSWORD_HASH
    INTO v_old_hash
    FROM EMPLOYEE
    WHERE USERNAME = p_username;

    -- 2. Kiểm tra mật khẩu cũ
    IF v_old_hash != HASH_PASSWORD(p_old_password) THEN
        RAISE_APPLICATION_ERROR(-20001, 'Mật khẩu cũ không đúng cho khách hàng: ' || p_username);
    END IF;

    -- 3. Hash mật khẩu mới
    v_new_hash := HASH_PASSWORD(p_new_password);
    v_pwd      := HASH_PASSWORD_20CHARS(p_new_password);

    -- 4. Cập nhật bảng CUSTOMER
    BEGIN
        UPDATE EMPLOYEE
        SET PASSWORD_HASH = v_new_hash
        WHERE USERNAME = p_username;

        COMMIT;
    EXCEPTION
        WHEN OTHERS THEN
            ROLLBACK;
            RAISE;
    END;

    -- 5. Cập nhật Oracle DB user password
    BEGIN
        EXECUTE IMMEDIATE 'ALTER USER "' || UPPER(p_username) || '" IDENTIFIED BY "' || v_pwd || '"';

    EXCEPTION
        WHEN OTHERS THEN
            RAISE_APPLICATION_ERROR(-20002, 'Không thể đổi password cho DB user ' || p_username || ': ' || SQLERRM);
    END;

END CHANGE_EPLOYEE_PASSWORD;

/

  GRANT EXECUTE ON "APP"."CHANGE_EPLOYEE_PASSWORD" TO "ROLE_ADMIN";
  GRANT EXECUTE ON "APP"."CHANGE_EPLOYEE_PASSWORD" TO "ROLE_KITHUATVIEN";
  GRANT EXECUTE ON "APP"."CHANGE_EPLOYEE_PASSWORD" TO "ROLE_TIEPTAN";
  GRANT EXECUTE ON "APP"."CHANGE_EPLOYEE_PASSWORD" TO "ROLE_THUKHO";
--------------------------------------------------------
--  DDL for Procedure COMPLETE_PART_REQUEST
--------------------------------------------------------
set define off;

  CREATE OR REPLACE EDITIONABLE PROCEDURE "APP"."COMPLETE_PART_REQUEST" (
    p_request_id IN NUMBER
)
AS
BEGIN
    -- 1. Cập nhật trạng thái request 
    UPDATE PART_REQUEST
    SET STATUS = 'Từ chối'
    WHERE REQUEST_ID = p_request_id;

    -- 2. Cập nhật tất cả part dựa trên request items
    UPDATE PART p
       SET STATUS = 'Đã gán',
           ORDER_ID = (SELECT pr.ORDER_ID
                       FROM PART_REQUEST pr
                      WHERE pr.REQUEST_ID = p_request_id)
     WHERE p.PART_ID IN (SELECT pri.PART_ID
                           FROM PART_REQUEST_ITEM pri
                          WHERE pri.REQUEST_ID = p_request_id);

    COMMIT;
END COMPLETE_PART_REQUEST;

/

  GRANT EXECUTE ON "APP"."COMPLETE_PART_REQUEST" TO "ROLE_ADMIN";
--------------------------------------------------------
--  DDL for Procedure CREATE_APPOINTMENT
--------------------------------------------------------
set define off;

  CREATE OR REPLACE EDITIONABLE PROCEDURE "APP"."CREATE_APPOINTMENT" (
    p_customer_phone IN VARCHAR2,
    p_appointment_date IN DATE,
    p_description IN VARCHAR2 DEFAULT NULL,
    p_status OUT VARCHAR2
)
AS
BEGIN
    INSERT INTO CUSTOMER_APPOINTMENT (
        APPOINTMENT_ID,
        CUSTOMER_PHONE,
        APPOINTMENT_DATE,
        STATUS,
        DESCRIPTION
    )
    VALUES (
        APPOINTMENT_SEQ.NEXTVAL,  -- giả sử bạn có sequence APPOINTMENT_SEQ
        p_customer_phone,
        p_appointment_date,
        'Đã lên lịch',  -- mặc định trạng thái
        p_description
    );

    p_status := 'Đã lên lịch';

    COMMIT;
EXCEPTION
    WHEN OTHERS THEN
        ROLLBACK;
        RAISE_APPLICATION_ERROR(-20001, 'Không thể tạo lịch: ' || SQLERRM);
END;

/

  GRANT EXECUTE ON "APP"."CREATE_APPOINTMENT" TO "ROLE_KHACHHANG";
--------------------------------------------------------
--  DDL for Procedure CREATE_INVOICE
--------------------------------------------------------
set define off;

  CREATE OR REPLACE EDITIONABLE PROCEDURE "APP"."CREATE_INVOICE" (
    p_stockout_id     IN NUMBER,
    p_invoice_id      OUT NUMBER
)
AS
    v_order_id        NUMBER;
    v_customer_phone  VARCHAR2(20);
    v_emp_id          NUMBER;
    v_total_amount    NUMBER(20,2) := 0;
    v_part_price      NUMBER(20,2);
    v_service_price   NUMBER(20,2);
BEGIN
    -- 1. Lấy thông tin từ STOCK_OUT
    SELECT so.ORDER_ID, so.EMP_ID
    INTO v_order_id, v_emp_id
    FROM APP.STOCK_OUT so
    WHERE so.STOCKOUT_ID = p_stockout_id;

    -- 2. Lấy CUSTOMER_PHONE
    SELECT o.CUSTOMER_PHONE
    INTO v_customer_phone
    FROM APP.ORDERS o
    WHERE o.ORDER_ID = v_order_id;

    -- 3. Tính tổng tiền service
    SELECT NVL(SUM(os.PRICE * os.QUANTITY), 0)
    INTO v_service_price
    FROM APP.ORDER_SERVICE os
    WHERE os.ORDER_ID = v_order_id;

    -- 4. Tính tổng tiền linh kiện (luôn tính đúng giá)
    SELECT NVL(SUM(p.PRICE), 0)
    INTO v_part_price
    FROM APP.STOCK_OUT_ITEM soi
    JOIN APP.PART p ON soi.PART_ID = p.PART_ID
    WHERE soi.STOCKOUT_ID = p_stockout_id;

    -- 5. Tính tổng tiền hóa đơn
    IF v_service_price = 0 THEN
        v_total_amount := 0;    -- Đây là bảo hành
    ELSE
        v_total_amount := v_service_price + v_part_price;
    END IF;

    -- 6. Insert INVOICE
    INSERT INTO APP.INVOICE (
        INVOICE_ID, STOCKOUT_ID, CUSTOMER_PHONE, EMP_ID,
        INVOICE_DATE, TOTAL_AMOUNT, STATUS
    )
    VALUES (
        INVOICE_SEQ.NEXTVAL,
        p_stockout_id,
        v_customer_phone,
        v_emp_id,
        SYSDATE,
        v_total_amount,
        'PENDING'
    )
    RETURNING INVOICE_ID INTO p_invoice_id;

    -- 7. INVOICE_ITEM (luôn lấy giá thật)
    INSERT INTO APP.INVOICE_ITEM (
        INVOICE_ID, STOCKOUT_ID, PART_ID, PRICE
    )
    SELECT 
        p_invoice_id,
        soi.STOCKOUT_ID,
        soi.PART_ID,
        p.PRICE
    FROM APP.STOCK_OUT_ITEM soi
    JOIN APP.PART p ON soi.PART_ID = p.PART_ID
    WHERE soi.STOCKOUT_ID = p_stockout_id;

    -- 8. INVOICE_SERVICE (giữ nguyên giá thiết lập)
    INSERT INTO APP.INVOICE_SERVICE (
        INVOICE_ID, SERVICE_ID, QUANTITY, PRICE
    )
    SELECT 
        p_invoice_id,
        os.SERVICE_ID,
        os.QUANTITY,
        os.PRICE
    FROM APP.ORDER_SERVICE os
    WHERE os.ORDER_ID = v_order_id;

EXCEPTION
    WHEN NO_DATA_FOUND THEN
        RAISE_APPLICATION_ERROR(-20005,
        'Không tìm thấy dữ liệu liên quan đến StockOut ID ' || p_stockout_id);
    WHEN OTHERS THEN
        RAISE;
END CREATE_INVOICE;

/

  GRANT EXECUTE ON "APP"."CREATE_INVOICE" TO "ROLE_ADMIN";
  GRANT EXECUTE ON "APP"."CREATE_INVOICE" TO "ROLE_THUKHO";
--------------------------------------------------------
--  DDL for Procedure CREATE_ORDER
--------------------------------------------------------
set define off;

  CREATE OR REPLACE EDITIONABLE PROCEDURE "APP"."CREATE_ORDER" (
    p_customer_phone      IN VARCHAR2,
    p_receiver_emp_name   IN VARCHAR2,
    p_handler_emp_name    IN VARCHAR2,
    p_order_type          IN VARCHAR2,
    p_status              IN VARCHAR2,
    p_description         IN VARCHAR2 DEFAULT NULL,
    p_order_id            OUT NUMBER -- ✅ Thêm tham số OUT để trả về ID mới
)
AS
    v_receiver_emp_id EMPLOYEE.EMP_ID%TYPE;
    v_handler_emp_id  EMPLOYEE.EMP_ID%TYPE;
BEGIN
    -- 1. Lấy EMP_ID từ username (Giữ nguyên logic)
    SELECT EMP_ID INTO v_receiver_emp_id
      FROM EMPLOYEE
     WHERE USERNAME = p_receiver_emp_name;

    SELECT EMP_ID INTO v_handler_emp_id
      FROM EMPLOYEE
     WHERE USERNAME = p_handler_emp_name;

    -- 2. Insert đơn hàng và trả về ID
    INSERT INTO ORDERS (
        ORDER_ID,
        CUSTOMER_PHONE,
        RECEIVER_EMP,
        HANDLER_EMP,
        ORDER_TYPE,
        RECEIVED_DATE,
        STATUS,
        DESCRIPTION
    ) VALUES (
        -- Giả định ORDERS_SEQ là Sequence để tạo ORDER_ID
        ORDERS_SEQ.NEXTVAL,
        p_customer_phone,
        v_receiver_emp_id,
        v_handler_emp_id,
        p_order_type,
        SYSDATE,
        p_status,
        p_description
    )
    -- ✅ Thêm mệnh đề RETURNING INTO để gán ID mới cho tham số OUT
    RETURNING ORDER_ID INTO p_order_id; 

    -- ❌ Đã xóa lệnh COMMIT vì Transaction được quản lý ở tầng C#
    
EXCEPTION
    WHEN NO_DATA_FOUND THEN
        -- Không cần ROLLBACK ở đây vì C# sẽ xử lý Transaction
        RAISE_APPLICATION_ERROR(-20001, 'Username nhân viên hoặc Khách hàng không tồn tại.');
    WHEN OTHERS THEN
        -- Không cần ROLLBACK
        RAISE;
END CREATE_ORDER;

/

  GRANT EXECUTE ON "APP"."CREATE_ORDER" TO "ROLE_ADMIN";
  GRANT EXECUTE ON "APP"."CREATE_ORDER" TO "ROLE_TIEPTAN";
--------------------------------------------------------
--  DDL for Procedure CREATE_ORDER_SERVICE
--------------------------------------------------------
set define off;

  CREATE OR REPLACE EDITIONABLE PROCEDURE "APP"."CREATE_ORDER_SERVICE" (
    p_order_id      IN ORDER_SERVICE.ORDER_ID%TYPE,
    p_service_id    IN ORDER_SERVICE.SERVICE_ID%TYPE,
    p_quantity      IN ORDER_SERVICE.QUANTITY%TYPE,
    p_price         IN ORDER_SERVICE.PRICE%TYPE,
    p_result        OUT VARCHAR2 -- Tham số OUT để trả về kết quả
)
AS
    v_count NUMBER;
BEGIN
    -- 1. Kiểm tra tính hợp lệ của ORDER_ID và SERVICE_ID

    -- Kiểm tra Order có tồn tại không
    SELECT COUNT(*) INTO v_count FROM ORDERS WHERE ORDER_ID = p_order_id;
    IF v_count = 0 THEN
        p_result := 'Lỗi: Order ID ' || p_order_id || ' không tồn tại.';
        RETURN;
    END IF;

    -- Kiểm tra Service có tồn tại không
    SELECT COUNT(*) INTO v_count FROM SERVICE WHERE SERVICE_ID = p_service_id;
    IF v_count = 0 THEN
        p_result := 'Lỗi: Service ID ' || p_service_id || ' không tồn tại.';
        RETURN;
    END IF;

    -- Kiểm tra xem dịch vụ này đã được thêm vào order này chưa (dựa vào PK)
    SELECT COUNT(*) INTO v_count 
    FROM ORDER_SERVICE 
    WHERE ORDER_ID = p_order_id AND SERVICE_ID = p_service_id;

    IF v_count > 0 THEN
        p_result := 'Lỗi: Dịch vụ này đã tồn tại trong Order ID ' || p_order_id || '.';
        RETURN;
    END IF;

    -- 2. Chèn dữ liệu mới vào ORDER_SERVICE
    INSERT INTO ORDER_SERVICE (
        ORDER_ID, 
        SERVICE_ID, 
        QUANTITY, 
        PRICE
    ) VALUES (
        p_order_id, 
        p_service_id, 
        p_quantity, 
        p_price
    );

    -- Ghi nhận thành công
    p_result := 'Thành công: Đã thêm dịch vụ ' || p_service_id || ' vào Order ' || p_order_id || '.';

    COMMIT;

EXCEPTION
    WHEN OTHERS THEN
        -- Xử lý lỗi hệ thống chung
        ROLLBACK;
        p_result := 'Lỗi hệ thống: ' || SQLERRM;
END;

/

  GRANT EXECUTE ON "APP"."CREATE_ORDER_SERVICE" TO "ROLE_ADMIN";
  GRANT EXECUTE ON "APP"."CREATE_ORDER_SERVICE" TO "ROLE_TIEPTAN";
--------------------------------------------------------
--  DDL for Procedure CREATE_PART
--------------------------------------------------------
set define off;

  CREATE OR REPLACE EDITIONABLE PROCEDURE "APP"."CREATE_PART" (
    p_stockin_id IN NUMBER,
    p_part_name IN VARCHAR2,
    p_manufacturer IN VARCHAR2,
    p_serial IN VARCHAR2,
    p_price IN NUMBER       -- thêm tham số price
)
AS
BEGIN
    INSERT INTO APP.PART (
        PART_ID, NAME, MANUFACTURER, SERIAL, STATUS, STOCK_IN_ID, PRICE
    )
    VALUES (
        PART_SEQ.NEXTVAL, p_part_name, p_manufacturer, p_serial, 'Trong kho', p_stockin_id, p_price
    );
END CREATE_PART;

/

  GRANT EXECUTE ON "APP"."CREATE_PART" TO "ROLE_ADMIN";
  GRANT EXECUTE ON "APP"."CREATE_PART" TO "ROLE_THUKHO";
--------------------------------------------------------
--  DDL for Procedure CREATE_PART_REQUEST
--------------------------------------------------------
set define off;

  CREATE OR REPLACE EDITIONABLE PROCEDURE "APP"."CREATE_PART_REQUEST" (
    p_order_id     IN NUMBER,
    p_emp_id       IN NUMBER,
    p_status       IN VARCHAR2,
    p_request_date IN DATE,       -- nhận từ C#
    p_request_id   OUT NUMBER
)
AS
BEGIN
    INSERT INTO PART_REQUEST (REQUEST_ID, ORDER_ID, EMP_ID, REQUEST_DATE, STATUS)
    VALUES (PART_REQUEST_SEQ.NEXTVAL, p_order_id, p_emp_id, p_request_date, p_status)
    RETURNING REQUEST_ID INTO p_request_id;
END;

/

  GRANT EXECUTE ON "APP"."CREATE_PART_REQUEST" TO "ROLE_ADMIN";
--------------------------------------------------------
--  DDL for Procedure CREATE_PART_REQUEST_ITEM
--------------------------------------------------------
set define off;

  CREATE OR REPLACE EDITIONABLE PROCEDURE "APP"."CREATE_PART_REQUEST_ITEM" (
    p_request_id IN NUMBER,
    p_part_id    IN NUMBER
    -- Không cần tham số OUT vì không có ID tự động tăng để trả về
)
AS
    -- Khai báo biến để kiểm tra sự tồn tại (Tùy chọn, Khóa Chính sẽ tự kiểm tra)
    v_count NUMBER; 
BEGIN
    -- 1. (Tùy chọn) Kiểm tra xem linh kiện đã được yêu cầu chưa
    SELECT COUNT(*) INTO v_count 
    FROM PART_REQUEST_ITEM 
    WHERE REQUEST_ID = p_request_id AND PART_ID = p_part_id;
    
    IF v_count > 0 THEN
        -- Nếu đã tồn tại, có thể RAISE lỗi hoặc đơn giản là thoát
        RAISE_APPLICATION_ERROR(-20001, 
            'Lỗi: Linh kiện ' || p_part_id || ' đã tồn tại trong yêu cầu ' || p_request_id || '.');
    END IF;

    -- 2. Chèn dữ liệu mới
    INSERT INTO PART_REQUEST_ITEM (REQUEST_ID, PART_ID)
    VALUES (p_request_id, p_part_id);
    
    -- Thêm logic nghiệp vụ: Cập nhật trạng thái của linh kiện (PART.STATUS) thành 'REQUESTED'
    UPDATE PART
    SET STATUS = 'Đã được đăng kí'
    WHERE PART_ID = p_part_id;
    
    COMMIT;
    
EXCEPTION
    -- Xử lý lỗi nếu Khóa Ngoại (FK) bị vi phạm (Request hoặc Part không tồn tại)
    WHEN OTHERS THEN
        ROLLBACK;
        -- Lỗi ORA-00001 (Unique constraint violated) sẽ tự động được xử lý nếu bạn bỏ qua bước kiểm tra v_count
        RAISE_APPLICATION_ERROR(-20002, 'Lỗi hệ thống khi tạo yêu cầu linh kiện: ' || SQLERRM);
END;

/

  GRANT EXECUTE ON "APP"."CREATE_PART_REQUEST_ITEM" TO "ROLE_ADMIN";
--------------------------------------------------------
--  DDL for Procedure CREATE_PROFILE
--------------------------------------------------------
set define off;

  CREATE OR REPLACE EDITIONABLE PROCEDURE "APP"."CREATE_PROFILE" (
    p_profile_name IN VARCHAR2,
    p_idle_time IN VARCHAR2 DEFAULT 'UNLIMITED',
    p_connect_time IN VARCHAR2 DEFAULT 'UNLIMITED',
    p_failed_login IN VARCHAR2 DEFAULT 'UNLIMITED',
    p_lock_time IN VARCHAR2 DEFAULT 'UNLIMITED',
    p_inactive_account_time IN VARCHAR2 DEFAULT 'UNLIMITED'
)
AS
BEGIN
    EXECUTE IMMEDIATE 'CREATE PROFILE ' || UPPER(p_profile_name) || ' LIMIT
        IDLE_TIME ' || p_idle_time || '
        CONNECT_TIME ' || p_connect_time || '
        FAILED_LOGIN_ATTEMPTS ' || p_failed_login || '
        PASSWORD_LOCK_TIME ' || p_lock_time || '
        INACTIVE_ACCOUNT_TIME ' || p_inactive_account_time;
END CREATE_PROFILE;


/

  GRANT EXECUTE ON "APP"."CREATE_PROFILE" TO "ROLE_ADMIN";
--------------------------------------------------------
--  DDL for Procedure CREATE_ROLE_PROC
--------------------------------------------------------
set define off;

  CREATE OR REPLACE EDITIONABLE PROCEDURE "APP"."CREATE_ROLE_PROC" (p_role_name IN VARCHAR2)
AS
BEGIN
    EXECUTE IMMEDIATE 'CREATE ROLE "' || p_role_name || '"';
END;

/

  GRANT EXECUTE ON "APP"."CREATE_ROLE_PROC" TO "ROLE_ADMIN";
--------------------------------------------------------
--  DDL for Procedure CREATE_STOCKIN
--------------------------------------------------------
set define off;

  CREATE OR REPLACE EDITIONABLE PROCEDURE "APP"."CREATE_STOCKIN" (
    p_emp_id IN NUMBER,
    p_note IN VARCHAR2,
    p_signature IN VARCHAR2,
    p_stockin_id OUT NUMBER
)
AS
BEGIN
    INSERT INTO APP.STOCK_IN (STOCKIN_ID, EMP_ID, IN_DATE, NOTE, SIGNATURE)
    VALUES (STOCKIN_SEQ.NEXTVAL, p_emp_id, SYSDATE, p_note, p_signature)
    RETURNING STOCKIN_ID INTO p_stockin_id;
END CREATE_STOCKIN;

/

  GRANT EXECUTE ON "APP"."CREATE_STOCKIN" TO "ROLE_ADMIN";
  GRANT EXECUTE ON "APP"."CREATE_STOCKIN" TO "ROLE_THUKHO";
--------------------------------------------------------
--  DDL for Procedure CREATE_STOCKIN_ITEM
--------------------------------------------------------
set define off;

  CREATE OR REPLACE EDITIONABLE PROCEDURE "APP"."CREATE_STOCKIN_ITEM" (
    p_stockin_id IN NUMBER,
    p_part_name IN VARCHAR2,
    p_manufacturer IN VARCHAR2,
    p_serial IN VARCHAR2,
    p_price IN NUMBER,             -- thêm tham số price
    p_stockin_item_id OUT NUMBER
)
AS
BEGIN
    INSERT INTO APP.STOCK_IN_ITEM (
        STOCKIN_ITEM_ID, STOCKIN_ID, PART_NAME, MANUFACTURER, SERIAL, PRICE
    )
    VALUES (
        STOCKIN_ITEM_SEQ.NEXTVAL, p_stockin_id, p_part_name, p_manufacturer, p_serial, p_price
    )
    RETURNING STOCKIN_ITEM_ID INTO p_stockin_item_id;
END CREATE_STOCKIN_ITEM;

/

  GRANT EXECUTE ON "APP"."CREATE_STOCKIN_ITEM" TO "ROLE_ADMIN";
  GRANT EXECUTE ON "APP"."CREATE_STOCKIN_ITEM" TO "ROLE_THUKHO";
--------------------------------------------------------
--  DDL for Procedure CREATE_STOCKOUT_TRANSACTION
--------------------------------------------------------
set define off;

  CREATE OR REPLACE EDITIONABLE PROCEDURE "APP"."CREATE_STOCKOUT_TRANSACTION" (
    p_order_id     IN NUMBER,
    p_emp_id       IN NUMBER,
    p_note         IN VARCHAR2,
    p_signature    IN VARCHAR2,
    p_stockout_id  OUT NUMBER
)
AS
    l_part_count NUMBER := 0;
BEGIN
    -- 1. KIỂM TRA ĐƠN HÀNG VÀ SỐ LƯỢNG LINH KIỆN
    -- Kiểm tra Order có tồn tại không
    SELECT COUNT(*) INTO l_part_count
    FROM APP.ORDERS o
    WHERE o.ORDER_ID = p_order_id;

    IF l_part_count = 0 THEN
        RAISE_APPLICATION_ERROR(-20002, 'Lỗi: Order ID ' || p_order_id || ' không tồn tại.');
    END IF;

    -- Đếm số lượng linh kiện (PART) đã gán cho Order này
    SELECT COUNT(*) INTO l_part_count
    FROM APP.PART p
    WHERE p.ORDER_ID = p_order_id
      AND p.STATUS IN ('Đã gán'); 

    IF l_part_count = 0 THEN
        RAISE_APPLICATION_ERROR(-20003, 'Lỗi: Không có linh kiện nào sẵn sàng để xuất kho cho Order ID ' || p_order_id);
    END IF;

    -- 2. TẠO PHIẾU XUẤT KHO (STOCK_OUT)
    INSERT INTO APP.STOCK_OUT (STOCKOUT_ID, ORDER_ID, EMP_ID, OUT_DATE, NOTE, SIGNATURE)
    VALUES (STOCKOUT_SEQ.NEXTVAL, p_order_id, p_emp_id, SYSDATE, p_note, p_signature)
    RETURNING STOCKOUT_ID INTO p_stockout_id;

    -- 3. CHÈN BẢN GHI VÀO STOCK_OUT_ITEM VÀ CẬP NHẬT PART

    -- Chèn tất cả PART_ID có cùng ORDER_ID vào STOCK_OUT_ITEM
    INSERT INTO APP.STOCK_OUT_ITEM (STOCKOUT_ID, PART_ID)
    SELECT 
        p_stockout_id, 
        p.PART_ID
    FROM 
        APP.PART p
    WHERE 
        p.ORDER_ID = p_order_id
        AND p.STATUS IN ('Đã gán');

    -- Cập nhật trạng thái và Order_ID cho các linh kiện đã được xuất
    UPDATE APP.PART
    SET 
        STATUS = 'Đã xuất kho' -- Đánh dấu đã sử dụng
    WHERE 
        ORDER_ID = p_order_id
        AND STATUS IN ('Đã gán');

    -- 4. CẬP NHẬT TRẠNG THÁI ORDER (Tùy chọn: Đánh dấu Order đã được xuất kho)
     UPDATE APP.ORDERS
     SET STATUS = 'Đã hoàn thành' 
     WHERE ORDER_ID = p_order_id;

    COMMIT; -- Tự động commit sau khi thành công

EXCEPTION
    WHEN OTHERS THEN
        ROLLBACK;
        RAISE;
END CREATE_STOCKOUT_TRANSACTION;

/

  GRANT EXECUTE ON "APP"."CREATE_STOCKOUT_TRANSACTION" TO "ROLE_ADMIN";
  GRANT EXECUTE ON "APP"."CREATE_STOCKOUT_TRANSACTION" TO "ROLE_THUKHO";
--------------------------------------------------------
--  DDL for Procedure DELETE_PROFILE
--------------------------------------------------------
set define off;

  CREATE OR REPLACE EDITIONABLE PROCEDURE "APP"."DELETE_PROFILE" (
    p_profile_name IN VARCHAR2
)
AS
BEGIN
    EXECUTE IMMEDIATE 'DROP PROFILE ' || UPPER(p_profile_name) || ' CASCADE';
END DELETE_PROFILE;

/

  GRANT EXECUTE ON "APP"."DELETE_PROFILE" TO "ROLE_ADMIN";
--------------------------------------------------------
--  DDL for Procedure DELETE_ROLE_PROC
--------------------------------------------------------
set define off;

  CREATE OR REPLACE EDITIONABLE PROCEDURE "APP"."DELETE_ROLE_PROC" (p_role_name IN VARCHAR2)
AS
BEGIN
    EXECUTE IMMEDIATE 'DROP ROLE "' || p_role_name || '"';
END;

/

  GRANT EXECUTE ON "APP"."DELETE_ROLE_PROC" TO "ROLE_ADMIN";
--------------------------------------------------------
--  DDL for Procedure DENY_PART_REQUEST
--------------------------------------------------------
set define off;

  CREATE OR REPLACE EDITIONABLE PROCEDURE "APP"."DENY_PART_REQUEST" (
    p_request_id IN NUMBER
)
AS
BEGIN
    -- 1. Cập nhật trạng thái request
    UPDATE PART_REQUEST
    SET STATUS = 'Từ chối'
    WHERE REQUEST_ID = p_request_id;



    COMMIT;
END DENY_PART_REQUEST;

/

  GRANT EXECUTE ON "APP"."DENY_PART_REQUEST" TO "ROLE_ADMIN";
--------------------------------------------------------
--  DDL for Procedure DISABLE_ALL_FGA
--------------------------------------------------------
set define off;

  CREATE OR REPLACE EDITIONABLE PROCEDURE "APP"."DISABLE_ALL_FGA" AS
BEGIN
  DBMS_FGA.DISABLE_POLICY(USER, 'EMPLOYEE', 'FGA_EMPLOYEE_DML');
  DBMS_FGA.DISABLE_POLICY(USER, 'CUSTOMER', 'FGA_CUSTOMER_DML');
  DBMS_FGA.DISABLE_POLICY(USER, 'ORDERS', 'FGA_ORDERS_DML');
  DBMS_FGA.DISABLE_POLICY(USER, 'STOCK_IN', 'FGA_STOCK_IN_DML');
  DBMS_FGA.DISABLE_POLICY(USER, 'STOCK_IN_ITEM', 'FGA_STOCK_IN_ITEM_DML');
  DBMS_FGA.DISABLE_POLICY(USER, 'PART', 'FGA_PART_DML');
  DBMS_FGA.DISABLE_POLICY(USER, 'STOCK_OUT', 'FGA_STOCK_OUT_DML');
  DBMS_FGA.DISABLE_POLICY(USER, 'STOCK_OUT_ITEM', 'FGA_STOCK_OUT_ITEM_DML');
  DBMS_FGA.DISABLE_POLICY(USER, 'PART_REQUEST', 'FGA_PART_REQUEST_DML');
  DBMS_FGA.DISABLE_POLICY(USER, 'PART_REQUEST_ITEM', 'FGA_PART_REQUEST_ITEM_DML');
  DBMS_FGA.DISABLE_POLICY(USER, 'USER_OTP_LOG', 'FGA_USER_OTP_LOG_DML');
  DBMS_FGA.DISABLE_POLICY(USER, 'EMPLOYEE_SHIFT', 'FGA_EMPLOYEE_SHIFT_DML');
  DBMS_FGA.DISABLE_POLICY(USER, 'CUSTOMER_APPOINTMENT', 'FGA_CUSTOMER_APPOINTMENT_DML');
  DBMS_FGA.DISABLE_POLICY(USER, 'INVOICE', 'FGA_INVOICE_DML');
  DBMS_FGA.DISABLE_POLICY(USER, 'INVOICE_ITEM', 'FGA_INVOICE_ITEM_DML');
  DBMS_FGA.DISABLE_POLICY(USER, 'SERVICE', 'FGA_SERVICE_DML');
  DBMS_FGA.DISABLE_POLICY(USER, 'ORDER_SERVICE', 'FGA_ORDER_SERVICE_DML');
  DBMS_FGA.DISABLE_POLICY(USER, 'INVOICE_SERVICE', 'FGA_INVOICE_SERVICE_DML');
END disable_all_fga;

/

  GRANT EXECUTE ON "APP"."DISABLE_ALL_FGA" TO "ROLE_ADMIN";
--------------------------------------------------------
--  DDL for Procedure ENABLE_ALL_FGA
--------------------------------------------------------
set define off;

  CREATE OR REPLACE EDITIONABLE PROCEDURE "APP"."ENABLE_ALL_FGA" AS
BEGIN
  DBMS_FGA.ENABLE_POLICY(USER, 'EMPLOYEE', 'FGA_EMPLOYEE_DML', TRUE);
  DBMS_FGA.ENABLE_POLICY(USER, 'CUSTOMER', 'FGA_CUSTOMER_DML', TRUE);
  DBMS_FGA.ENABLE_POLICY(USER, 'ORDERS', 'FGA_ORDERS_DML', TRUE);
  DBMS_FGA.ENABLE_POLICY(USER, 'STOCK_IN', 'FGA_STOCK_IN_DML', TRUE);
  DBMS_FGA.ENABLE_POLICY(USER, 'STOCK_IN_ITEM', 'FGA_STOCK_IN_ITEM_DML', TRUE);
  DBMS_FGA.ENABLE_POLICY(USER, 'PART', 'FGA_PART_DML', TRUE);
  DBMS_FGA.ENABLE_POLICY(USER, 'STOCK_OUT', 'FGA_STOCK_OUT_DML', TRUE);
  DBMS_FGA.ENABLE_POLICY(USER, 'STOCK_OUT_ITEM', 'FGA_STOCK_OUT_ITEM_DML', TRUE);
  DBMS_FGA.ENABLE_POLICY(USER, 'PART_REQUEST', 'FGA_PART_REQUEST_DML', TRUE);
  DBMS_FGA.ENABLE_POLICY(USER, 'PART_REQUEST_ITEM', 'FGA_PART_REQUEST_ITEM_DML', TRUE);
  DBMS_FGA.ENABLE_POLICY(USER, 'USER_OTP_LOG', 'FGA_USER_OTP_LOG_DML', TRUE);
  DBMS_FGA.ENABLE_POLICY(USER, 'EMPLOYEE_SHIFT', 'FGA_EMPLOYEE_SHIFT_DML', TRUE);
  DBMS_FGA.ENABLE_POLICY(USER, 'CUSTOMER_APPOINTMENT', 'FGA_CUSTOMER_APPOINTMENT_DML', TRUE);
  DBMS_FGA.ENABLE_POLICY(USER, 'INVOICE', 'FGA_INVOICE_DML', TRUE);
  DBMS_FGA.ENABLE_POLICY(USER, 'INVOICE_ITEM', 'FGA_INVOICE_ITEM_DML', TRUE);
  DBMS_FGA.ENABLE_POLICY(USER, 'SERVICE', 'FGA_SERVICE_DML', TRUE);
  DBMS_FGA.ENABLE_POLICY(USER, 'ORDER_SERVICE', 'FGA_ORDER_SERVICE_DML', TRUE);
  DBMS_FGA.ENABLE_POLICY(USER, 'INVOICE_SERVICE', 'FGA_INVOICE_SERVICE_DML', TRUE);
END enable_all_fga;

/

  GRANT EXECUTE ON "APP"."ENABLE_ALL_FGA" TO "ROLE_ADMIN";
--------------------------------------------------------
--  DDL for Procedure GET_ALL_APPOINTMENTS
--------------------------------------------------------
set define off;

  CREATE OR REPLACE EDITIONABLE PROCEDURE "APP"."GET_ALL_APPOINTMENTS" (
    p_cursor OUT SYS_REFCURSOR
)
AS
BEGIN
    OPEN p_cursor FOR
        SELECT APPOINTMENT_ID,
               CUSTOMER_PHONE,
               APPOINTMENT_DATE,
               STATUS,
               DESCRIPTION
        FROM CUSTOMER_APPOINTMENT
        ORDER BY APPOINTMENT_DATE DESC;
END;

/

  GRANT EXECUTE ON "APP"."GET_ALL_APPOINTMENTS" TO "ROLE_KHACHHANG";
  GRANT EXECUTE ON "APP"."GET_ALL_APPOINTMENTS" TO "ROLE_ADMIN";
  GRANT EXECUTE ON "APP"."GET_ALL_APPOINTMENTS" TO "ROLE_TIEPTAN";
--------------------------------------------------------
--  DDL for Procedure GET_ALL_AUDIT_LOG
--------------------------------------------------------
set define off;

  CREATE OR REPLACE EDITIONABLE PROCEDURE "APP"."GET_ALL_AUDIT_LOG" (
    p_cursor OUT SYS_REFCURSOR
) AS
BEGIN
    OPEN p_cursor FOR
    SELECT 
        LOG_ID,
        EVENT_TS,
        DB_USER,
        OS_USER,
        MACHINE,
        MODULE,
        APP_ROLE,
        EMP_ID,
        CUSTOMER_PHONE,
        OBJECT_NAME,
        NOTE,
        DML_TYPE,          -- INSERT / UPDATE / DELETE
        CHANGED_COLUMNS,   -- Các cột bị thay đổi
        OLD_VALUES,        -- JSON giá trị cũ
        NEW_VALUES         -- JSON giá trị mới
    FROM AUDIT_ALERT_LOG
    ORDER BY EVENT_TS DESC;
END GET_ALL_AUDIT_LOG;

/

  GRANT EXECUTE ON "APP"."GET_ALL_AUDIT_LOG" TO "ADMIN";
--------------------------------------------------------
--  DDL for Procedure GET_ALL_AUDIT_PROJECT
--------------------------------------------------------
set define off;

  CREATE OR REPLACE EDITIONABLE PROCEDURE "APP"."GET_ALL_AUDIT_PROJECT" (
    p_cursor OUT SYS_REFCURSOR
) AS
BEGIN
    OPEN p_cursor FOR
    SELECT timestamp AS event_ts,
           username AS db_user,
           owner AS object_schema,
           obj_name AS object_name,
           action_name AS action,
           sql_text AS note
    FROM DBA_AUDIT_TRAIL
    WHERE obj_name IN (
        'EMPLOYEE','CUSTOMER','ORDERS','STOCK_IN','STOCK_IN_ITEM',
        'PART','STOCK_OUT','STOCK_OUT_ITEM','PART_REQUEST','PART_REQUEST_ITEM',
        'USER_OTP_LOG','EMPLOYEE_SHIFT','CUSTOMER_APPOINTMENT','INVOICE',
        'INVOICE_ITEM','SERVICE','ORDER_SERVICE','INVOICE_SERVICE'
    )
    ORDER BY timestamp DESC;
END get_all_audit_project;

/

  GRANT EXECUTE ON "APP"."GET_ALL_AUDIT_PROJECT" TO "ADMIN";
--------------------------------------------------------
--  DDL for Procedure GET_ALL_CUSTOMERS
--------------------------------------------------------
set define off;

  CREATE OR REPLACE EDITIONABLE PROCEDURE "APP"."GET_ALL_CUSTOMERS" (
    p_cursor OUT SYS_REFCURSOR
)
AS
BEGIN
    OPEN p_cursor FOR
        SELECT c.PHONE,
               c.FULL_NAME,
               c.EMAIL,
               -- Lấy trạng thái từ DBA_USERS
               (SELECT ACCOUNT_STATUS 
                FROM DBA_USERS d 
                WHERE d.USERNAME = UPPER(c.PHONE)) AS STATUS,
               -- Lấy role gộp thành 1 chuỗi
               (SELECT LISTAGG(GRANTED_ROLE, ', ') WITHIN GROUP (ORDER BY GRANTED_ROLE)
                FROM DBA_ROLE_PRIVS r
                WHERE r.GRANTEE = UPPER(c.PHONE)) AS ROLES
        FROM APP.CUSTOMER c;
END;

/

  GRANT EXECUTE ON "APP"."GET_ALL_CUSTOMERS" TO "ROLE_ADMIN";
  GRANT EXECUTE ON "APP"."GET_ALL_CUSTOMERS" TO "ROLE_TIEPTAN";
  GRANT EXECUTE ON "APP"."GET_ALL_CUSTOMERS" TO "ROLE_THUKHO";
  GRANT EXECUTE ON "APP"."GET_ALL_CUSTOMERS" TO "ROLE_KITHUATVIEN";
  GRANT EXECUTE ON "APP"."GET_ALL_CUSTOMERS" TO "ROLE_KHACHHANG";
--------------------------------------------------------
--  DDL for Procedure GET_ALL_EMPLOYEES
--------------------------------------------------------
set define off;

  CREATE OR REPLACE EDITIONABLE PROCEDURE "APP"."GET_ALL_EMPLOYEES" (
    p_cursor OUT SYS_REFCURSOR
)
AS
BEGIN
    OPEN p_cursor FOR
        SELECT e.EMP_ID,
               e.FULL_NAME,
               e.USERNAME,
               e.EMAIL,
               e.PHONE,
               -- Lấy trạng thái từ DBA_USERS
               (SELECT ACCOUNT_STATUS 
                FROM DBA_USERS d 
                WHERE d.USERNAME = UPPER(e.USERNAME)) AS STATUS,
               -- Lấy role gộp thành 1 chuỗi
               (SELECT LISTAGG(GRANTED_ROLE, ', ') WITHIN GROUP (ORDER BY GRANTED_ROLE)
                FROM DBA_ROLE_PRIVS r
                WHERE r.GRANTEE = UPPER(e.USERNAME)) AS ROLES
        FROM APP.EMPLOYEE e;
END;

/

  GRANT EXECUTE ON "APP"."GET_ALL_EMPLOYEES" TO "ROLE_ADMIN";
  GRANT EXECUTE ON "APP"."GET_ALL_EMPLOYEES" TO "ROLE_TIEPTAN";
--------------------------------------------------------
--  DDL for Procedure GET_ALL_EXPORTS
--------------------------------------------------------
set define off;

  CREATE OR REPLACE EDITIONABLE PROCEDURE "APP"."GET_ALL_EXPORTS" (
    cur_out OUT SYS_REFCURSOR
)
AS
BEGIN
    OPEN cur_out FOR
    SELECT si.STOCKOUT_ID,
           e.USERNAME AS EmpUsername,
           si.OUT_DATE,
           si.NOTE
    FROM APP.STOCK_OUT si
    JOIN APP.EMPLOYEE e ON si.EMP_ID = e.EMP_ID
    ORDER BY si.STOCKOUT_ID;
END GET_ALL_EXPORTS;

/

  GRANT EXECUTE ON "APP"."GET_ALL_EXPORTS" TO "ROLE_THUKHO";
  GRANT EXECUTE ON "APP"."GET_ALL_EXPORTS" TO "ROLE_ADMIN";
--------------------------------------------------------
--  DDL for Procedure GET_ALL_IMPORTS
--------------------------------------------------------
set define off;

  CREATE OR REPLACE EDITIONABLE PROCEDURE "APP"."GET_ALL_IMPORTS" (
    cur_out OUT SYS_REFCURSOR
)
AS
BEGIN
    OPEN cur_out FOR
    SELECT si.STOCKIN_ID,
           e.USERNAME AS EmpUsername,
           si.IN_DATE,
           si.NOTE
    FROM APP.STOCK_IN si
    JOIN APP.EMPLOYEE e ON si.EMP_ID = e.EMP_ID
    ORDER BY si.STOCKIN_ID;
END GET_ALL_IMPORTS;

/

  GRANT EXECUTE ON "APP"."GET_ALL_IMPORTS" TO "ROLE_ADMIN";
  GRANT EXECUTE ON "APP"."GET_ALL_IMPORTS" TO "ROLE_THUKHO";
--------------------------------------------------------
--  DDL for Procedure GET_ALL_INVOICES
--------------------------------------------------------
set define off;

  CREATE OR REPLACE EDITIONABLE PROCEDURE "APP"."GET_ALL_INVOICES" (
    cur_out OUT SYS_REFCURSOR
)
AS
BEGIN
    OPEN cur_out FOR
    SELECT i.INVOICE_ID,
           i.STOCKOUT_ID,
           i.CUSTOMER_PHONE,
           e.USERNAME AS EmpUsername,
           i.INVOICE_DATE,
           i.TOTAL_AMOUNT,
           i.STATUS
    FROM APP.INVOICE i
    LEFT JOIN APP.EMPLOYEE e ON i.EMP_ID = e.EMP_ID
    ORDER BY i.INVOICE_DATE DESC;
END GET_ALL_INVOICES;


/

  GRANT EXECUTE ON "APP"."GET_ALL_INVOICES" TO "ROLE_ADMIN";
  GRANT EXECUTE ON "APP"."GET_ALL_INVOICES" TO "ROLE_TIEPTAN";
  GRANT EXECUTE ON "APP"."GET_ALL_INVOICES" TO "ROLE_THUKHO";
--------------------------------------------------------
--  DDL for Procedure GET_ALL_ORDERS
--------------------------------------------------------
set define off;

  CREATE OR REPLACE EDITIONABLE PROCEDURE "APP"."GET_ALL_ORDERS" (
    cur_out OUT SYS_REFCURSOR
)
AS
BEGIN
    OPEN cur_out FOR
    SELECT 
        o.ORDER_ID,
        o.CUSTOMER_PHONE,
        recv.USERNAME AS ReceiverEmpName,
        hand.USERNAME AS HandlerEmpName,
        o.ORDER_TYPE,
        o.RECEIVED_DATE,
        o.STATUS,
        o.DESCRIPTION
    FROM ORDERS o
    LEFT JOIN EMPLOYEE recv ON o.RECEIVER_EMP = recv.EMP_ID
    LEFT JOIN EMPLOYEE hand ON o.HANDLER_EMP = hand.EMP_ID
    ORDER BY o.RECEIVED_DATE DESC;
END GET_ALL_ORDERS;

/

  GRANT EXECUTE ON "APP"."GET_ALL_ORDERS" TO "ROLE_KHACHHANG";
  GRANT EXECUTE ON "APP"."GET_ALL_ORDERS" TO "ROLE_ADMIN";
  GRANT EXECUTE ON "APP"."GET_ALL_ORDERS" TO "ROLE_TIEPTAN";
--------------------------------------------------------
--  DDL for Procedure GET_ALL_PART
--------------------------------------------------------
set define off;

  CREATE OR REPLACE EDITIONABLE PROCEDURE "APP"."GET_ALL_PART" (
    p_cursor OUT SYS_REFCURSOR
)
IS
BEGIN
    OPEN p_cursor FOR
        SELECT
            PART_ID,
            NAME,
            MANUFACTURER,
            SERIAL,
            STATUS,
            STOCK_IN_ID,
            ORDER_ID,
            PRICE
        FROM
            PART;
END get_all_part;

/

  GRANT EXECUTE ON "APP"."GET_ALL_PART" TO "ROLE_ADMIN";
--------------------------------------------------------
--  DDL for Procedure GET_ALL_PART_IN_STOCK
--------------------------------------------------------
set define off;

  CREATE OR REPLACE EDITIONABLE PROCEDURE "APP"."GET_ALL_PART_IN_STOCK" (
    p_cursor OUT SYS_REFCURSOR
)
IS
BEGIN
    OPEN p_cursor FOR
        SELECT
            PART_ID,
            NAME,
            MANUFACTURER,
            SERIAL,
            STATUS,
            STOCK_IN_ID,
            ORDER_ID,
            PRICE
        FROM
            PART
        WHERE
            STATUS = 'Trong kho';
END GET_ALL_PART_IN_STOCK;

/

  GRANT EXECUTE ON "APP"."GET_ALL_PART_IN_STOCK" TO "ROLE_ADMIN";
--------------------------------------------------------
--  DDL for Procedure GET_ALL_PART_REQUESTS
--------------------------------------------------------
set define off;

  CREATE OR REPLACE EDITIONABLE PROCEDURE "APP"."GET_ALL_PART_REQUESTS" (
    cur_out OUT SYS_REFCURSOR
)
AS
BEGIN
    OPEN cur_out FOR
    SELECT 
        pr.REQUEST_ID,
        pr.ORDER_ID,
        pr.EMP_ID,
        e.USERNAME AS EmpUsername,
        pr.REQUEST_DATE,
        pr.STATUS
    FROM PART_REQUEST pr
    LEFT JOIN EMPLOYEE e ON pr.EMP_ID = e.EMP_ID
    ORDER BY pr.REQUEST_DATE DESC;
END GET_ALL_PART_REQUESTS;

/

  GRANT EXECUTE ON "APP"."GET_ALL_PART_REQUESTS" TO "ROLE_ADMIN";
--------------------------------------------------------
--  DDL for Procedure GET_ALL_PROFILES_WITH_LIMITS
--------------------------------------------------------
set define off;

  CREATE OR REPLACE EDITIONABLE PROCEDURE "APP"."GET_ALL_PROFILES_WITH_LIMITS" (
    cur_out OUT SYS_REFCURSOR
)
AS
BEGIN
    OPEN cur_out FOR
        SELECT PROFILE,
               RESOURCE_NAME,
               LIMIT
        FROM DBA_PROFILES
        WHERE RESOURCE_NAME IN ('IDLE_TIME','CONNECT_TIME','FAILED_LOGIN_ATTEMPTS','PASSWORD_LOCK_TIME','INACTIVE_ACCOUNT_TIME')
        ORDER BY PROFILE, RESOURCE_NAME;
END GET_ALL_PROFILES_WITH_LIMITS;


/

  GRANT EXECUTE ON "APP"."GET_ALL_PROFILES_WITH_LIMITS" TO "ROLE_ADMIN";
--------------------------------------------------------
--  DDL for Procedure GET_ALL_ROLES
--------------------------------------------------------
set define off;

  CREATE OR REPLACE EDITIONABLE PROCEDURE "APP"."GET_ALL_ROLES" (p_cursor OUT SYS_REFCURSOR)
AS
BEGIN
    OPEN p_cursor FOR
        SELECT ROLE FROM DBA_ROLES;
END;

/

  GRANT EXECUTE ON "APP"."GET_ALL_ROLES" TO "ROLE_ADMIN";
--------------------------------------------------------
--  DDL for Procedure GET_ALL_SERVICES
--------------------------------------------------------
set define off;

  CREATE OR REPLACE EDITIONABLE PROCEDURE "APP"."GET_ALL_SERVICES" (
    p_service_cursor OUT SYS_REFCURSOR -- Khai báo tham số OUT là REF CURSOR
)
AS
BEGIN
    -- Mở con trỏ và thực hiện câu lệnh SELECT
    OPEN p_service_cursor FOR
        SELECT 
            service_id,
            name, 
            description, 
            price
        FROM 
            SERVICE
        ORDER BY 
            service_id;
END GET_ALL_SERVICES;

/

  GRANT EXECUTE ON "APP"."GET_ALL_SERVICES" TO "ROLE_ADMIN";
  GRANT EXECUTE ON "APP"."GET_ALL_SERVICES" TO "ROLE_TIEPTAN";
--------------------------------------------------------
--  DDL for Procedure GET_ALL_USERS
--------------------------------------------------------
set define off;

  CREATE OR REPLACE EDITIONABLE PROCEDURE "APP"."GET_ALL_USERS" (p_cursor OUT SYS_REFCURSOR)
AS
BEGIN
    OPEN p_cursor FOR
        SELECT USERNAME FROM DBA_USERS;
END;

/

  GRANT EXECUTE ON "APP"."GET_ALL_USERS" TO "ROLE_ADMIN";
--------------------------------------------------------
--  DDL for Procedure GET_ALL_USERS_WITH_PROFILE
--------------------------------------------------------
set define off;

  CREATE OR REPLACE EDITIONABLE PROCEDURE "APP"."GET_ALL_USERS_WITH_PROFILE" (
    cur_out OUT SYS_REFCURSOR
)
AS
BEGIN
    OPEN cur_out FOR
        SELECT USERNAME, PROFILE
        FROM DBA_USERS
        ORDER BY PROFILE, USERNAME;
END GET_ALL_USERS_WITH_PROFILE;

/

  GRANT EXECUTE ON "APP"."GET_ALL_USERS_WITH_PROFILE" TO "ROLE_ADMIN";
--------------------------------------------------------
--  DDL for Procedure GET_AUDIT_STATUS
--------------------------------------------------------
set define off;

  CREATE OR REPLACE EDITIONABLE PROCEDURE "APP"."GET_AUDIT_STATUS" (
    p_trigger_enabled  OUT NUMBER,
    p_standard_enabled OUT NUMBER,
    p_fga_enabled      OUT NUMBER
  ) AS
    v_trigger_total    NUMBER := 0;
    v_trigger_enabled  NUMBER := 0;
    v_standard_tables  NUMBER := 0;
    v_fga_policies     NUMBER := 0;
    v_expected_objects CONSTANT NUMBER := 18;
  BEGIN
    -- Trigger audit status
    SELECT COUNT(*) INTO v_trigger_total
      FROM USER_TRIGGERS
     WHERE TRIGGER_NAME LIKE 'TRG_AUDIT_%';

    SELECT COUNT(*) INTO v_trigger_enabled
      FROM USER_TRIGGERS
     WHERE TRIGGER_NAME LIKE 'TRG_AUDIT_%'
       AND STATUS = 'ENABLED';

    IF v_trigger_total > 0 AND v_trigger_total = v_trigger_enabled THEN
      p_trigger_enabled := 1;
    ELSE
      p_trigger_enabled := 0;
    END IF;

    -- Standard audit status (AUDIT INSERT/UPDATE/DELETE)
    SELECT COUNT(DISTINCT object_name) INTO v_standard_tables
      FROM DBA_OBJ_AUDIT_OPTS
     WHERE owner = USER
       AND object_name IN (
            'EMPLOYEE','CUSTOMER','ORDERS','STOCK_IN','STOCK_IN_ITEM',
            'PART','STOCK_OUT','STOCK_OUT_ITEM','PART_REQUEST','PART_REQUEST_ITEM',
            'USER_OTP_LOG','EMPLOYEE_SHIFT','CUSTOMER_APPOINTMENT','INVOICE',
            'INVOICE_ITEM','SERVICE','ORDER_SERVICE','INVOICE_SERVICE'
       );

    IF v_standard_tables = v_expected_objects THEN
      p_standard_enabled := 1;
    ELSE
      p_standard_enabled := 0;
    END IF;

    -- FGA audit policies
    SELECT COUNT(*) INTO v_fga_policies
      FROM DBA_AUDIT_POLICIES
     WHERE policy_owner = USER
       AND object_name IN (
            'EMPLOYEE','CUSTOMER','ORDERS','STOCK_IN','STOCK_IN_ITEM',
            'PART','STOCK_OUT','STOCK_OUT_ITEM','PART_REQUEST','PART_REQUEST_ITEM',
            'USER_OTP_LOG','EMPLOYEE_SHIFT','CUSTOMER_APPOINTMENT','INVOICE',
            'INVOICE_ITEM','SERVICE','ORDER_SERVICE','INVOICE_SERVICE'
       )
       AND enabled = 'YES';

    IF v_fga_policies = v_expected_objects THEN
      p_fga_enabled := 1;
    ELSE
      p_fga_enabled := 0;
    END IF;
  END get_audit_status;


/

  GRANT EXECUTE ON "APP"."GET_AUDIT_STATUS" TO "ADMIN";
--------------------------------------------------------
--  DDL for Procedure GET_BY_ORDER_TYPE
--------------------------------------------------------
set define off;

  CREATE OR REPLACE EDITIONABLE PROCEDURE "APP"."GET_BY_ORDER_TYPE" (
    p_order_type IN VARCHAR2,
    cur_out OUT SYS_REFCURSOR
)
AS
BEGIN
    OPEN cur_out FOR
    SELECT 
        o.ORDER_ID,
        o.CUSTOMER_PHONE,
        recv.USERNAME AS ReceiverEmpName,
        hand.USERNAME AS HandlerEmpName,
        o.ORDER_TYPE,
        o.RECEIVED_DATE,
        o.STATUS,
        o.DESCRIPTION
    FROM ORDERS o
    LEFT JOIN EMPLOYEE recv ON o.RECEIVER_EMP = recv.EMP_ID
    LEFT JOIN EMPLOYEE hand ON o.HANDLER_EMP = hand.EMP_ID
    WHERE o.ORDER_TYPE = p_order_type
    ORDER BY o.RECEIVED_DATE DESC;
END GET_BY_ORDER_TYPE;

/

  GRANT EXECUTE ON "APP"."GET_BY_ORDER_TYPE" TO "ROLE_ADMIN";
  GRANT EXECUTE ON "APP"."GET_BY_ORDER_TYPE" TO "ROLE_TIEPTAN";
--------------------------------------------------------
--  DDL for Procedure GET_EMPLOYEE_BY_ID
--------------------------------------------------------
set define off;

  CREATE OR REPLACE EDITIONABLE PROCEDURE "APP"."GET_EMPLOYEE_BY_ID" (
    p_empid  IN  NUMBER,
    p_cursor OUT SYS_REFCURSOR
)
AS
BEGIN
    OPEN p_cursor FOR
        SELECT e.EMP_ID,
               e.FULL_NAME,
               e.USERNAME,
               e.EMAIL,
               e.PHONE,
               -- Lấy trạng thái từ DBA_USERS
               (SELECT d.ACCOUNT_STATUS
                FROM DBA_USERS d
                WHERE d.USERNAME = UPPER(e.USERNAME)) AS STATUS
        FROM APP.EMPLOYEE e
        WHERE e.EMP_ID = p_empid;
END;

/
--------------------------------------------------------
--  DDL for Procedure GET_EMPLOYEE_ID_BY_USERNAME
--------------------------------------------------------
set define off;

  CREATE OR REPLACE EDITIONABLE PROCEDURE "APP"."GET_EMPLOYEE_ID_BY_USERNAME" (
    p_username IN  VARCHAR2,
    p_emp_id  OUT NUMBER
)
AS
BEGIN
    SELECT EMP_ID
      INTO p_emp_id
      FROM APP.EMPLOYEE
     WHERE USERNAME = p_username;
EXCEPTION
    WHEN NO_DATA_FOUND THEN
        RAISE_APPLICATION_ERROR(-20001, 'Username không tồn tại: ' || p_username);
    WHEN TOO_MANY_ROWS THEN
        RAISE_APPLICATION_ERROR(-20002, 'Có nhiều hơn một user trùng username: ' || p_username);
END GET_EMPLOYEE_ID_BY_USERNAME;

/

  GRANT EXECUTE ON "APP"."GET_EMPLOYEE_ID_BY_USERNAME" TO "ROLE_KITHUATVIEN";
  GRANT EXECUTE ON "APP"."GET_EMPLOYEE_ID_BY_USERNAME" TO "ROLE_TIEPTAN";
  GRANT EXECUTE ON "APP"."GET_EMPLOYEE_ID_BY_USERNAME" TO "ROLE_THUKHO";
  GRANT EXECUTE ON "APP"."GET_EMPLOYEE_ID_BY_USERNAME" TO "ROLE_ADMIN";
--------------------------------------------------------
--  DDL for Procedure GET_EMPLOYEE_NAME_BY_ID
--------------------------------------------------------
set define off;

  CREATE OR REPLACE EDITIONABLE PROCEDURE "APP"."GET_EMPLOYEE_NAME_BY_ID" (
    p_empid IN NUMBER,
    p_emp_name OUT VARCHAR2
)
AS
BEGIN
    SELECT USERNAME
      INTO p_emp_name
      FROM APP.EMPLOYEE
     WHERE EMP_ID = p_empid;
EXCEPTION
    WHEN NO_DATA_FOUND THEN
        p_emp_name := 'Unknown';
    WHEN TOO_MANY_ROWS THEN
        p_emp_name := 'Multiple Employees';
END GET_EMPLOYEE_NAME_BY_ID;

/
--------------------------------------------------------
--  DDL for Procedure GET_EMPLOYEE_PUBLIC_KEY
--------------------------------------------------------
set define off;

  CREATE OR REPLACE EDITIONABLE PROCEDURE "APP"."GET_EMPLOYEE_PUBLIC_KEY" (
    p_emp_id    IN  NUMBER,
    p_pub_key   OUT CLOB
) AS
BEGIN
    SELECT PUBLIC_KEY
    INTO p_pub_key
    FROM APP.EMPLOYEE
    WHERE EMP_ID = p_emp_id;

EXCEPTION
    WHEN NO_DATA_FOUND THEN
        p_pub_key := NULL;
END GET_EMPLOYEE_PUBLIC_KEY;

/

  GRANT EXECUTE ON "APP"."GET_EMPLOYEE_PUBLIC_KEY" TO "ROLE_ADMIN";
  GRANT EXECUTE ON "APP"."GET_EMPLOYEE_PUBLIC_KEY" TO "ROLE_THUKHO";
--------------------------------------------------------
--  DDL for Procedure GET_EMP_ID_FROM_INVOICE
--------------------------------------------------------
set define off;

  CREATE OR REPLACE EDITIONABLE PROCEDURE "APP"."GET_EMP_ID_FROM_INVOICE" (
    p_invoice_id  IN  NUMBER,
    p_emp_id      OUT NUMBER
) AS
BEGIN
    SELECT EMP_ID
    INTO p_emp_id
    FROM APP.INVOICE
    WHERE INVOICE_ID = p_invoice_id;

EXCEPTION
    WHEN NO_DATA_FOUND THEN
        p_emp_id := NULL;
END GET_EMP_ID_FROM_INVOICE;


/

  GRANT EXECUTE ON "APP"."GET_EMP_ID_FROM_INVOICE" TO "ROLE_ADMIN";
  GRANT EXECUTE ON "APP"."GET_EMP_ID_FROM_INVOICE" TO "ROLE_TIEPTAN";
  GRANT EXECUTE ON "APP"."GET_EMP_ID_FROM_INVOICE" TO "ROLE_THUKHO";
--------------------------------------------------------
--  DDL for Procedure GET_EMP_ID_FROM_STOCKIN
--------------------------------------------------------
set define off;

  CREATE OR REPLACE EDITIONABLE PROCEDURE "APP"."GET_EMP_ID_FROM_STOCKIN" (
    p_stockin_id  IN  NUMBER,
    p_emp_id      OUT NUMBER
) AS
BEGIN
    SELECT EMP_ID
    INTO p_emp_id
    FROM APP.STOCK_IN
    WHERE STOCKIN_ID = p_stockin_id;

EXCEPTION
    WHEN NO_DATA_FOUND THEN
        p_emp_id := NULL;
END GET_EMP_ID_FROM_STOCKIN;

/

  GRANT EXECUTE ON "APP"."GET_EMP_ID_FROM_STOCKIN" TO "ROLE_ADMIN";
  GRANT EXECUTE ON "APP"."GET_EMP_ID_FROM_STOCKIN" TO "ROLE_THUKHO";
--------------------------------------------------------
--  DDL for Procedure GET_EMP_ID_FROM_STOCKOUT
--------------------------------------------------------
set define off;

  CREATE OR REPLACE EDITIONABLE PROCEDURE "APP"."GET_EMP_ID_FROM_STOCKOUT" (
    p_stockout_id IN NUMBER,
    p_emp_id      OUT NUMBER
)
AS
BEGIN
    SELECT EMP_ID
    INTO p_emp_id
    FROM APP.STOCK_OUT
    WHERE STOCKOUT_ID = p_stockout_id;

EXCEPTION
    WHEN NO_DATA_FOUND THEN
        p_emp_id := NULL; -- Trả về NULL nếu không tìm thấy ID
END GET_EMP_ID_FROM_STOCKOUT;

/

  GRANT EXECUTE ON "APP"."GET_EMP_ID_FROM_STOCKOUT" TO "ROLE_ADMIN";
  GRANT EXECUTE ON "APP"."GET_EMP_ID_FROM_STOCKOUT" TO "ROLE_THUKHO";
--------------------------------------------------------
--  DDL for Procedure GET_EXPORT_BY_ID
--------------------------------------------------------
set define off;

  CREATE OR REPLACE EDITIONABLE PROCEDURE "APP"."GET_EXPORT_BY_ID" (
    p_stockout_id IN NUMBER,
    cur_out OUT SYS_REFCURSOR
)
AS
BEGIN
    OPEN cur_out FOR
        SELECT  
            -- Thông tin Header (Phiếu xuất kho)
            so.STOCKOUT_ID      AS "StockOutId",
            e.FULL_NAME         AS "EmpUsername", -- Đổi từ Username sang Name
            so.OUT_DATE         AS "OutDate",
            so.NOTE             AS "Note",
            p.NAME              AS "PartName", 
            p.MANUFACTURER      AS "Manufacturer",
            p.SERIAL            AS "Serial",
            NVL(p.PRICE, 0)     AS "Price" -- Lấy giá từ bảng PART
        FROM 
            APP.STOCK_OUT so
        JOIN 
            APP.EMPLOYEE e 
            ON so.EMP_ID = e.EMP_ID
        JOIN 
            APP.STOCK_OUT_ITEM soi -- Bảng liên kết
            ON so.STOCKOUT_ID = soi.STOCKOUT_ID
        JOIN 
            APP.PART p             -- Bảng chi tiết linh kiện
            ON soi.PART_ID = p.PART_ID
        WHERE 
            so.STOCKOUT_ID = p_stockout_id;
END GET_EXPORT_BY_ID;

/

  GRANT EXECUTE ON "APP"."GET_EXPORT_BY_ID" TO "ROLE_ADMIN";
  GRANT EXECUTE ON "APP"."GET_EXPORT_BY_ID" TO "ROLE_THUKHO";
--------------------------------------------------------
--  DDL for Procedure GET_IMPORT_BY_ID
--------------------------------------------------------
set define off;

  CREATE OR REPLACE EDITIONABLE PROCEDURE "APP"."GET_IMPORT_BY_ID" (
    p_stockin_id IN NUMBER,
    cur_out OUT SYS_REFCURSOR
)
AS
BEGIN
    OPEN cur_out FOR
    SELECT 
        si.STOCKIN_ID       AS "StockInId",
        e.FULL_NAME         AS "EmpUsername",
        si.IN_DATE          AS "InDate",
        si.NOTE             AS "Note",
        sii.PART_NAME       AS "PartName",
        sii.MANUFACTURER    AS "Manufacturer",
        sii.SERIAL          AS "Serial",
        NVL(sii.PRICE, 0)  AS "Price"
    FROM APP.STOCK_IN si
    LEFT JOIN APP.STOCK_IN_ITEM sii 
        ON si.STOCKIN_ID = sii.STOCKIN_ID
    LEFT JOIN APP.EMPLOYEE e
        ON si.EMP_ID = e.EMP_ID
    WHERE si.STOCKIN_ID = p_stockin_id;
END GET_IMPORT_BY_ID;

/

  GRANT EXECUTE ON "APP"."GET_IMPORT_BY_ID" TO "ROLE_ADMIN";
  GRANT EXECUTE ON "APP"."GET_IMPORT_BY_ID" TO "ROLE_THUKHO";
--------------------------------------------------------
--  DDL for Procedure GET_INVOICE_BY_ID
--------------------------------------------------------
set define off;

  CREATE OR REPLACE EDITIONABLE PROCEDURE "APP"."GET_INVOICE_BY_ID" (
    p_invoice_id IN NUMBER,
    cur_out OUT SYS_REFCURSOR
)
AS
BEGIN
    OPEN cur_out FOR
    SELECT 
        -- Thông tin Invoice header
        i.INVOICE_ID       AS "InvoiceId",
        i.STOCKOUT_ID      AS "StockOutId",
        i.CUSTOMER_PHONE   AS "CustomerPhone",
        e.FULL_NAME        AS "EmpUsername",
        i.INVOICE_DATE     AS "InvoiceDate",
        i.TOTAL_AMOUNT     AS "TotalAmount",
        i.STATUS           AS "Status",
        -- Thông tin Items (Parts)
        ii.PART_ID         AS "PartId",
        p.NAME             AS "PartName",
        p.MANUFACTURER     AS "Manufacturer",
        p.SERIAL           AS "Serial",
        ii.PRICE           AS "ItemPrice",
        NULL               AS "ServiceId",
        NULL               AS "ServiceName",
        NULL               AS "Quantity",
        NULL               AS "ServicePrice",
        'ITEM'             AS "ItemType"
    FROM APP.INVOICE i
    LEFT JOIN APP.EMPLOYEE e ON i.EMP_ID = e.EMP_ID
    LEFT JOIN APP.INVOICE_ITEM ii ON i.INVOICE_ID = ii.INVOICE_ID
    LEFT JOIN APP.PART p ON ii.PART_ID = p.PART_ID
    WHERE i.INVOICE_ID = p_invoice_id

    UNION ALL

    SELECT 
        -- Thông tin Invoice header (lặp lại cho services)
        i.INVOICE_ID       AS "InvoiceId",
        i.STOCKOUT_ID      AS "StockOutId",
        i.CUSTOMER_PHONE   AS "CustomerPhone",
        e.FULL_NAME        AS "EmpUsername",
        i.INVOICE_DATE     AS "InvoiceDate",
        i.TOTAL_AMOUNT     AS "TotalAmount",
        i.STATUS           AS "Status",
        -- Thông tin Services
        NULL               AS "PartId",
        NULL               AS "PartName",
        NULL               AS "Manufacturer",
        NULL               AS "Serial",
        NULL               AS "ItemPrice",
        isv.SERVICE_ID     AS "ServiceId",
        s.NAME             AS "ServiceName",
        isv.QUANTITY       AS "Quantity",
        isv.PRICE          AS "ServicePrice",
        'SERVICE'          AS "ItemType"
    FROM APP.INVOICE i
    LEFT JOIN APP.EMPLOYEE e ON i.EMP_ID = e.EMP_ID
    LEFT JOIN APP.INVOICE_SERVICE isv ON i.INVOICE_ID = isv.INVOICE_ID
    LEFT JOIN APP.SERVICE s ON isv.SERVICE_ID = s.SERVICE_ID
    WHERE i.INVOICE_ID = p_invoice_id
    ORDER BY "ItemType", "PartId", "ServiceId";
END GET_INVOICE_BY_ID;


/

  GRANT EXECUTE ON "APP"."GET_INVOICE_BY_ID" TO "ROLE_ADMIN";
  GRANT EXECUTE ON "APP"."GET_INVOICE_BY_ID" TO "ROLE_THUKHO";
  GRANT EXECUTE ON "APP"."GET_INVOICE_BY_ID" TO "ROLE_TIEPTAN";
--------------------------------------------------------
--  DDL for Procedure GET_INVOICE_PDF
--------------------------------------------------------
set define off;

  CREATE OR REPLACE EDITIONABLE PROCEDURE "APP"."GET_INVOICE_PDF" (
    p_invoice_id IN NUMBER,
    p_pdf OUT BLOB
)
AS
BEGIN
    SELECT PDF
    INTO p_pdf
    FROM APP.INVOICE
    WHERE INVOICE_ID = p_invoice_id;
EXCEPTION
    WHEN NO_DATA_FOUND THEN
        p_pdf := NULL;
    WHEN OTHERS THEN
        RAISE;
END GET_INVOICE_PDF;


/

  GRANT EXECUTE ON "APP"."GET_INVOICE_PDF" TO "ROLE_ADMIN";
  GRANT EXECUTE ON "APP"."GET_INVOICE_PDF" TO "ROLE_THUKHO";
  GRANT EXECUTE ON "APP"."GET_INVOICE_PDF" TO "ROLE_TIEPTAN";
--------------------------------------------------------
--  DDL for Procedure GET_INVOICE_SIGNATURE
--------------------------------------------------------
set define off;

  CREATE OR REPLACE EDITIONABLE PROCEDURE "APP"."GET_INVOICE_SIGNATURE" (
    p_invoice_id   IN  NUMBER,
    p_signature    OUT CLOB
) AS
BEGIN
    SELECT SIGNATURE
    INTO p_signature
    FROM APP.INVOICE
    WHERE INVOICE_ID = p_invoice_id;

EXCEPTION
    WHEN NO_DATA_FOUND THEN
        p_signature := NULL;
END GET_INVOICE_SIGNATURE;


/

  GRANT EXECUTE ON "APP"."GET_INVOICE_SIGNATURE" TO "ROLE_ADMIN";
  GRANT EXECUTE ON "APP"."GET_INVOICE_SIGNATURE" TO "ROLE_THUKHO";
  GRANT EXECUTE ON "APP"."GET_INVOICE_SIGNATURE" TO "ROLE_TIEPTAN";
--------------------------------------------------------
--  DDL for Procedure GET_ORDER_BY_ID
--------------------------------------------------------
set define off;

  CREATE OR REPLACE EDITIONABLE PROCEDURE "APP"."GET_ORDER_BY_ID" (
    p_order_id IN ORDERS.ORDER_ID%TYPE,
    cur_out OUT SYS_REFCURSOR
)
AS
BEGIN
    OPEN cur_out FOR
    SELECT 
        o.ORDER_ID,
        o.CUSTOMER_PHONE,
        recv.USERNAME AS ReceiverEmpName,
        hand.USERNAME AS HandlerEmpName,
        o.ORDER_TYPE,
        o.RECEIVED_DATE,
        o.STATUS,
        o.DESCRIPTION
    FROM ORDERS o
    LEFT JOIN EMPLOYEE recv ON o.RECEIVER_EMP = recv.EMP_ID
    LEFT JOIN EMPLOYEE hand ON o.HANDLER_EMP = hand.EMP_ID
    WHERE o.ORDER_ID = p_order_id;
END GET_ORDER_BY_ID;

/

  GRANT EXECUTE ON "APP"."GET_ORDER_BY_ID" TO "ROLE_ADMIN";
  GRANT EXECUTE ON "APP"."GET_ORDER_BY_ID" TO "ROLE_TIEPTAN";
--------------------------------------------------------
--  DDL for Procedure GET_PART_BY_ORDERID
--------------------------------------------------------
set define off;

  CREATE OR REPLACE EDITIONABLE PROCEDURE "APP"."GET_PART_BY_ORDERID" (
    p_order_id IN PART.ORDER_ID%TYPE,
    p_cursor OUT SYS_REFCURSOR
)
IS
BEGIN
    OPEN p_cursor FOR
        SELECT
            PART_ID,
            NAME,
            MANUFACTURER,
            SERIAL,
            STATUS,
            STOCK_IN_ID,
            ORDER_ID,
            PRICE 
        FROM
            PART
        WHERE
            ORDER_ID = p_order_id;
END get_part_by_orderId;


/

  GRANT EXECUTE ON "APP"."GET_PART_BY_ORDERID" TO "ROLE_ADMIN";
--------------------------------------------------------
--  DDL for Procedure GET_PART_BY_PARTREQUEST
--------------------------------------------------------
set define off;

  CREATE OR REPLACE EDITIONABLE PROCEDURE "APP"."GET_PART_BY_PARTREQUEST" (
    p_order_id IN PART_REQUEST.ORDER_ID%TYPE,
    p_cursor OUT SYS_REFCURSOR
)
IS
BEGIN
    OPEN p_cursor FOR
        SELECT
            p.PART_ID,
            p.NAME,
            p.MANUFACTURER,
            p.SERIAL,
            p.STATUS,
            p.STOCK_IN_ID,
            p.ORDER_ID,
            p.PRICE,
            pri.REQUEST_ID,
            pr.REQUEST_DATE,
            pr.STATUS AS REQUEST_STATUS
        FROM
            PART p
        INNER JOIN PART_REQUEST_ITEM pri ON p.PART_ID = pri.PART_ID
        INNER JOIN PART_REQUEST pr ON pri.REQUEST_ID = pr.REQUEST_ID
        WHERE
            pr.ORDER_ID = p_order_id;
END GET_PART_BY_PARTREQUEST;


/

  GRANT EXECUTE ON "APP"."GET_PART_BY_PARTREQUEST" TO "ROLE_ADMIN";
--------------------------------------------------------
--  DDL for Procedure GET_PART_BY_REQUEST_ID
--------------------------------------------------------
set define off;

  CREATE OR REPLACE EDITIONABLE PROCEDURE "APP"."GET_PART_BY_REQUEST_ID" (
    p_request_id IN PART_REQUEST.REQUEST_ID%TYPE,
    p_cursor OUT SYS_REFCURSOR
)
IS
BEGIN
    OPEN p_cursor FOR
        SELECT
            p.PART_ID,
            p.NAME,
            p.MANUFACTURER,
            p.SERIAL,
            p.STATUS,
            p.STOCK_IN_ID,
            p.ORDER_ID,
            p.PRICE,
            pri.REQUEST_ID,
            pr.REQUEST_DATE,
            pr.STATUS AS REQUEST_STATUS
        FROM
            PART p
        INNER JOIN PART_REQUEST_ITEM pri ON p.PART_ID = pri.PART_ID
        INNER JOIN PART_REQUEST pr ON pri.REQUEST_ID = pr.REQUEST_ID
        WHERE
            pr.REQUEST_ID = p_request_id;
END GET_PART_BY_REQUEST_ID;


/

  GRANT EXECUTE ON "APP"."GET_PART_BY_REQUEST_ID" TO "ROLE_ADMIN";
--------------------------------------------------------
--  DDL for Procedure GET_PART_BY_SERIAL
--------------------------------------------------------
set define off;

  CREATE OR REPLACE EDITIONABLE PROCEDURE "APP"."GET_PART_BY_SERIAL" (
    p_serial IN PART.SERIAL%TYPE,
    p_cursor OUT SYS_REFCURSOR
)
IS
BEGIN
    OPEN p_cursor FOR
        SELECT
            PART_ID,
            NAME,
            MANUFACTURER,
            SERIAL,
            STATUS,
            STOCK_IN_ID,
            ORDER_ID,
            PRICE
        FROM
            PART
        WHERE
            SERIAL = p_serial;
END get_part_by_serial;

/

  GRANT EXECUTE ON "APP"."GET_PART_BY_SERIAL" TO "ROLE_ADMIN";
--------------------------------------------------------
--  DDL for Procedure GET_PART_BY_STATUS
--------------------------------------------------------
set define off;

  CREATE OR REPLACE EDITIONABLE PROCEDURE "APP"."GET_PART_BY_STATUS" (
    p_status IN PART.STATUS%TYPE,
    p_cursor OUT SYS_REFCURSOR
)
IS
BEGIN
    OPEN p_cursor FOR
        SELECT
            PART_ID,
            NAME,
            MANUFACTURER,
            SERIAL,
            STATUS,
            STOCK_IN_ID,
            ORDER_ID,
            PRICE
        FROM
            PART
        WHERE
            STATUS = p_status;
END get_part_by_status;

/
--------------------------------------------------------
--  DDL for Procedure GET_PART_BY_STOCK
--------------------------------------------------------
set define off;

  CREATE OR REPLACE EDITIONABLE PROCEDURE "APP"."GET_PART_BY_STOCK" (
    p_stock_id IN PART.STOCK_IN_ID%TYPE,
    p_cursor OUT SYS_REFCURSOR
)
IS
BEGIN
    OPEN p_cursor FOR
        SELECT
            PART_ID,
            NAME,
            MANUFACTURER,
            SERIAL,
            STATUS,
            STOCK_IN_ID,
            ORDER_ID,
            PRICE
        FROM
            PART
        WHERE
            STOCK_IN_ID = p_stock_id;
END get_part_by_stock;

/
--------------------------------------------------------
--  DDL for Procedure GET_PART_BY_STOCKINID
--------------------------------------------------------
set define off;

  CREATE OR REPLACE EDITIONABLE PROCEDURE "APP"."GET_PART_BY_STOCKINID" (
    p_stockin_id IN PART.STOCK_IN_ID%TYPE,
    p_cursor OUT SYS_REFCURSOR
)
IS
BEGIN
    OPEN p_cursor FOR
        SELECT
            PART_ID,
            NAME,
            MANUFACTURER,
            SERIAL,
            STATUS,
            STOCK_IN_ID,
            ORDER_ID,
            PRICE
        FROM
            PART
        WHERE
            STOCK_IN_ID = p_stockin_id;
END get_part_by_stockinid;

/
--------------------------------------------------------
--  DDL for Procedure GET_PROFILE_BY_NAME
--------------------------------------------------------
set define off;

  CREATE OR REPLACE EDITIONABLE PROCEDURE "APP"."GET_PROFILE_BY_NAME" (
    p_profile_name IN VARCHAR2,
    cur_out OUT SYS_REFCURSOR
)
AS
BEGIN
    OPEN cur_out FOR
        SELECT PROFILE,
               RESOURCE_NAME,
               LIMIT
        FROM DBA_PROFILES
        WHERE PROFILE = UPPER(p_profile_name)
          AND RESOURCE_NAME IN ('IDLE_TIME','CONNECT_TIME','FAILED_LOGIN_ATTEMPTS','PASSWORD_LOCK_TIME','INACTIVE_ACCOUNT_TIME')
        ORDER BY RESOURCE_NAME;
END GET_PROFILE_BY_NAME;


/

  GRANT EXECUTE ON "APP"."GET_PROFILE_BY_NAME" TO "ROLE_ADMIN";
--------------------------------------------------------
--  DDL for Procedure GET_ROLES_OF_USER
--------------------------------------------------------
set define off;

  CREATE OR REPLACE EDITIONABLE PROCEDURE "APP"."GET_ROLES_OF_USER" (
    p_username IN VARCHAR2,
    p_cursor OUT SYS_REFCURSOR
)
AS
BEGIN
    OPEN p_cursor FOR
        SELECT GRANTED_ROLE
        FROM DBA_ROLE_PRIVS
        WHERE GRANTEE = UPPER(p_username);
END;

/

  GRANT EXECUTE ON "APP"."GET_ROLES_OF_USER" TO "ROLE_ADMIN";
--------------------------------------------------------
--  DDL for Procedure GET_SERVICES_BY_ORDER_ID
--------------------------------------------------------
set define off;

  CREATE OR REPLACE EDITIONABLE PROCEDURE "APP"."GET_SERVICES_BY_ORDER_ID" (
    p_order_id       IN NUMBER,              -- Tham số đầu vào: ID của đơn hàng
    p_service_cursor OUT SYS_REFCURSOR      -- Tham số đầu ra: REF CURSOR chứa danh sách dịch vụ
)
AS
BEGIN
    -- Mở con trỏ và thực hiện câu lệnh SELECT JOIN
    OPEN p_service_cursor FOR
        SELECT 
            S.SERVICE_ID,
            S.NAME, 
            S.DESCRIPTION, 
            OS.QUANTITY,      -- Số lượng dịch vụ đã đặt
            OS.PRICE AS AGREED_PRICE -- Giá dịch vụ tại thời điểm đặt hàng (từ ORDER_SERVICE)
        FROM 
            SERVICE S
        JOIN
            ORDER_SERVICE OS ON S.SERVICE_ID = OS.SERVICE_ID
        WHERE 
            OS.ORDER_ID = p_order_id -- Lọc theo Order ID
        ORDER BY
            S.SERVICE_ID;
END GET_SERVICES_BY_ORDER_ID;

/

  GRANT EXECUTE ON "APP"."GET_SERVICES_BY_ORDER_ID" TO "ROLE_ADMIN";
  GRANT EXECUTE ON "APP"."GET_SERVICES_BY_ORDER_ID" TO "ROLE_TIEPTAN";
--------------------------------------------------------
--  DDL for Procedure GET_STOCKIN_PDF
--------------------------------------------------------
set define off;

  CREATE OR REPLACE EDITIONABLE PROCEDURE "APP"."GET_STOCKIN_PDF" (
    p_stockin_id IN NUMBER,
    p_pdf OUT BLOB
)
AS
BEGIN
    SELECT PDF
    INTO p_pdf
    FROM STOCK_IN
    WHERE STOCKIN_ID = p_stockin_id;
EXCEPTION
    WHEN NO_DATA_FOUND THEN
        p_pdf := NULL;
    WHEN OTHERS THEN
        RAISE;
END GET_STOCKIN_PDF;

/

  GRANT EXECUTE ON "APP"."GET_STOCKIN_PDF" TO "ROLE_ADMIN";
  GRANT EXECUTE ON "APP"."GET_STOCKIN_PDF" TO "ROLE_THUKHO";
--------------------------------------------------------
--  DDL for Procedure GET_STOCKIN_SIGNATURE
--------------------------------------------------------
set define off;

  CREATE OR REPLACE EDITIONABLE PROCEDURE "APP"."GET_STOCKIN_SIGNATURE" (
    p_stockin_id   IN  NUMBER,
    p_signature    OUT CLOB
) AS
BEGIN
    SELECT SIGNATURE
    INTO p_signature
    FROM APP.STOCK_IN
    WHERE STOCKIN_ID = p_stockin_id;

EXCEPTION
    WHEN NO_DATA_FOUND THEN
        p_signature := NULL;
END GET_STOCKIN_SIGNATURE;

/

  GRANT EXECUTE ON "APP"."GET_STOCKIN_SIGNATURE" TO "ROLE_ADMIN";
  GRANT EXECUTE ON "APP"."GET_STOCKIN_SIGNATURE" TO "ROLE_THUKHO";
--------------------------------------------------------
--  DDL for Procedure GET_STOCKOUT_PDF
--------------------------------------------------------
set define off;

  CREATE OR REPLACE EDITIONABLE PROCEDURE "APP"."GET_STOCKOUT_PDF" (
    p_stockout_id IN NUMBER,
    p_pdf OUT BLOB
)
AS
BEGIN
    SELECT PDF
    INTO p_pdf
    FROM STOCK_OUT
    WHERE STOCKOUT_ID = p_stockout_id;
EXCEPTION
    WHEN NO_DATA_FOUND THEN
        p_pdf := NULL;
    WHEN OTHERS THEN
        RAISE;
END GET_STOCKOUT_PDF;

/

  GRANT EXECUTE ON "APP"."GET_STOCKOUT_PDF" TO "ROLE_ADMIN";
  GRANT EXECUTE ON "APP"."GET_STOCKOUT_PDF" TO "ROLE_THUKHO";
--------------------------------------------------------
--  DDL for Procedure GET_STOCKOUT_SIGNATURE
--------------------------------------------------------
set define off;

  CREATE OR REPLACE EDITIONABLE PROCEDURE "APP"."GET_STOCKOUT_SIGNATURE" (
    p_stockout_id IN NUMBER,
    p_signature   OUT VARCHAR2 -- Hoặc CLOB nếu bạn thay đổi kiểu dữ liệu
)
AS
BEGIN
    SELECT SIGNATURE
    INTO p_signature
    FROM APP.STOCK_OUT
    WHERE STOCKOUT_ID = p_stockout_id;

EXCEPTION
    WHEN NO_DATA_FOUND THEN
        p_signature := NULL; -- Trả về NULL nếu không tìm thấy ID
END GET_STOCKOUT_SIGNATURE;

/

  GRANT EXECUTE ON "APP"."GET_STOCKOUT_SIGNATURE" TO "ROLE_ADMIN";
  GRANT EXECUTE ON "APP"."GET_STOCKOUT_SIGNATURE" TO "ROLE_THUKHO";
--------------------------------------------------------
--  DDL for Procedure GET_UNFINISHED_ORDERS
--------------------------------------------------------
set define off;

  CREATE OR REPLACE EDITIONABLE PROCEDURE "APP"."GET_UNFINISHED_ORDERS" (
    cur_out OUT SYS_REFCURSOR
)
AS
BEGIN
    OPEN cur_out FOR
    SELECT 
        o.ORDER_ID,
        o.CUSTOMER_PHONE,
        recv.USERNAME AS ReceiverEmpName,
        hand.USERNAME AS HandlerEmpName,
        o.ORDER_TYPE,
        o.RECEIVED_DATE,
        o.STATUS,
        o.DESCRIPTION
    FROM ORDERS o
    LEFT JOIN EMPLOYEE recv ON o.RECEIVER_EMP = recv.EMP_ID
    LEFT JOIN EMPLOYEE hand ON o.HANDLER_EMP = hand.EMP_ID
    WHERE o.STATUS != 'Đã hoàn thành'
       OR o.STATUS IS NULL       -- phòng trường hợp giá trị rỗng
    ORDER BY o.RECEIVED_DATE DESC;
END GET_UNFINISHED_ORDERS;

/
--------------------------------------------------------
--  DDL for Procedure LOCK_DB_USER
--------------------------------------------------------
set define off;

  CREATE OR REPLACE EDITIONABLE PROCEDURE "APP"."LOCK_DB_USER" (
    p_username IN VARCHAR2
)
AS
BEGIN
    BEGIN
        EXECUTE IMMEDIATE 'ALTER USER "' || UPPER(p_username) || '" ACCOUNT LOCK';

    EXCEPTION
        WHEN OTHERS THEN
            RAISE_APPLICATION_ERROR(-20002, 'Không thể lock user ' || p_username || ': ' || SQLERRM);
    END;
END;

/

  GRANT EXECUTE ON "APP"."LOCK_DB_USER" TO "ROLE_ADMIN";
--------------------------------------------------------
--  DDL for Procedure LOGIN_CUSTOMER
--------------------------------------------------------
set define off;

  CREATE OR REPLACE EDITIONABLE PROCEDURE "APP"."LOGIN_CUSTOMER" (
    p_phone        IN  VARCHAR2,
    p_password     IN  VARCHAR2,
    p_out_phone    OUT VARCHAR2,
    p_out_result   OUT VARCHAR2
) AS
    PRAGMA AUTONOMOUS_TRANSACTION;

    v_hash       VARCHAR2(256);
    v_db_hash    VARCHAR2(256);
    v_fail_count NUMBER;
BEGIN
    v_hash := HASH_PASSWORD(p_password);

    BEGIN
        SELECT PASSWORD_HASH
        INTO v_db_hash
        FROM CUSTOMER
        WHERE PHONE = p_phone;
        p_out_phone := p_phone;

        IF v_db_hash = v_hash THEN
            p_out_result := 'SUCCESS';
        ELSE
            p_out_result := 'FAILED';
        END IF;

    EXCEPTION
        WHEN NO_DATA_FOUND THEN

            p_out_phone := NULL;
            
            p_out_result := 'FAILED';
    END;
END LOGIN_CUSTOMER;

/

  GRANT EXECUTE ON "APP"."LOGIN_CUSTOMER" TO "ROLE_KHACHHANG";
--------------------------------------------------------
--  DDL for Procedure LOGIN_EMPLOYEE
--------------------------------------------------------
set define off;

  CREATE OR REPLACE EDITIONABLE PROCEDURE "APP"."LOGIN_EMPLOYEE" (
    p_username     IN  VARCHAR2,
    p_password     IN  VARCHAR2,
    p_out_username OUT VARCHAR2,
    p_out_result   OUT VARCHAR2,
    p_out_role     OUT VARCHAR2
) AS
    PRAGMA AUTONOMOUS_TRANSACTION;

    v_hash       VARCHAR2(256);
    v_db_hash    VARCHAR2(256);
    v_status     VARCHAR2(30);
BEGIN
    v_hash := HASH_PASSWORD(p_password);

    BEGIN
        -- Lấy mật khẩu từ bảng EMPLOYEE
        SELECT PASSWORD_HASH
        INTO v_db_hash
        FROM EMPLOYEE
        WHERE USERNAME = p_username;

        p_out_username := p_username;

        -- Lấy trạng thái từ DBA_USERS
        BEGIN
            SELECT ACCOUNT_STATUS
            INTO v_status
            FROM DBA_USERS
            WHERE USERNAME = UPPER(p_username);
        EXCEPTION
            WHEN NO_DATA_FOUND THEN
                v_status := 'UNKNOWN';
        END;

        IF v_status LIKE 'LOCKED%' THEN
            p_out_result := 'ACCOUNT LOCKED';
            p_out_role := NULL;
            RETURN;
        END IF;

        IF v_db_hash = v_hash THEN
            p_out_result := 'SUCCESS';

            -- Lấy role của user
            BEGIN
                SELECT LISTAGG(GRANTED_ROLE, ', ') WITHIN GROUP (ORDER BY GRANTED_ROLE)
                INTO p_out_role
                FROM DBA_ROLE_PRIVS
                WHERE GRANTEE = UPPER(p_username);
            EXCEPTION
                WHEN NO_DATA_FOUND THEN
                    p_out_role := NULL;
            END;

        ELSE
            p_out_result := 'FAILED';
            p_out_role := NULL;
        END IF;

    EXCEPTION
        WHEN NO_DATA_FOUND THEN
            p_out_username := NULL;
            p_out_result := 'FAILED';
            p_out_role := NULL;
    END;
END LOGIN_EMPLOYEE;

/

  GRANT EXECUTE ON "APP"."LOGIN_EMPLOYEE" TO "ADMIN";
  GRANT EXECUTE ON "APP"."LOGIN_EMPLOYEE" TO "THUKHO";
  GRANT EXECUTE ON "APP"."LOGIN_EMPLOYEE" TO "KITHUATVIEN";
  GRANT EXECUTE ON "APP"."LOGIN_EMPLOYEE" TO "TIEPTAN";
  GRANT EXECUTE ON "APP"."LOGIN_EMPLOYEE" TO "ROLE_ADMIN";
  GRANT EXECUTE ON "APP"."LOGIN_EMPLOYEE" TO "ROLE_KITHUATVIEN";
  GRANT EXECUTE ON "APP"."LOGIN_EMPLOYEE" TO "ROLE_TIEPTAN";
  GRANT EXECUTE ON "APP"."LOGIN_EMPLOYEE" TO "ROLE_THUKHO";
  GRANT EXECUTE ON "APP"."LOGIN_EMPLOYEE" TO "KTV02";
  GRANT EXECUTE ON "APP"."LOGIN_EMPLOYEE" TO "KTV03";
--------------------------------------------------------
--  DDL for Procedure REGISTER_CUSTOMER
--------------------------------------------------------
set define off;

  CREATE OR REPLACE EDITIONABLE PROCEDURE "APP"."REGISTER_CUSTOMER" (
    p_phone     IN VARCHAR2,   -- dùng làm PK
    p_full_name IN VARCHAR2,
    p_password  IN VARCHAR2,
    p_email     IN VARCHAR2,
    p_address   IN VARCHAR2
)
AS
    v_hash VARCHAR2(256);
    v_pub  CLOB;
    v_priv CLOB;
    v_keys      CLOB;
    v_pwd VARCHAR2(20);
BEGIN
    -- Hash mật khẩu
    v_hash := HASH_PASSWORD(p_password);

    -- 2. Sinh cặp RSA
    v_keys := CRYPTO.RSA_GENERATE_KEYS(KEY_SIZE => 1024);

    -- 3. Tách public key (loại bỏ ****)
    v_pub := TRIM(
                SUBSTR(
                    v_keys,
                    INSTR(v_keys, 'publicKey start*****') + LENGTH('publicKey start*****'),
                    INSTR(v_keys, '****publicKey end') - (INSTR(v_keys, 'publicKey start*****') + LENGTH('publicKey start*****'))
                )
             );

    -- 4. Tách private key (loại bỏ ****)
    v_priv := TRIM(
                 SUBSTR(
                     v_keys,
                     INSTR(v_keys, 'privateKey start****') + LENGTH('privateKey start****'),
                     INSTR(v_keys, '****privateKey end') - (INSTR(v_keys, 'privateKey start****') + LENGTH('privateKey start****'))
                 )
              );
    v_pwd := HASH_PASSWORD_20CHARS(p_password);
    -- 1. Tạo Oracle DB user trước
    BEGIN
        EXECUTE IMMEDIATE 'CREATE USER "' || p_phone || '"' ||
                          ' IDENTIFIED BY "' || v_pwd || '"' ||
                          ' DEFAULT TABLESPACE USERS QUOTA UNLIMITED ON USERS';
        EXECUTE IMMEDIATE 'GRANT ROLE_KHACHHANG TO "' || p_phone || '"';
        EXECUTE IMMEDIATE 'ALTER USER ' || p_phone || ' GRANT CONNECT THROUGH APP WITH ROLE ALL';
    EXCEPTION
        WHEN OTHERS THEN
            RAISE_APPLICATION_ERROR(-20002, 'Không thể tạo DB User cho Customer ' || p_phone || ': ' || SQLERRM);
    END;

    -- 2. Insert vào bảng CUSTOMER (chỉ khi tạo DB user thành công)
    BEGIN
        INSERT INTO CUSTOMER(PHONE, FULL_NAME, PASSWORD_HASH, PUBLIC_KEY, EMAIL, ADDRESS)
        VALUES (p_phone, p_full_name, v_hash, v_pub, p_email, p_address);

        COMMIT;
    EXCEPTION
        WHEN OTHERS THEN
            -- Nếu lỗi ở bước insert thì rollback + xóa DB user vừa tạo
            ROLLBACK;
            BEGIN
                EXECUTE IMMEDIATE 'DROP USER "' || p_phone || '" CASCADE';
            EXCEPTION
                WHEN OTHERS THEN NULL;
            END;
            RAISE;
    END;

END REGISTER_CUSTOMER;

/
--------------------------------------------------------
--  DDL for Procedure REGISTER_EMPLOYEE
--------------------------------------------------------
set define off;

  CREATE OR REPLACE EDITIONABLE PROCEDURE "APP"."REGISTER_EMPLOYEE" (
    p_empid       IN NUMBER DEFAULT NULL,   
    p_full_name   IN VARCHAR2,
    p_username    IN VARCHAR2,
    p_password    IN VARCHAR2,
    p_email       IN VARCHAR2,
    p_phone       IN VARCHAR2,
    p_private_key OUT CLOB
)
AS
    v_hash      VARCHAR2(256);
    v_pub       CLOB;
    v_priv      CLOB;
    v_keys      CLOB;
    v_pwd VARCHAR2(20);
BEGIN
    -- 1. Hash mật khẩu
    v_hash := HASH_PASSWORD(p_password);

    -- 2. Sinh cặp RSA
    v_keys := CRYPTO.RSA_GENERATE_KEYS(KEY_SIZE => 1024);

    -- 3. Tách public key (loại bỏ ****)
    v_pub := TRIM(
                SUBSTR(
                    v_keys,
                    INSTR(v_keys, 'publicKey start*****') + LENGTH('publicKey start*****'),
                    INSTR(v_keys, '****publicKey end') - (INSTR(v_keys, 'publicKey start*****') + LENGTH('publicKey start*****'))
                )
             );

    -- 4. Tách private key (loại bỏ ****)
    v_priv := TRIM(
                 SUBSTR(
                     v_keys,
                     INSTR(v_keys, 'privateKey start****') + LENGTH('privateKey start****'),
                     INSTR(v_keys, '****privateKey end') - (INSTR(v_keys, 'privateKey start****') + LENGTH('privateKey start****'))
                 )
              );
    v_pwd := HASH_PASSWORD_20CHARS(p_password);
    -- 5. Tạo Oracle DB user
    BEGIN
        EXECUTE IMMEDIATE 'CREATE USER ' || p_username ||
                  ' IDENTIFIED BY "' || v_pwd || '" DEFAULT TABLESPACE USERS QUOTA UNLIMITED ON USERS';
        EXECUTE IMMEDIATE 'GRANT CONNECT, RESOURCE TO ' || p_username;
        EXECUTE IMMEDIATE 'GRANT EXECUTE ON LOGIN_EMPLOYEE TO ' || p_username;
        EXECUTE IMMEDIATE 'ALTER USER ' || p_username || ' GRANT CONNECT THROUGH APP WITH ROLE ALL';
    EXCEPTION
        WHEN OTHERS THEN
            RAISE_APPLICATION_ERROR(-20001, 'Không thể tạo DB User cho nhân viên: ' || SQLERRM);
    END;

    -- 6. Insert vào EMPLOYEE
    IF p_empid IS NULL THEN
        INSERT INTO EMPLOYEE(FULL_NAME, USERNAME, PASSWORD_HASH, PUBLIC_KEY, EMAIL, PHONE)
        VALUES (p_full_name, p_username, v_hash, v_pub, p_email, p_phone);
    ELSE
        INSERT INTO EMPLOYEE(EMP_ID, FULL_NAME, USERNAME, PASSWORD_HASH, PUBLIC_KEY, EMAIL, PHONE)
        VALUES (p_empid, p_full_name, p_username, v_hash, v_pub, p_email, p_phone);
    END IF;

    -- 7. Trả private key ra OUT param
    p_private_key := v_priv;

    COMMIT;

EXCEPTION
    WHEN OTHERS THEN
        BEGIN
            EXECUTE IMMEDIATE 'DROP USER ' || p_username || ' CASCADE';
        EXCEPTION
            WHEN OTHERS THEN NULL;
        END;
        RAISE;
END;

/

  GRANT EXECUTE ON "APP"."REGISTER_EMPLOYEE" TO "ROLE_ADMIN";
--------------------------------------------------------
--  DDL for Procedure REVOKE_ROLE_PROC
--------------------------------------------------------
set define off;

  CREATE OR REPLACE EDITIONABLE PROCEDURE "APP"."REVOKE_ROLE_PROC" (
    p_username IN VARCHAR2,
    p_role_name IN VARCHAR2
)
AS
BEGIN
    EXECUTE IMMEDIATE 'REVOKE "' || p_role_name || '" FROM "' || p_username || '"';
END;

/

  GRANT EXECUTE ON "APP"."REVOKE_ROLE_PROC" TO "ROLE_ADMIN";
--------------------------------------------------------
--  DDL for Procedure SIGN_INVOICE
--------------------------------------------------------
set define off;

  CREATE OR REPLACE EDITIONABLE PROCEDURE "APP"."SIGN_INVOICE" (
    p_invoice_id   IN NUMBER,
    p_private_key   IN VARCHAR2,
    p_signature     OUT CLOB
) AS
    l_data_to_sign   CLOB := EMPTY_CLOB();
    l_header         CLOB;
BEGIN
    -- 1. Lấy header từ INVOICE
    SELECT TRIM(i.INVOICE_ID) || '|' ||
           TRIM(i.STOCKOUT_ID) || '|' ||
           TRIM(i.CUSTOMER_PHONE) || '|' ||
           TRIM(i.EMP_ID) || '|' ||
           TO_CHAR(i.INVOICE_DATE,'YYYYMMDD') || '|' ||
           TO_CHAR(i.TOTAL_AMOUNT,'FM9999990.00') || '|' ||
           TRIM(NVL(i.STATUS,''))
    INTO l_header
    FROM APP.INVOICE i
    WHERE i.INVOICE_ID = p_invoice_id;

    l_data_to_sign := l_header || '|';

    -- 2. Nối từng INVOICE_ITEM (Parts) vào CLOB
    FOR rec IN (
        SELECT ii.PART_ID, p.NAME, p.MANUFACTURER, p.SERIAL, ii.PRICE
        FROM APP.INVOICE_ITEM ii
        JOIN APP.PART p ON ii.PART_ID = p.PART_ID
        WHERE ii.INVOICE_ID = p_invoice_id
        ORDER BY ii.PART_ID
    ) LOOP
        l_data_to_sign := l_data_to_sign ||
                          TRIM(rec.PART_ID) || '|' ||
                          TRIM(rec.NAME) || '|' ||
                          TRIM(NVL(rec.MANUFACTURER,'')) || '|' ||
                          TRIM(rec.SERIAL) || '|' ||
                          TO_CHAR(rec.PRICE,'FM9999990.00') || ';';
    END LOOP;

    -- 3. Nối từng INVOICE_SERVICE vào CLOB
    FOR rec IN (
        SELECT isv.SERVICE_ID, s.NAME, isv.QUANTITY, isv.PRICE
        FROM APP.INVOICE_SERVICE isv
        JOIN APP.SERVICE s ON isv.SERVICE_ID = s.SERVICE_ID
        WHERE isv.INVOICE_ID = p_invoice_id
        ORDER BY isv.SERVICE_ID
    ) LOOP
        l_data_to_sign := l_data_to_sign ||
                          TRIM(rec.SERVICE_ID) || '|' ||
                          TRIM(rec.NAME) || '|' ||
                          TRIM(rec.QUANTITY) || '|' ||
                          TO_CHAR(rec.PRICE,'FM9999990.00') || ';';
    END LOOP;

    -- 4. Hash SHA-256
    DECLARE
        l_hash_raw  RAW(32);
        l_hash_hex  VARCHAR2(64);
    BEGIN
        l_hash_raw := DBMS_CRYPTO.HASH(UTL_RAW.CAST_TO_RAW(l_data_to_sign), DBMS_CRYPTO.HASH_SH256);
        l_hash_hex := RAWTOHEX(l_hash_raw);

        -- 5. Ký hash
        p_signature := CRYPTO.RSA_SIGN(l_hash_hex, p_private_key);
    END;

EXCEPTION
    WHEN NO_DATA_FOUND THEN
        RAISE_APPLICATION_ERROR(-20001, 'Không tìm thấy hóa đơn với ID: ' || p_invoice_id);
    WHEN OTHERS THEN
        RAISE;
END SIGN_INVOICE;


/

  GRANT EXECUTE ON "APP"."SIGN_INVOICE" TO "ROLE_ADMIN";
  GRANT EXECUTE ON "APP"."SIGN_INVOICE" TO "ROLE_THUKHO";
  GRANT EXECUTE ON "APP"."SIGN_INVOICE" TO "ROLE_TIEPTAN";
--------------------------------------------------------
--  DDL for Procedure SIGN_PDF
--------------------------------------------------------
set define off;

  CREATE OR REPLACE EDITIONABLE PROCEDURE "APP"."SIGN_PDF" (
    p_block        IN  RAW,       -- ≤32KB
    p_private_key  IN  VARCHAR2,
    p_signature    OUT BLOB
) AS
    l_hash       RAW(32);
    l_hash_hex   VARCHAR2(64);
    l_signed_clob CLOB;
    l_signed_raw RAW(32767);
BEGIN
    -- 1. Hash block và chuyển sang hex
    l_hash := DBMS_CRYPTO.HASH(p_block, DBMS_CRYPTO.HASH_SH256);
    l_hash_hex := RAWTOHEX(l_hash);

    -- 2. Ký hash (hex string) → trả về CLOB
    l_signed_clob := CRYPTO.RSA_SIGN(l_hash_hex, p_private_key);

    -- 3. Chuyển CLOB ký sang RAW để ghi vào BLOB
    l_signed_raw := UTL_RAW.CAST_TO_RAW(l_signed_clob);

    -- 4. Tạo BLOB tạm và ghi
    DBMS_LOB.CREATETEMPORARY(p_signature, TRUE);
    DBMS_LOB.WRITE(p_signature, UTL_RAW.LENGTH(l_signed_raw), 1, l_signed_raw);

EXCEPTION
    WHEN OTHERS THEN
        RAISE_APPLICATION_ERROR(-20001, 'Lỗi ký PDF block: ' || SQLERRM);
END SIGN_PDF;

/

  GRANT EXECUTE ON "APP"."SIGN_PDF" TO "ROLE_ADMIN";
  GRANT EXECUTE ON "APP"."SIGN_PDF" TO "ROLE_THUKHO";
--------------------------------------------------------
--  DDL for Procedure SIGN_STOCKIN
--------------------------------------------------------
set define off;

  CREATE OR REPLACE EDITIONABLE PROCEDURE "APP"."SIGN_STOCKIN" (
    p_stockin_id   IN NUMBER,
    p_private_key  IN VARCHAR2,
    p_signature    OUT CLOB
) AS
    l_data_to_sign   CLOB := EMPTY_CLOB();
    l_header         CLOB;
BEGIN
    -- 1. Lấy header
    SELECT TRIM(s.STOCKIN_ID) || '|' ||
           TRIM(s.EMP_ID) || '|' ||
           TO_CHAR(s.IN_DATE,'YYYYMMDD') || '|' ||
           TRIM(NVL(s.NOTE,''))
    INTO l_header
    FROM APP.STOCK_IN s
    WHERE s.STOCKIN_ID = p_stockin_id;

    l_data_to_sign := l_header || '|';

    -- 2. Nối từng item vào CLOB, tránh LISTAGG
    FOR rec IN (
        SELECT STOCKIN_ITEM_ID, PART_NAME, MANUFACTURER, SERIAL, PRICE
        FROM APP.STOCK_IN_ITEM
        WHERE STOCKIN_ID = p_stockin_id
        ORDER BY STOCKIN_ITEM_ID
    ) LOOP
        l_data_to_sign := l_data_to_sign ||
                          TRIM(rec.STOCKIN_ITEM_ID) || '|' ||
                          TRIM(rec.PART_NAME) || '|' ||
                          TRIM(NVL(rec.MANUFACTURER,'')) || '|' ||
                          TRIM(rec.SERIAL) || '|' ||
                          TO_CHAR(rec.PRICE,'FM9999990.00') || ';';
    END LOOP;

    -- 3. Hash SHA-256
    DECLARE
        l_hash_raw  RAW(32);
        l_hash_hex  VARCHAR2(64);
    BEGIN
        l_hash_raw := DBMS_CRYPTO.HASH(UTL_RAW.CAST_TO_RAW(l_data_to_sign), DBMS_CRYPTO.HASH_SH256);
        l_hash_hex := RAWTOHEX(l_hash_raw);

        -- 4. Ký hash (giả sử CRYPTO.RSA_SIGN trả về CLOB)
        p_signature := CRYPTO.RSA_SIGN(l_hash_hex, p_private_key);
    END;

END SIGN_STOCKIN;

/

  GRANT EXECUTE ON "APP"."SIGN_STOCKIN" TO "ROLE_ADMIN";
  GRANT EXECUTE ON "APP"."SIGN_STOCKIN" TO "ROLE_THUKHO";
--------------------------------------------------------
--  DDL for Procedure SIGN_STOCKOUT
--------------------------------------------------------
set define off;

  CREATE OR REPLACE EDITIONABLE PROCEDURE "APP"."SIGN_STOCKOUT" (
    p_stockout_id   IN NUMBER,
    p_private_key   IN VARCHAR2,
    p_signature     OUT CLOB
) AS
    l_data_to_sign   CLOB := EMPTY_CLOB();
    l_header         CLOB;
BEGIN
    -- 1. Lấy header
    SELECT TRIM(s.STOCKOUT_ID) || '|' ||
           TRIM(s.ORDER_ID) || '|' ||
           TRIM(s.EMP_ID) || '|' ||
           TO_CHAR(s.OUT_DATE,'YYYYMMDD') || '|' ||
           TRIM(NVL(s.NOTE,''))
    INTO l_header
    FROM APP.STOCK_OUT s
    WHERE s.STOCKOUT_ID = p_stockout_id;

    l_data_to_sign := l_header || '|';

    -- 2. Nối từng part vào CLOB
    FOR rec IN (
        SELECT soi.PART_ID, p.NAME, p.MANUFACTURER, p.SERIAL, p.PRICE
        FROM APP.STOCK_OUT_ITEM soi
        JOIN APP.PART p ON soi.PART_ID = p.PART_ID
        WHERE soi.STOCKOUT_ID = p_stockout_id
        ORDER BY soi.PART_ID
    ) LOOP
        l_data_to_sign := l_data_to_sign ||
                          TRIM(rec.PART_ID) || '|' ||
                          TRIM(rec.NAME) || '|' ||
                          TRIM(NVL(rec.MANUFACTURER,'')) || '|' ||
                          TRIM(rec.SERIAL) || '|' ||
                          TO_CHAR(rec.PRICE,'FM9999990.00') || ';';
    END LOOP;

    -- 3. Hash SHA-256
    DECLARE
        l_hash_raw  RAW(32);
        l_hash_hex  VARCHAR2(64);
    BEGIN
        l_hash_raw := DBMS_CRYPTO.HASH(UTL_RAW.CAST_TO_RAW(l_data_to_sign), DBMS_CRYPTO.HASH_SH256);
        l_hash_hex := RAWTOHEX(l_hash_raw);

        -- 4. Ký hash
        p_signature := CRYPTO.RSA_SIGN(l_hash_hex, p_private_key);
    END;

EXCEPTION
    WHEN NO_DATA_FOUND THEN
        RAISE_APPLICATION_ERROR(-20001, 'Không tìm thấy phiếu xuất kho với ID: ' || p_stockout_id);
    WHEN OTHERS THEN
        RAISE;
END SIGN_STOCKOUT;

/

  GRANT EXECUTE ON "APP"."SIGN_STOCKOUT" TO "ROLE_ADMIN";
  GRANT EXECUTE ON "APP"."SIGN_STOCKOUT" TO "ROLE_THUKHO";
--------------------------------------------------------
--  DDL for Procedure TRIGGER_DISABLE_ALL
--------------------------------------------------------
set define off;

  CREATE OR REPLACE EDITIONABLE PROCEDURE "APP"."TRIGGER_DISABLE_ALL" AS
BEGIN
  -- Thêm trigger bạn muốn tắt
  EXECUTE IMMEDIATE 'ALTER TRIGGER trg_audit_customer_appointment DISABLE';
  EXECUTE IMMEDIATE 'ALTER TRIGGER trg_audit_customer DISABLE';
  EXECUTE IMMEDIATE 'ALTER TRIGGER trg_audit_employee DISABLE';
  EXECUTE IMMEDIATE 'ALTER TRIGGER trg_audit_invoice DISABLE';
  EXECUTE IMMEDIATE 'ALTER TRIGGER trg_audit_invoice_item DISABLE';
  EXECUTE IMMEDIATE 'ALTER TRIGGER trg_audit_orders DISABLE';
  EXECUTE IMMEDIATE 'ALTER TRIGGER trg_audit_part DISABLE';
  EXECUTE IMMEDIATE 'ALTER TRIGGER trg_audit_part_request DISABLE';
  EXECUTE IMMEDIATE 'ALTER TRIGGER trg_audit_stock_in DISABLE';
  EXECUTE IMMEDIATE 'ALTER TRIGGER trg_audit_stock_in_item DISABLE';
  EXECUTE IMMEDIATE 'ALTER TRIGGER trg_audit_stock_out DISABLE';
  EXECUTE IMMEDIATE 'ALTER TRIGGER trg_audit_stock_out_item DISABLE';
  -- ...
END;

/

  GRANT EXECUTE ON "APP"."TRIGGER_DISABLE_ALL" TO "ROLE_ADMIN";
--------------------------------------------------------
--  DDL for Procedure TRIGGER_ENABLE_ALL
--------------------------------------------------------
set define off;

  CREATE OR REPLACE EDITIONABLE PROCEDURE "APP"."TRIGGER_ENABLE_ALL" AS
BEGIN
  -- Thêm trigger bạn muốn bật
  EXECUTE IMMEDIATE 'ALTER TRIGGER trg_audit_customer_appointment ENABLE';
  EXECUTE IMMEDIATE 'ALTER TRIGGER trg_audit_customer ENABLE';
  EXECUTE IMMEDIATE 'ALTER TRIGGER trg_audit_employee ENABLE';
  EXECUTE IMMEDIATE 'ALTER TRIGGER trg_audit_invoice ENABLE';
  EXECUTE IMMEDIATE 'ALTER TRIGGER trg_audit_invoice_item ENABLE';
  EXECUTE IMMEDIATE 'ALTER TRIGGER trg_audit_orders ENABLE';
  EXECUTE IMMEDIATE 'ALTER TRIGGER trg_audit_part ENABLE';
  EXECUTE IMMEDIATE 'ALTER TRIGGER trg_audit_part_request ENABLE';
  EXECUTE IMMEDIATE 'ALTER TRIGGER trg_audit_part_request_item ENABLE';
  EXECUTE IMMEDIATE 'ALTER TRIGGER trg_audit_stock_in ENABLE';
  EXECUTE IMMEDIATE 'ALTER TRIGGER trg_audit_stock_in_item ENABLE';
  EXECUTE IMMEDIATE 'ALTER TRIGGER trg_audit_stock_out ENABLE';
  EXECUTE IMMEDIATE 'ALTER TRIGGER trg_audit_stock_out_item ENABLE';
  -- ...
END;

/

  GRANT EXECUTE ON "APP"."TRIGGER_ENABLE_ALL" TO "ROLE_ADMIN";
--------------------------------------------------------
--  DDL for Procedure UNLOCK_DB_USER
--------------------------------------------------------
set define off;

  CREATE OR REPLACE EDITIONABLE PROCEDURE "APP"."UNLOCK_DB_USER" (
    p_username IN VARCHAR2
)
AS
BEGIN
    BEGIN
        EXECUTE IMMEDIATE 'ALTER USER "' || UPPER(p_username) || '" ACCOUNT UNLOCK';

    EXCEPTION
        WHEN OTHERS THEN
            RAISE_APPLICATION_ERROR(-20001, 'Không thể unlock user ' || p_username || ': ' || SQLERRM);
    END;
END;

/

  GRANT EXECUTE ON "APP"."UNLOCK_DB_USER" TO "ROLE_ADMIN";
--------------------------------------------------------
--  DDL for Procedure UPDATE_INVOICE_PDF
--------------------------------------------------------
set define off;

  CREATE OR REPLACE EDITIONABLE PROCEDURE "APP"."UPDATE_INVOICE_PDF" (
    p_invoice_id IN NUMBER,
    p_signature  IN BLOB
) AS
BEGIN
    UPDATE APP.INVOICE
    SET PDF = p_signature
    WHERE INVOICE_ID = p_invoice_id;
END UPDATE_INVOICE_PDF;


/

  GRANT EXECUTE ON "APP"."UPDATE_INVOICE_PDF" TO "ROLE_ADMIN";
  GRANT EXECUTE ON "APP"."UPDATE_INVOICE_PDF" TO "ROLE_THUKHO";
  GRANT EXECUTE ON "APP"."UPDATE_INVOICE_PDF" TO "ROLE_TIEPTAN";
--------------------------------------------------------
--  DDL for Procedure UPDATE_INVOICE_SIGNATURE
--------------------------------------------------------
set define off;

  CREATE OR REPLACE EDITIONABLE PROCEDURE "APP"."UPDATE_INVOICE_SIGNATURE" (
    p_invoice_id IN NUMBER,
    p_signature   IN VARCHAR2
) AS
BEGIN
    UPDATE APP.INVOICE
    SET SIGNATURE = p_signature
    WHERE INVOICE_ID = p_invoice_id;

    IF SQL%NOTFOUND THEN
        RAISE_APPLICATION_ERROR(-20002, 'Không tìm thấy hóa đơn để cập nhật chữ ký: ' || p_invoice_id);
    END IF;
END UPDATE_INVOICE_SIGNATURE;


/

  GRANT EXECUTE ON "APP"."UPDATE_INVOICE_SIGNATURE" TO "ROLE_ADMIN";
  GRANT EXECUTE ON "APP"."UPDATE_INVOICE_SIGNATURE" TO "ROLE_THUKHO";
  GRANT EXECUTE ON "APP"."UPDATE_INVOICE_SIGNATURE" TO "ROLE_TIEPTAN";
--------------------------------------------------------
--  DDL for Procedure UPDATE_ORDER_STATUS_WAIT_PART
--------------------------------------------------------
set define off;

  CREATE OR REPLACE EDITIONABLE PROCEDURE "APP"."UPDATE_ORDER_STATUS_WAIT_PART" (
    p_order_id IN NUMBER
)
AS
BEGIN
    -- Cập nhật trạng thái trong bảng PART_REQUEST (hoặc bảng ORDER)
    UPDATE ORDERS
       SET STATUS = 'Đang chờ linh kiện'
     WHERE ORDER_ID = p_order_id;

    COMMIT;
EXCEPTION
    WHEN OTHERS THEN
        ROLLBACK;
        RAISE;
END UPDATE_ORDER_STATUS_WAIT_PART;

/
--------------------------------------------------------
--  DDL for Procedure UPDATE_PROFILE
--------------------------------------------------------
set define off;

  CREATE OR REPLACE EDITIONABLE PROCEDURE "APP"."UPDATE_PROFILE" (
    p_profile_name IN VARCHAR2,
    p_idle_time IN VARCHAR2 DEFAULT NULL,
    p_connect_time IN VARCHAR2 DEFAULT NULL,
    p_failed_login IN VARCHAR2 DEFAULT NULL,
    p_lock_time IN VARCHAR2 DEFAULT NULL,
    p_inactive_account_time IN VARCHAR2 DEFAULT NULL)
AS
    v_sql VARCHAR2(4000);
BEGIN
    v_sql := 'ALTER PROFILE ' || UPPER(p_profile_name) || ' LIMIT';
    IF p_idle_time IS NOT NULL THEN
        v_sql := v_sql || ' IDLE_TIME ' || p_idle_time;
    END IF;
    IF p_connect_time IS NOT NULL THEN
        v_sql := v_sql || ' CONNECT_TIME ' || p_connect_time;
    END IF;
    IF p_failed_login IS NOT NULL THEN
        v_sql := v_sql || ' FAILED_LOGIN_ATTEMPTS ' || p_failed_login;
    END IF;
    IF p_lock_time IS NOT NULL THEN
        v_sql := v_sql || ' PASSWORD_LOCK_TIME ' || p_lock_time;
    END IF;
    IF p_inactive_account_time IS NOT NULL THEN
        v_sql := v_sql || ' INACTIVE_ACCOUNT_TIME ' || p_inactive_account_time;
    END IF;
    EXECUTE IMMEDIATE v_sql;
END UPDATE_PROFILE;

/

  GRANT EXECUTE ON "APP"."UPDATE_PROFILE" TO "ROLE_ADMIN";
--------------------------------------------------------
--  DDL for Procedure UPDATE_STOCKIN_PDF
--------------------------------------------------------
set define off;

  CREATE OR REPLACE EDITIONABLE PROCEDURE "APP"."UPDATE_STOCKIN_PDF" (
    p_stockin_id IN NUMBER,
    p_signature  IN BLOB
) AS
BEGIN
    UPDATE APP.STOCK_IN
    SET PDF = p_signature
    WHERE STOCKIN_ID = p_stockin_id;
END UPDATE_STOCKIN_PDF;

/

  GRANT EXECUTE ON "APP"."UPDATE_STOCKIN_PDF" TO "ROLE_ADMIN";
  GRANT EXECUTE ON "APP"."UPDATE_STOCKIN_PDF" TO "ROLE_THUKHO";
--------------------------------------------------------
--  DDL for Procedure UPDATE_STOCKIN_SIGNATURE
--------------------------------------------------------
set define off;

  CREATE OR REPLACE EDITIONABLE PROCEDURE "APP"."UPDATE_STOCKIN_SIGNATURE" (
    p_stockin_id IN NUMBER,
    p_signature  IN VARCHAR2
) AS
BEGIN
    UPDATE APP.STOCK_IN
    SET SIGNATURE = p_signature
    WHERE STOCKIN_ID = p_stockin_id;
END UPDATE_STOCKIN_SIGNATURE;

/

  GRANT EXECUTE ON "APP"."UPDATE_STOCKIN_SIGNATURE" TO "ROLE_ADMIN";
  GRANT EXECUTE ON "APP"."UPDATE_STOCKIN_SIGNATURE" TO "ROLE_THUKHO";
--------------------------------------------------------
--  DDL for Procedure UPDATE_STOCKOUT_PDF
--------------------------------------------------------
set define off;

  CREATE OR REPLACE EDITIONABLE PROCEDURE "APP"."UPDATE_STOCKOUT_PDF" (
    p_stockout_id IN NUMBER,
    p_signature  IN BLOB
) AS
BEGIN
    UPDATE APP.STOCK_OUT
    SET PDF = p_signature
    WHERE STOCKOUT_ID = p_stockout_id;
END UPDATE_STOCKOUT_PDF;

/

  GRANT EXECUTE ON "APP"."UPDATE_STOCKOUT_PDF" TO "ROLE_ADMIN";
  GRANT EXECUTE ON "APP"."UPDATE_STOCKOUT_PDF" TO "ROLE_THUKHO";
--------------------------------------------------------
--  DDL for Procedure UPDATE_STOCKOUT_SIGNATURE
--------------------------------------------------------
set define off;

  CREATE OR REPLACE EDITIONABLE PROCEDURE "APP"."UPDATE_STOCKOUT_SIGNATURE" (
    p_stockout_id IN NUMBER,
    p_signature   IN VARCHAR2
) AS
BEGIN
    UPDATE APP.STOCK_OUT
    SET SIGNATURE = p_signature
    WHERE STOCKOUT_ID = p_stockout_id;

    IF SQL%NOTFOUND THEN
        RAISE_APPLICATION_ERROR(-20002, 'Không tìm thấy phiếu xuất kho để cập nhật chữ ký: ' || p_stockout_id);
    END IF;
END UPDATE_STOCKOUT_SIGNATURE;


/

  GRANT EXECUTE ON "APP"."UPDATE_STOCKOUT_SIGNATURE" TO "ROLE_ADMIN";
  GRANT EXECUTE ON "APP"."UPDATE_STOCKOUT_SIGNATURE" TO "ROLE_THUKHO";
--------------------------------------------------------
--  DDL for Procedure VERIFY_INVOICE_SIGNATURE
--------------------------------------------------------
set define off;

  CREATE OR REPLACE EDITIONABLE PROCEDURE "APP"."VERIFY_INVOICE_SIGNATURE" (
    p_invoice_id   IN NUMBER,              -- ID của hóa đơn
    p_public_key    IN VARCHAR2,            -- Public Key dùng để xác minh
    p_signature     IN CLOB,                -- Chữ ký cần xác minh
    p_is_valid      OUT NUMBER              -- Kết quả: 1 (Hợp lệ) hoặc 0 (Không hợp lệ)
) AS
    l_data_to_sign  CLOB := EMPTY_CLOB();
    l_header        CLOB;
    l_hash_raw      RAW(32);
    l_hash_hex      VARCHAR2(64);
    l_verified      BOOLEAN;
BEGIN
    -- 1. Lấy header từ INVOICE
    SELECT TRIM(i.INVOICE_ID) || '|' ||
           TRIM(i.STOCKOUT_ID) || '|' ||
           TRIM(i.CUSTOMER_PHONE) || '|' ||
           TRIM(i.EMP_ID) || '|' ||
           TO_CHAR(i.INVOICE_DATE,'YYYYMMDD') || '|' ||
           TO_CHAR(i.TOTAL_AMOUNT,'FM9999990.00') || '|' ||
           TRIM(NVL(i.STATUS,''))
    INTO l_header
    FROM APP.INVOICE i
    WHERE i.INVOICE_ID = p_invoice_id;

    l_data_to_sign := l_header || '|';

    -- 2. Nối từng INVOICE_ITEM (Parts) vào CLOB
    FOR rec IN (
        SELECT ii.PART_ID, p.NAME, p.MANUFACTURER, p.SERIAL, ii.PRICE
        FROM APP.INVOICE_ITEM ii
        JOIN APP.PART p ON ii.PART_ID = p.PART_ID
        WHERE ii.INVOICE_ID = p_invoice_id
        ORDER BY ii.PART_ID
    ) LOOP
        l_data_to_sign := l_data_to_sign ||
                          TRIM(rec.PART_ID) || '|' ||
                          TRIM(rec.NAME) || '|' ||
                          TRIM(NVL(rec.MANUFACTURER,'')) || '|' ||
                          TRIM(rec.SERIAL) || '|' ||
                          TO_CHAR(rec.PRICE,'FM9999990.00') || ';';
    END LOOP;

    -- 3. Nối từng INVOICE_SERVICE vào CLOB
    FOR rec IN (
        SELECT isv.SERVICE_ID, s.NAME, isv.QUANTITY, isv.PRICE
        FROM APP.INVOICE_SERVICE isv
        JOIN APP.SERVICE s ON isv.SERVICE_ID = s.SERVICE_ID
        WHERE isv.INVOICE_ID = p_invoice_id
        ORDER BY isv.SERVICE_ID
    ) LOOP
        l_data_to_sign := l_data_to_sign ||
                          TRIM(rec.SERVICE_ID) || '|' ||
                          TRIM(rec.NAME) || '|' ||
                          TRIM(rec.QUANTITY) || '|' ||
                          TO_CHAR(rec.PRICE,'FM9999990.00') || ';';
    END LOOP;

    -- 4. Hash SHA-256
    l_hash_raw := DBMS_CRYPTO.HASH(UTL_RAW.CAST_TO_RAW(l_data_to_sign), DBMS_CRYPTO.HASH_SH256);
    l_hash_hex := RAWTOHEX(l_hash_raw);

    -- 5. Verify
    l_verified := CRYPTO.RSA_VERIFY(l_hash_hex, p_signature, p_public_key);

    IF l_verified THEN
        p_is_valid := 1;
    ELSE
        p_is_valid := 0;
    END IF;

EXCEPTION
    WHEN NO_DATA_FOUND THEN
        -- Không tìm thấy INVOICE, coi là không hợp lệ
        p_is_valid := 0;
    WHEN OTHERS THEN
        -- Lỗi khác, coi là không hợp lệ
        p_is_valid := 0;
END VERIFY_INVOICE_SIGNATURE;


/

  GRANT EXECUTE ON "APP"."VERIFY_INVOICE_SIGNATURE" TO "ROLE_ADMIN";
  GRANT EXECUTE ON "APP"."VERIFY_INVOICE_SIGNATURE" TO "ROLE_THUKHO";
  GRANT EXECUTE ON "APP"."VERIFY_INVOICE_SIGNATURE" TO "ROLE_TIEPTAN";
--------------------------------------------------------
--  DDL for Procedure VERIFY_STOCKIN_SIGNATURE
--------------------------------------------------------
set define off;

  CREATE OR REPLACE EDITIONABLE PROCEDURE "APP"."VERIFY_STOCKIN_SIGNATURE" (
    p_stockin_id   IN NUMBER,
    p_public_key   IN VARCHAR2,
    p_signature    IN CLOB,
    p_is_valid     OUT NUMBER
) AS
    l_data_to_sign  CLOB := EMPTY_CLOB();
    l_header        CLOB;
    l_hash_raw      RAW(32);
    l_hash_hex      VARCHAR2(64);
    l_verified      BOOLEAN;
BEGIN
    -- 1. Lấy header
    SELECT TRIM(s.STOCKIN_ID) || '|' ||
           TRIM(s.EMP_ID) || '|' ||
           TO_CHAR(s.IN_DATE,'YYYYMMDD') || '|' ||
           TRIM(NVL(s.NOTE,''))
    INTO l_header
    FROM APP.STOCK_IN s
    WHERE s.STOCKIN_ID = p_stockin_id;

    l_data_to_sign := l_header || '|';

    -- 2. Nối từng item vào CLOB
    FOR rec IN (
        SELECT STOCKIN_ITEM_ID, PART_NAME, MANUFACTURER, SERIAL, PRICE
        FROM APP.STOCK_IN_ITEM
        WHERE STOCKIN_ID = p_stockin_id
        ORDER BY STOCKIN_ITEM_ID
    ) LOOP
        l_data_to_sign := l_data_to_sign ||
                          TRIM(rec.STOCKIN_ITEM_ID) || '|' ||
                          TRIM(rec.PART_NAME) || '|' ||
                          TRIM(NVL(rec.MANUFACTURER,'')) || '|' ||
                          TRIM(rec.SERIAL) || '|' ||
                          TO_CHAR(rec.PRICE,'FM9999990.00') || ';';
    END LOOP;

    -- 3. Hash SHA-256
    l_hash_raw := DBMS_CRYPTO.HASH(UTL_RAW.CAST_TO_RAW(l_data_to_sign), DBMS_CRYPTO.HASH_SH256);
    l_hash_hex := RAWTOHEX(l_hash_raw);

    -- 4. Verify
    l_verified := CRYPTO.RSA_VERIFY(l_hash_hex, p_signature, p_public_key);

    IF l_verified THEN
        p_is_valid := 1;
    ELSE
        p_is_valid := 0;
    END IF;

EXCEPTION
    WHEN NO_DATA_FOUND THEN
        RAISE_APPLICATION_ERROR(-20001, 'Không tìm thấy phiếu nhập kho với ID: ' || p_stockin_id);
    WHEN OTHERS THEN
        RAISE;
END VERIFY_STOCKIN_SIGNATURE;

/

  GRANT EXECUTE ON "APP"."VERIFY_STOCKIN_SIGNATURE" TO "ROLE_ADMIN";
  GRANT EXECUTE ON "APP"."VERIFY_STOCKIN_SIGNATURE" TO "ROLE_THUKHO";
--------------------------------------------------------
--  DDL for Procedure VERIFY_STOCKOUT_SIGNATURE
--------------------------------------------------------
set define off;

  CREATE OR REPLACE EDITIONABLE PROCEDURE "APP"."VERIFY_STOCKOUT_SIGNATURE" (
    p_stockout_id   IN NUMBER,              -- ID của phiếu xuất kho
    p_public_key    IN VARCHAR2,            -- Public Key dùng để xác minh
    p_signature     IN CLOB,                -- Chữ ký cần xác minh
    p_is_valid      OUT NUMBER              -- Kết quả: 1 (Hợp lệ) hoặc 0 (Không hợp lệ)
) AS
    l_data_to_sign  CLOB := EMPTY_CLOB();
    l_header        CLOB;
    l_hash_raw      RAW(32);
    l_hash_hex      VARCHAR2(64);
    l_verified      BOOLEAN;
BEGIN
    -- 1. Lấy header
    SELECT TRIM(s.STOCKOUT_ID) || '|' ||
           TRIM(s.ORDER_ID) || '|' ||
           TRIM(s.EMP_ID) || '|' ||
           TO_CHAR(s.OUT_DATE,'YYYYMMDD') || '|' ||
           TRIM(NVL(s.NOTE,''))
    INTO l_header
    FROM APP.STOCK_OUT s
    WHERE s.STOCKOUT_ID = p_stockout_id;

    l_data_to_sign := l_header || '|';

    -- 2. Nối từng item từ PART vào CLOB
    FOR rec IN (
        SELECT p.PART_ID, p.NAME, p.MANUFACTURER, p.SERIAL, p.PRICE
        FROM APP.STOCK_OUT_ITEM soi
        JOIN APP.PART p ON soi.PART_ID = p.PART_ID
        WHERE soi.STOCKOUT_ID = p_stockout_id
        ORDER BY p.PART_ID
    ) LOOP
        l_data_to_sign := l_data_to_sign ||
                          TRIM(rec.PART_ID) || '|' ||
                          TRIM(rec.NAME) || '|' ||
                          TRIM(NVL(rec.MANUFACTURER,'')) || '|' ||
                          TRIM(rec.SERIAL) || '|' ||
                          TO_CHAR(rec.PRICE,'FM9999990.00') || ';';
    END LOOP;

    -- 3. Hash SHA-256
    l_hash_raw := DBMS_CRYPTO.HASH(UTL_RAW.CAST_TO_RAW(l_data_to_sign), DBMS_CRYPTO.HASH_SH256);
    l_hash_hex := RAWTOHEX(l_hash_raw);

    -- 4. Verify
    l_verified := CRYPTO.RSA_VERIFY(l_hash_hex, p_signature, p_public_key);

    IF l_verified THEN
        p_is_valid := 1;
    ELSE
        p_is_valid := 0;
    END IF;

EXCEPTION
    WHEN NO_DATA_FOUND THEN
        -- Không tìm thấy STOCK_OUT, coi là không hợp lệ
        p_is_valid := 0;
    WHEN OTHERS THEN
        -- Lỗi khác, coi là không hợp lệ
        p_is_valid := 0;
END VERIFY_STOCKOUT_SIGNATURE;

/

  GRANT EXECUTE ON "APP"."VERIFY_STOCKOUT_SIGNATURE" TO "ROLE_ADMIN";
  GRANT EXECUTE ON "APP"."VERIFY_STOCKOUT_SIGNATURE" TO "ROLE_THUKHO";
--------------------------------------------------------
--  DDL for Package APP_CTX_PKG
--------------------------------------------------------

  CREATE OR REPLACE EDITIONABLE PACKAGE "APP"."APP_CTX_PKG" AS
  PROCEDURE set_role(p_role_name IN VARCHAR2);
  PROCEDURE set_emp(p_emp_id IN NUMBER);
  PROCEDURE set_customer(p_customer_phone IN VARCHAR2);
  PROCEDURE set_username(P_username IN VARCHAR2);
END APP_CTX_PKG;

/

  GRANT EXECUTE ON "APP"."APP_CTX_PKG" TO PUBLIC;
--------------------------------------------------------
--  DDL for Package AUDIT_DML_PKG
--------------------------------------------------------

  CREATE OR REPLACE EDITIONABLE PACKAGE "APP"."AUDIT_DML_PKG" AS
  -- Log INSERT operation
  PROCEDURE log_insert(
    p_table_name   IN VARCHAR2,
    p_new_values   IN CLOB);

  -- Log UPDATE operation  
  PROCEDURE log_update(
    p_table_name   IN VARCHAR2,
    p_old_values   IN CLOB,
    p_new_values   IN CLOB,
    p_changed_cols IN VARCHAR2);

  -- Log DELETE operation
  PROCEDURE log_delete(
    p_table_name   IN VARCHAR2,
    p_old_values   IN CLOB);

  -- Helper: Convert rowid to JSON-like format (simplified)
  FUNCTION row_to_json(
    p_table_name IN VARCHAR2,
    p_rowid      IN ROWID) RETURN CLOB;
END audit_dml_pkg;

/
--------------------------------------------------------
--  DDL for Package CRYPTO
--------------------------------------------------------

  CREATE OR REPLACE EDITIONABLE PACKAGE "APP"."CRYPTO" AS 
FUNCTION RSA_ENCRYPT(PLAIN_TEXT VARCHAR2,PRIVATE_KEY VARCHAR2) RETURN VARCHAR2
AS
LANGUAGE JAVA NAME 'com/dishtavar/crypto4ora/RSAUtil.encrypt (java.lang.String,java.lang.String) return java.lang.String';


FUNCTION RSA_DECRYPT(ENCRYPTED_TEXT VARCHAR2,PUBLIC_KEY VARCHAR2) RETURN VARCHAR2
AS
LANGUAGE JAVA NAME 'com/dishtavar/crypto4ora/RSAUtil.decrypt (java.lang.String,java.lang.String) return java.lang.String';


FUNCTION RSA_SIGN(HASH_MESSAGE VARCHAR2,PUBLIC_KEY VARCHAR2) RETURN VARCHAR2
AS
LANGUAGE JAVA NAME 'com/dishtavar/crypto4ora/RSAUtil.sign (java.lang.String,java.lang.String) return java.lang.String';


FUNCTION RSA_VERIFY(PLAIN_HASH VARCHAR2,SIGNNED_HASH VARCHAR2,PRIVATE_KEY VARCHAR2) RETURN BOOLEAN
AS
LANGUAGE JAVA NAME 'com/dishtavar/crypto4ora/RSAUtil.verify (java.lang.String,java.lang.String,java.lang.String) return java.lang.Boolean';

FUNCTION RSA_GENERATE_KEYS(KEY_SIZE NUMBER) RETURN VARCHAR2
AS
LANGUAGE JAVA NAME 'com/dishtavar/crypto4ora/GenerateKey.generateRSAKeys (java.lang.Integer) return java.lang.String';

END CRYPTO;

/
--------------------------------------------------------
--  DDL for Package Body APP_CTX_PKG
--------------------------------------------------------

  CREATE OR REPLACE EDITIONABLE PACKAGE BODY "APP"."APP_CTX_PKG" AS

  PROCEDURE set_role(p_role_name IN VARCHAR2) IS
  BEGIN
    DBMS_SESSION.SET_CONTEXT('APP_CTX','ROLE_NAME', UPPER(p_role_name));
  END set_role;

  PROCEDURE set_emp(p_emp_id IN NUMBER) IS
  BEGIN
    DBMS_SESSION.SET_CONTEXT('APP_CTX','EMP_ID', TO_CHAR(p_emp_id));
  END set_emp;

  PROCEDURE set_customer(p_customer_phone IN VARCHAR2) IS
  BEGIN
    DBMS_SESSION.SET_CONTEXT('APP_CTX','CUSTOMER_PHONE', p_customer_phone);
  END set_customer;

  PROCEDURE set_username(p_username IN VARCHAR2) IS
  BEGIN
    DBMS_SESSION.SET_CONTEXT('APP_CTX','USERNAME', p_username);
  END set_username;

END APP_CTX_PKG;

/

  GRANT EXECUTE ON "APP"."APP_CTX_PKG" TO PUBLIC;
--------------------------------------------------------
--  DDL for Package Body AUDIT_DML_PKG
--------------------------------------------------------

  CREATE OR REPLACE EDITIONABLE PACKAGE BODY "APP"."AUDIT_DML_PKG" AS
  
  FUNCTION row_to_json(
    p_table_name IN VARCHAR2,
    p_rowid      IN ROWID) RETURN CLOB IS
    v_result CLOB;
    v_sql    VARCHAR2(4000);
    v_cursor SYS_REFCURSOR;
    v_col_name VARCHAR2(128);
    v_col_value VARCHAR2(4000);
    v_first BOOLEAN := TRUE;
  BEGIN
    -- This is a simplified version
    -- For production, you might want to use DBMS_XMLGEN or dynamic SQL
    -- to get actual column values
    RETURN '{"rowid":"' || p_rowid || '"}';
  END row_to_json;

  PROCEDURE log_insert(
    p_table_name   IN VARCHAR2,
    p_new_values   IN CLOB) IS
    v_role VARCHAR2(100) := NVL(SYS_CONTEXT('APP_CTX','ROLE_NAME'),'ROLE_UNKNOWN');
  BEGIN
    INSERT INTO audit_alert_log(
      db_user,
      os_user,
      machine,
      module,
      app_role,
      emp_id,
      customer_phone,
      object_schema,
      object_name,
      policy_name,
      client_identifier,
      dml_type,
      old_values,
      new_values,
      note)
    VALUES(
      SYS_CONTEXT('USERENV','SESSION_USER'),
      SYS_CONTEXT('USERENV','OS_USER'),
      SYS_CONTEXT('USERENV','HOST'),
      SYS_CONTEXT('USERENV','MODULE'),
      v_role,
      SYS_CONTEXT('APP_CTX','EMP_ID'),
      SYS_CONTEXT('APP_CTX','CUSTOMER_PHONE'),
      USER,
      p_table_name,
      'AUD_' || p_table_name || '_INSERT',
      SYS_CONTEXT('USERENV','CLIENT_IDENTIFIER'),
      'INSERT',
      NULL,
      p_new_values,
      'INSERT operation on ' || p_table_name);
  EXCEPTION
    WHEN OTHERS THEN
      DBMS_OUTPUT.PUT_LINE('AUDIT_DML_PKG.LOG_INSERT failed: ' || SQLERRM);
  END log_insert;

  PROCEDURE log_update(
    p_table_name   IN VARCHAR2,
    p_old_values   IN CLOB,
    p_new_values   IN CLOB,
    p_changed_cols IN VARCHAR2) IS
    v_role VARCHAR2(100) := NVL(SYS_CONTEXT('APP_CTX','ROLE_NAME'),'ROLE_UNKNOWN');
  BEGIN
    INSERT INTO audit_alert_log(
      db_user,
      os_user,
      machine,
      module,
      app_role,
      emp_id,
      customer_phone,
      object_schema,
      object_name,
      policy_name,
      client_identifier,
      dml_type,
      old_values,
      new_values,
      changed_columns,
      note)
    VALUES(
      SYS_CONTEXT('USERENV','SESSION_USER'),
      SYS_CONTEXT('USERENV','OS_USER'),
      SYS_CONTEXT('USERENV','HOST'),
      SYS_CONTEXT('USERENV','MODULE'),
      v_role,
      SYS_CONTEXT('APP_CTX','EMP_ID'),
      SYS_CONTEXT('APP_CTX','CUSTOMER_PHONE'),
      USER,
      p_table_name,
      'AUD_' || p_table_name || '_UPDATE',
      SYS_CONTEXT('USERENV','CLIENT_IDENTIFIER'),
      'UPDATE',
      p_old_values,
      p_new_values,
      p_changed_cols,
      'UPDATE operation on ' || p_table_name || ' - Changed: ' || p_changed_cols);
  EXCEPTION
    WHEN OTHERS THEN
      DBMS_OUTPUT.PUT_LINE('AUDIT_DML_PKG.LOG_UPDATE failed: ' || SQLERRM);
  END log_update;

  PROCEDURE log_delete(
    p_table_name   IN VARCHAR2,
    p_old_values   IN CLOB) IS
    v_role VARCHAR2(100) := NVL(SYS_CONTEXT('APP_CTX','ROLE_NAME'),'ROLE_UNKNOWN');
  BEGIN
    INSERT INTO audit_alert_log(
      db_user,
      os_user,
      machine,
      module,
      app_role,
      emp_id,
      customer_phone,
      object_schema,
      object_name,
      policy_name,
      client_identifier,
      dml_type,
      old_values,
      new_values,
      note)
    VALUES(
      SYS_CONTEXT('USERENV','SESSION_USER'),
      SYS_CONTEXT('USERENV','OS_USER'),
      SYS_CONTEXT('USERENV','HOST'),
      SYS_CONTEXT('USERENV','MODULE'),
      v_role,
      SYS_CONTEXT('APP_CTX','EMP_ID'),
      SYS_CONTEXT('APP_CTX','CUSTOMER_PHONE'),
      USER,
      p_table_name,
      'AUD_' || p_table_name || '_DELETE',
      SYS_CONTEXT('USERENV','CLIENT_IDENTIFIER'),
      'DELETE',
      p_old_values,
      NULL,
      'DELETE operation on ' || p_table_name);
  EXCEPTION
    WHEN OTHERS THEN
      DBMS_OUTPUT.PUT_LINE('AUDIT_DML_PKG.LOG_DELETE failed: ' || SQLERRM);
  END log_delete;

END audit_dml_pkg;

/
--------------------------------------------------------
--  DDL for Function APPOINTMENT_VPD_PREDICATE
--------------------------------------------------------

  CREATE OR REPLACE EDITIONABLE FUNCTION "APP"."APPOINTMENT_VPD_PREDICATE" (
  p_schema  IN VARCHAR2,
  p_object  IN VARCHAR2
) RETURN VARCHAR2
AS
  v_role VARCHAR2(100) := SYS_CONTEXT('APP_CTX','ROLE_NAME');
  v_cus  VARCHAR2(100) := SYS_CONTEXT('APP_CTX','CUSTOMER_PHONE');
BEGIN
  IF v_role IS NULL THEN
    RETURN '1=0';
  END IF;

  IF v_role IN ('ROLE_ADMIN','ROLE_TIEPTAN') THEN
    RETURN '1=1';
  END IF;

  IF v_role = 'ROLE_KHACHHANG' THEN
    IF v_cus IS NULL THEN
      RETURN '1=0';
    END IF;
    RETURN 'CUSTOMER_PHONE = ''' || REPLACE(v_cus,'''','''''') || '''';
  END IF;

  -- THUKHO, KITHUATVIEN and others: deny
  RETURN '1=0';
END;

/
--------------------------------------------------------
--  DDL for Function APPOINTMENT_VPD_PREDICATE_DEL
--------------------------------------------------------

  CREATE OR REPLACE EDITIONABLE FUNCTION "APP"."APPOINTMENT_VPD_PREDICATE_DEL" (
  p_schema  IN VARCHAR2,
  p_object  IN VARCHAR2
) RETURN VARCHAR2
AS
BEGIN
  RETURN '1=0';
END;

/
--------------------------------------------------------
--  DDL for Function CUSTOMER_VPD_PREDICATE
--------------------------------------------------------

  CREATE OR REPLACE EDITIONABLE FUNCTION "APP"."CUSTOMER_VPD_PREDICATE" (
  p_schema IN VARCHAR2,
  p_object IN VARCHAR2
) RETURN VARCHAR2
AS
  v_role  VARCHAR2(100) := SYS_CONTEXT('APP_CTX','ROLE_NAME');
  v_cus   VARCHAR2(100) := SYS_CONTEXT('APP_CTX','CUSTOMER_PHONE');
BEGIN
  -- ADMIN, TIEPTAN: xem full
  IF v_role IN ('ROLE_ADMIN', 'ROLE_TIEPTAN') THEN
    RETURN '1=1';
  END IF;

  -- THUKHO, KITHUATVIEN: không được xem
  IF v_role IN ('ROLE_THUKHO', 'ROLE_KITHUATVIEN') THEN
    RETURN '1=0';
  END IF;

  -- KHACHHANG: chỉ xem của cá nhân theo số điện thoại trong context
  IF v_role = 'ROLE_KHACHHANG' THEN
    -- Cột trên bảng CUSTOMER giả định là PHONE
    RETURN 'PHONE = ''' || REPLACE(v_cus,'''','''''') || '''';
  END IF;

  -- Mặc định: chặn
  RETURN '1=0';
END CUSTOMER_VPD_PREDICATE;

/
--------------------------------------------------------
--  DDL for Function EMPLOYEE_VPD_PREDICATE
--------------------------------------------------------

  CREATE OR REPLACE EDITIONABLE FUNCTION "APP"."EMPLOYEE_VPD_PREDICATE" (
  p_schema IN VARCHAR2,
  p_object IN VARCHAR2
) RETURN VARCHAR2
AS
  v_role     VARCHAR2(100) := SYS_CONTEXT('APP_CTX','ROLE_NAME');
  v_username VARCHAR2(100) := SYS_CONTEXT('APP_CTX','USERNAME');
BEGIN
  -- ADMIN, TIEPTAN: xem full
  IF v_role IN ('ROLE_ADMIN', 'ROLE_TIEPTAN') THEN
    RETURN '1=1';
  END IF;

  -- THUKHO, KITHUATVIEN: chỉ xem bản thân theo USERNAME
  IF v_role IN ('ROLE_THUKHO', 'ROLE_KITHUATVIEN') THEN
    IF v_username IS NULL THEN
      RETURN '1=0';
    END IF;
    -- Lọc theo cột USERNAME trong bảng EMPLOYEE
    RETURN 'UPPER(USERNAME) = ''' || UPPER(v_username) || '''';
  END IF;

  -- KHACHHANG hoặc role khác: không được xem
  -- Mặc định: chặn
  RETURN '1=0';
END EMPLOYEE_VPD_PREDICATE;

/
--------------------------------------------------------
--  DDL for Function GET_EMPLOYEE_ROLES_BY_USERNAME
--------------------------------------------------------

  CREATE OR REPLACE EDITIONABLE FUNCTION "APP"."GET_EMPLOYEE_ROLES_BY_USERNAME" (
    p_username IN VARCHAR2
)
RETURN VARCHAR2
AS
    -- Biến để chứa chuỗi các role
    v_roles_list VARCHAR2(4000); 
BEGIN
    -- Sử dụng DBA_ROLE_PRIVS để lấy tất cả các role được cấp cho user
    -- LISTAGG dùng để gộp các dòng thành một chuỗi duy nhất, phân tách bằng ', '
    SELECT LISTAGG(GRANTED_ROLE, ', ') WITHIN GROUP (ORDER BY GRANTED_ROLE)
    INTO v_roles_list
    FROM DBA_ROLE_PRIVS
    -- Tên người dùng trong DBA_ROLE_PRIVS luôn là chữ hoa
    WHERE GRANTEE = UPPER(p_username); 

    RETURN v_roles_list;

EXCEPTION
    -- Xử lý trường hợp không tìm thấy role nào (ví dụ: user không tồn tại hoặc chưa được gán role)
    WHEN NO_DATA_FOUND THEN
        RETURN NULL;
    -- Xử lý các lỗi khác (ví dụ: không có quyền SELECT trên DBA_ROLE_PRIVS)
    WHEN OTHERS THEN
        -- Tùy chọn: Ghi log lỗi tại đây
        RETURN NULL;
END GET_EMPLOYEE_ROLES_BY_USERNAME; -- ✅ ĐÃ SỬA: BỎ TIỀN TỐ APP.

/

  GRANT EXECUTE ON "APP"."GET_EMPLOYEE_ROLES_BY_USERNAME" TO "ROLE_ADMIN";
  GRANT EXECUTE ON "APP"."GET_EMPLOYEE_ROLES_BY_USERNAME" TO "ROLE_KITHUATVIEN";
  GRANT EXECUTE ON "APP"."GET_EMPLOYEE_ROLES_BY_USERNAME" TO "ROLE_TIEPTAN";
  GRANT EXECUTE ON "APP"."GET_EMPLOYEE_ROLES_BY_USERNAME" TO "ROLE_THUKHO";
--------------------------------------------------------
--  DDL for Function HASH_PASSWORD
--------------------------------------------------------

  CREATE OR REPLACE EDITIONABLE FUNCTION "APP"."HASH_PASSWORD" (p_password VARCHAR2) RETURN VARCHAR2 IS
    v_raw RAW(32);
BEGIN
    v_raw := DBMS_CRYPTO.HASH(
        UTL_I18N.STRING_TO_RAW(p_password, 'AL32UTF8'),
        DBMS_CRYPTO.HASH_SH256
    );
    RETURN RAWTOHEX(v_raw);
END;

/

  GRANT EXECUTE ON "APP"."HASH_PASSWORD" TO "ROLE_ADMIN";
  GRANT EXECUTE ON "APP"."HASH_PASSWORD" TO "ROLE_KITHUATVIEN";
  GRANT EXECUTE ON "APP"."HASH_PASSWORD" TO "ROLE_TIEPTAN";
  GRANT EXECUTE ON "APP"."HASH_PASSWORD" TO "ROLE_THUKHO";
--------------------------------------------------------
--  DDL for Function HASH_PASSWORD_20CHARS
--------------------------------------------------------

  CREATE OR REPLACE EDITIONABLE FUNCTION "APP"."HASH_PASSWORD_20CHARS" (p_password VARCHAR2) 
RETURN VARCHAR2
IS
    v_raw RAW(32);     -- SHA256 trả về 32 byte
    v_hex VARCHAR2(64); -- chuyển sang HEX, 64 ký tự
BEGIN
    -- 1. Tính SHA256
    v_raw := DBMS_CRYPTO.HASH(
                UTL_I18N.STRING_TO_RAW(p_password, 'AL32UTF8'),
                DBMS_CRYPTO.HASH_SH256
             );

    -- 2. RAW -> HEX
    v_hex := RAWTOHEX(v_raw); -- 64 ký tự HEX

    -- 3. Trả về 10 ký tự đầu + 10 ký tự cuối
    RETURN SUBSTR(v_hex, 1, 10) || SUBSTR(v_hex, -10);  
END HASH_PASSWORD_20CHARS;

/
--------------------------------------------------------
--  DDL for Function INVOICE_VPD_PREDICATE
--------------------------------------------------------

  CREATE OR REPLACE EDITIONABLE FUNCTION "APP"."INVOICE_VPD_PREDICATE" (
  p_schema IN VARCHAR2,
  p_object IN VARCHAR2
) RETURN VARCHAR2
AS
  v_role  VARCHAR2(100) := SYS_CONTEXT('APP_CTX','ROLE_NAME');
  v_cus   VARCHAR2(100) := SYS_CONTEXT('APP_CTX','CUSTOMER_PHONE');
BEGIN
  -- ADMIN, TIEPTAN, VERIFY: full
  IF v_role IN ('ROLE_ADMIN', 'ROLE_TIEPTAN', 'ROLE_VERIFY') THEN
    RETURN '1=1';
  END IF;

  -- Khách hàng: only own by phone
  IF v_role = 'ROLE_KHACHHANG' THEN
    RETURN 'CUSTOMER_PHONE = ''' || REPLACE(v_cus,'''','''''') || '''';
  END IF;

  -- THUKHO, KITHUATVIEN and others: deny
  RETURN '1=0';
END INVOICE_VPD_PREDICATE;

/
--------------------------------------------------------
--  DDL for Function ORDERS_VPD_PREDICATE
--------------------------------------------------------

  CREATE OR REPLACE EDITIONABLE FUNCTION "APP"."ORDERS_VPD_PREDICATE" (
  p_schema  IN VARCHAR2,
  p_object  IN VARCHAR2
) RETURN VARCHAR2
AS
  v_role VARCHAR2(100) := SYS_CONTEXT('APP_CTX','ROLE_NAME');
  v_emp  VARCHAR2(100) := SYS_CONTEXT('APP_CTX','EMP_ID');
  v_cus  VARCHAR2(100) := SYS_CONTEXT('APP_CTX','CUSTOMER_PHONE');
BEGIN
  IF v_role IS NULL THEN
    RETURN '1=0';
  END IF;

  IF v_role IN ('ROLE_ADMIN','ROLE_TIEPTAN') THEN
    RETURN '1=1';
  END IF;

  IF v_role = 'ROLE_KITHUATVIEN' THEN
    IF v_emp IS NULL THEN
      RETURN '1=0';
    END IF;
    RETURN 'HANDLER_EMP = ' || TO_NUMBER(v_emp);
  END IF;

  IF v_role = 'ROLE_KHACHHANG' THEN
    IF v_cus IS NULL THEN
      RETURN '1=0';
    END IF;
    RETURN 'CUSTOMER_PHONE = ''' || REPLACE(v_cus,'''','''''') || '''';
  END IF;

  IF v_role = 'ROLE_THUKHO' THEN
    RETURN '1=0';
  END IF;

  RETURN '1=0';
END;

/
--------------------------------------------------------
--  DDL for Function ORDERS_VPD_PREDICATE_DEL
--------------------------------------------------------

  CREATE OR REPLACE EDITIONABLE FUNCTION "APP"."ORDERS_VPD_PREDICATE_DEL" (
  p_schema  IN VARCHAR2,
  p_object  IN VARCHAR2
) RETURN VARCHAR2
AS
BEGIN
  RETURN '1=0';
END;

/
--------------------------------------------------------
--  DDL for Function PARTREQUEST_VPD_PREDICATE
--------------------------------------------------------

  CREATE OR REPLACE EDITIONABLE FUNCTION "APP"."PARTREQUEST_VPD_PREDICATE" (
  p_schema IN VARCHAR2,
  p_object IN VARCHAR2
) RETURN VARCHAR2
AS
  v_role   VARCHAR2(100) := SYS_CONTEXT('APP_CTX','ROLE_NAME');
  v_emp_id VARCHAR2(100) := SYS_CONTEXT('APP_CTX','EMP_ID');
BEGIN
  -- Admin, Thukho: full
  IF v_role IN ('ROLE_ADMIN','ROLE_THUKHO') THEN
    RETURN '1=1';
  END IF;

  -- Kithuatvien: own rows only
  IF v_role = 'ROLE_KITHUATVIEN' THEN
    RETURN 'REQUEST_EMP_ID = TO_NUMBER(''' || REPLACE(v_emp_id,'''','') || ''')';
  END IF;

  -- Tieptan, Khachhang, others: deny
  RETURN '1=0';
END PARTREQUEST_VPD_PREDICATE;

/
--------------------------------------------------------
--  DDL for Function PART_VPD_PREDICATE
--------------------------------------------------------

  CREATE OR REPLACE EDITIONABLE FUNCTION "APP"."PART_VPD_PREDICATE" (
  p_schema IN VARCHAR2,
  p_object IN VARCHAR2
) RETURN VARCHAR2
AS
  v_role  VARCHAR2(100) := SYS_CONTEXT('APP_CTX','ROLE_NAME');
BEGIN
  -- Admin, Thukho, Kithuatvien: full
  IF v_role IN ('ROLE_ADMIN','ROLE_THUKHO','ROLE_KITHUATVIEN') THEN
    RETURN '1=1';
  END IF;

  -- Others (Tieptan, Khachhang, etc.): deny
  RETURN '1=0';
END PART_VPD_PREDICATE;

/
--------------------------------------------------------
--  DDL for Function STOCK_VPD_PREDICATE
--------------------------------------------------------

  CREATE OR REPLACE EDITIONABLE FUNCTION "APP"."STOCK_VPD_PREDICATE" (
  p_schema IN VARCHAR2,
  p_object IN VARCHAR2
) RETURN VARCHAR2
AS
  v_role  VARCHAR2(100) := SYS_CONTEXT('APP_CTX','ROLE_NAME');
BEGIN
  -- ADMIN, THUKHO: xem full
  IF v_role IN ('ROLE_ADMIN', 'ROLE_THUKHO') THEN
    RETURN '1=1';
  END IF;

  -- TIEPTAN, KITHUATVIEN, KHACHHANG: không được xem
  RETURN '1=0';
END STOCK_VPD_PREDICATE;

/
--------------------------------------------------------
--  Constraints for Table INVOICE
--------------------------------------------------------

  ALTER TABLE "APP"."INVOICE" MODIFY ("STOCKOUT_ID" NOT NULL ENABLE);
  ALTER TABLE "APP"."INVOICE" MODIFY ("CUSTOMER_PHONE" NOT NULL ENABLE);
  ALTER TABLE "APP"."INVOICE" MODIFY ("EMP_ID" NOT NULL ENABLE);
  ALTER TABLE "APP"."INVOICE" ADD PRIMARY KEY ("INVOICE_ID")
  USING INDEX PCTFREE 10 INITRANS 2 MAXTRANS 255 COMPUTE STATISTICS 
  STORAGE(INITIAL 65536 NEXT 1048576 MINEXTENTS 1 MAXEXTENTS 2147483645
  PCTINCREASE 0 FREELISTS 1 FREELIST GROUPS 1
  BUFFER_POOL DEFAULT FLASH_CACHE DEFAULT CELL_FLASH_CACHE DEFAULT)
  TABLESPACE "USERS"  ENABLE;
--------------------------------------------------------
--  Constraints for Table ORDER_SERVICE
--------------------------------------------------------

  ALTER TABLE "APP"."ORDER_SERVICE" MODIFY ("ORDER_ID" NOT NULL ENABLE);
  ALTER TABLE "APP"."ORDER_SERVICE" MODIFY ("SERVICE_ID" NOT NULL ENABLE);
  ALTER TABLE "APP"."ORDER_SERVICE" MODIFY ("PRICE" NOT NULL ENABLE);
  ALTER TABLE "APP"."ORDER_SERVICE" ADD CONSTRAINT "PK_ORDERSERVICE" PRIMARY KEY ("ORDER_ID", "SERVICE_ID")
  USING INDEX PCTFREE 10 INITRANS 2 MAXTRANS 255 COMPUTE STATISTICS 
  STORAGE(INITIAL 65536 NEXT 1048576 MINEXTENTS 1 MAXEXTENTS 2147483645
  PCTINCREASE 0 FREELISTS 1 FREELIST GROUPS 1
  BUFFER_POOL DEFAULT FLASH_CACHE DEFAULT CELL_FLASH_CACHE DEFAULT)
  TABLESPACE "USERS"  ENABLE;
--------------------------------------------------------
--  Constraints for Table AUDIT_ALERT_LOG
--------------------------------------------------------

  ALTER TABLE "APP"."AUDIT_ALERT_LOG" MODIFY ("LOG_ID" NOT NULL ENABLE);
  ALTER TABLE "APP"."AUDIT_ALERT_LOG" MODIFY ("EVENT_TS" NOT NULL ENABLE);
--------------------------------------------------------
--  Constraints for Table EMPLOYEE_SHIFT
--------------------------------------------------------

  ALTER TABLE "APP"."EMPLOYEE_SHIFT" MODIFY ("EMP_ID" NOT NULL ENABLE);
  ALTER TABLE "APP"."EMPLOYEE_SHIFT" MODIFY ("SHIFT_DATE" NOT NULL ENABLE);
  ALTER TABLE "APP"."EMPLOYEE_SHIFT" MODIFY ("START_TIME" NOT NULL ENABLE);
  ALTER TABLE "APP"."EMPLOYEE_SHIFT" MODIFY ("END_TIME" NOT NULL ENABLE);
  ALTER TABLE "APP"."EMPLOYEE_SHIFT" ADD PRIMARY KEY ("SHIFT_ID")
  USING INDEX PCTFREE 10 INITRANS 2 MAXTRANS 255 COMPUTE STATISTICS 
  TABLESPACE "USERS"  ENABLE;
--------------------------------------------------------
--  Constraints for Table SERVICE
--------------------------------------------------------

  ALTER TABLE "APP"."SERVICE" MODIFY ("SERVICE_ID" NOT NULL ENABLE);
  ALTER TABLE "APP"."SERVICE" MODIFY ("NAME" NOT NULL ENABLE);
  ALTER TABLE "APP"."SERVICE" MODIFY ("PRICE" NOT NULL ENABLE);
  ALTER TABLE "APP"."SERVICE" ADD PRIMARY KEY ("SERVICE_ID")
  USING INDEX PCTFREE 10 INITRANS 2 MAXTRANS 255 COMPUTE STATISTICS 
  STORAGE(INITIAL 65536 NEXT 1048576 MINEXTENTS 1 MAXEXTENTS 2147483645
  PCTINCREASE 0 FREELISTS 1 FREELIST GROUPS 1
  BUFFER_POOL DEFAULT FLASH_CACHE DEFAULT CELL_FLASH_CACHE DEFAULT)
  TABLESPACE "USERS"  ENABLE;
--------------------------------------------------------
--  Constraints for Table INVOICE_SERVICE
--------------------------------------------------------

  ALTER TABLE "APP"."INVOICE_SERVICE" MODIFY ("INVOICE_ID" NOT NULL ENABLE);
  ALTER TABLE "APP"."INVOICE_SERVICE" MODIFY ("SERVICE_ID" NOT NULL ENABLE);
  ALTER TABLE "APP"."INVOICE_SERVICE" MODIFY ("PRICE" NOT NULL ENABLE);
  ALTER TABLE "APP"."INVOICE_SERVICE" ADD CONSTRAINT "PK_INVOICESERVICE" PRIMARY KEY ("INVOICE_ID", "SERVICE_ID")
  USING INDEX PCTFREE 10 INITRANS 2 MAXTRANS 255 COMPUTE STATISTICS 
  STORAGE(INITIAL 65536 NEXT 1048576 MINEXTENTS 1 MAXEXTENTS 2147483645
  PCTINCREASE 0 FREELISTS 1 FREELIST GROUPS 1
  BUFFER_POOL DEFAULT FLASH_CACHE DEFAULT CELL_FLASH_CACHE DEFAULT)
  TABLESPACE "USERS"  ENABLE;
--------------------------------------------------------
--  Constraints for Table STOCK_IN_ITEM
--------------------------------------------------------

  ALTER TABLE "APP"."STOCK_IN_ITEM" MODIFY ("STOCKIN_ID" NOT NULL ENABLE);
  ALTER TABLE "APP"."STOCK_IN_ITEM" MODIFY ("PART_NAME" NOT NULL ENABLE);
  ALTER TABLE "APP"."STOCK_IN_ITEM" MODIFY ("SERIAL" NOT NULL ENABLE);
  ALTER TABLE "APP"."STOCK_IN_ITEM" ADD PRIMARY KEY ("STOCKIN_ITEM_ID")
  USING INDEX PCTFREE 10 INITRANS 2 MAXTRANS 255 COMPUTE STATISTICS 
  STORAGE(INITIAL 65536 NEXT 1048576 MINEXTENTS 1 MAXEXTENTS 2147483645
  PCTINCREASE 0 FREELISTS 1 FREELIST GROUPS 1
  BUFFER_POOL DEFAULT FLASH_CACHE DEFAULT CELL_FLASH_CACHE DEFAULT)
  TABLESPACE "USERS"  ENABLE;
  ALTER TABLE "APP"."STOCK_IN_ITEM" ADD UNIQUE ("SERIAL")
  USING INDEX PCTFREE 10 INITRANS 2 MAXTRANS 255 COMPUTE STATISTICS 
  STORAGE(INITIAL 65536 NEXT 1048576 MINEXTENTS 1 MAXEXTENTS 2147483645
  PCTINCREASE 0 FREELISTS 1 FREELIST GROUPS 1
  BUFFER_POOL DEFAULT FLASH_CACHE DEFAULT CELL_FLASH_CACHE DEFAULT)
  TABLESPACE "USERS"  ENABLE;
--------------------------------------------------------
--  Constraints for Table USER_OTP_LOG
--------------------------------------------------------

  ALTER TABLE "APP"."USER_OTP_LOG" MODIFY ("ID" NOT NULL ENABLE);
  ALTER TABLE "APP"."USER_OTP_LOG" MODIFY ("USER_ID" NOT NULL ENABLE);
  ALTER TABLE "APP"."USER_OTP_LOG" MODIFY ("USERNAME" NOT NULL ENABLE);
  ALTER TABLE "APP"."USER_OTP_LOG" MODIFY ("OTP" NOT NULL ENABLE);
  ALTER TABLE "APP"."USER_OTP_LOG" ADD PRIMARY KEY ("ID")
  USING INDEX PCTFREE 10 INITRANS 2 MAXTRANS 255 COMPUTE STATISTICS 
  TABLESPACE "USERS"  ENABLE;
--------------------------------------------------------
--  Constraints for Table PART
--------------------------------------------------------

  ALTER TABLE "APP"."PART" MODIFY ("NAME" NOT NULL ENABLE);
  ALTER TABLE "APP"."PART" MODIFY ("SERIAL" NOT NULL ENABLE);
  ALTER TABLE "APP"."PART" MODIFY ("STATUS" NOT NULL ENABLE);
  ALTER TABLE "APP"."PART" MODIFY ("STOCK_IN_ID" NOT NULL ENABLE);
  ALTER TABLE "APP"."PART" ADD PRIMARY KEY ("PART_ID")
  USING INDEX PCTFREE 10 INITRANS 2 MAXTRANS 255 COMPUTE STATISTICS 
  STORAGE(INITIAL 65536 NEXT 1048576 MINEXTENTS 1 MAXEXTENTS 2147483645
  PCTINCREASE 0 FREELISTS 1 FREELIST GROUPS 1
  BUFFER_POOL DEFAULT FLASH_CACHE DEFAULT CELL_FLASH_CACHE DEFAULT)
  TABLESPACE "USERS"  ENABLE;
  ALTER TABLE "APP"."PART" ADD UNIQUE ("SERIAL")
  USING INDEX PCTFREE 10 INITRANS 2 MAXTRANS 255 COMPUTE STATISTICS 
  STORAGE(INITIAL 65536 NEXT 1048576 MINEXTENTS 1 MAXEXTENTS 2147483645
  PCTINCREASE 0 FREELISTS 1 FREELIST GROUPS 1
  BUFFER_POOL DEFAULT FLASH_CACHE DEFAULT CELL_FLASH_CACHE DEFAULT)
  TABLESPACE "USERS"  ENABLE;
--------------------------------------------------------
--  Constraints for Table CUSTOMER
--------------------------------------------------------

  ALTER TABLE "APP"."CUSTOMER" MODIFY ("FULL_NAME" NOT NULL ENABLE);
  ALTER TABLE "APP"."CUSTOMER" ADD PRIMARY KEY ("PHONE")
  USING INDEX PCTFREE 10 INITRANS 2 MAXTRANS 255 COMPUTE STATISTICS 
  STORAGE(INITIAL 65536 NEXT 1048576 MINEXTENTS 1 MAXEXTENTS 2147483645
  PCTINCREASE 0 FREELISTS 1 FREELIST GROUPS 1
  BUFFER_POOL DEFAULT FLASH_CACHE DEFAULT CELL_FLASH_CACHE DEFAULT)
  TABLESPACE "USERS"  ENABLE;
--------------------------------------------------------
--  Constraints for Table PART_REQUEST_ITEM
--------------------------------------------------------

  ALTER TABLE "APP"."PART_REQUEST_ITEM" MODIFY ("REQUEST_ID" NOT NULL ENABLE);
  ALTER TABLE "APP"."PART_REQUEST_ITEM" MODIFY ("PART_ID" NOT NULL ENABLE);
  ALTER TABLE "APP"."PART_REQUEST_ITEM" ADD CONSTRAINT "PK_PARTREQUESTITEM" PRIMARY KEY ("REQUEST_ID", "PART_ID")
  USING INDEX PCTFREE 10 INITRANS 2 MAXTRANS 255 COMPUTE STATISTICS 
  STORAGE(INITIAL 65536 NEXT 1048576 MINEXTENTS 1 MAXEXTENTS 2147483645
  PCTINCREASE 0 FREELISTS 1 FREELIST GROUPS 1
  BUFFER_POOL DEFAULT FLASH_CACHE DEFAULT CELL_FLASH_CACHE DEFAULT)
  TABLESPACE "USERS"  ENABLE;
--------------------------------------------------------
--  Constraints for Table STOCK_IN
--------------------------------------------------------

  ALTER TABLE "APP"."STOCK_IN" MODIFY ("EMP_ID" NOT NULL ENABLE);
  ALTER TABLE "APP"."STOCK_IN" MODIFY ("IN_DATE" NOT NULL ENABLE);
  ALTER TABLE "APP"."STOCK_IN" ADD PRIMARY KEY ("STOCKIN_ID")
  USING INDEX PCTFREE 10 INITRANS 2 MAXTRANS 255 COMPUTE STATISTICS 
  STORAGE(INITIAL 65536 NEXT 1048576 MINEXTENTS 1 MAXEXTENTS 2147483645
  PCTINCREASE 0 FREELISTS 1 FREELIST GROUPS 1
  BUFFER_POOL DEFAULT FLASH_CACHE DEFAULT CELL_FLASH_CACHE DEFAULT)
  TABLESPACE "USERS"  ENABLE;
--------------------------------------------------------
--  Constraints for Table INVOICE_ITEM
--------------------------------------------------------

  ALTER TABLE "APP"."INVOICE_ITEM" ADD CONSTRAINT "PK_INVOICEITEM" PRIMARY KEY ("INVOICE_ID", "STOCKOUT_ID", "PART_ID")
  USING INDEX PCTFREE 10 INITRANS 2 MAXTRANS 255 COMPUTE STATISTICS 
  STORAGE(INITIAL 65536 NEXT 1048576 MINEXTENTS 1 MAXEXTENTS 2147483645
  PCTINCREASE 0 FREELISTS 1 FREELIST GROUPS 1
  BUFFER_POOL DEFAULT FLASH_CACHE DEFAULT CELL_FLASH_CACHE DEFAULT)
  TABLESPACE "USERS"  ENABLE;
  ALTER TABLE "APP"."INVOICE_ITEM" ADD CONSTRAINT "UK_INVOICEITEM_STOCKOUT_PART" UNIQUE ("STOCKOUT_ID", "PART_ID")
  USING INDEX PCTFREE 10 INITRANS 2 MAXTRANS 255 COMPUTE STATISTICS 
  STORAGE(INITIAL 65536 NEXT 1048576 MINEXTENTS 1 MAXEXTENTS 2147483645
  PCTINCREASE 0 FREELISTS 1 FREELIST GROUPS 1
  BUFFER_POOL DEFAULT FLASH_CACHE DEFAULT CELL_FLASH_CACHE DEFAULT)
  TABLESPACE "USERS"  ENABLE;
  ALTER TABLE "APP"."INVOICE_ITEM" MODIFY ("INVOICE_ID" NOT NULL ENABLE);
  ALTER TABLE "APP"."INVOICE_ITEM" MODIFY ("STOCKOUT_ID" NOT NULL ENABLE);
  ALTER TABLE "APP"."INVOICE_ITEM" MODIFY ("PART_ID" NOT NULL ENABLE);
  ALTER TABLE "APP"."INVOICE_ITEM" MODIFY ("PRICE" NOT NULL ENABLE);
--------------------------------------------------------
--  Constraints for Table ORDERS
--------------------------------------------------------

  ALTER TABLE "APP"."ORDERS" MODIFY ("CUSTOMER_PHONE" NOT NULL ENABLE);
  ALTER TABLE "APP"."ORDERS" MODIFY ("RECEIVER_EMP" NOT NULL ENABLE);
  ALTER TABLE "APP"."ORDERS" MODIFY ("HANDLER_EMP" NOT NULL ENABLE);
  ALTER TABLE "APP"."ORDERS" MODIFY ("ORDER_TYPE" NOT NULL ENABLE);
  ALTER TABLE "APP"."ORDERS" MODIFY ("RECEIVED_DATE" NOT NULL ENABLE);
  ALTER TABLE "APP"."ORDERS" MODIFY ("STATUS" NOT NULL ENABLE);
  ALTER TABLE "APP"."ORDERS" ADD PRIMARY KEY ("ORDER_ID")
  USING INDEX PCTFREE 10 INITRANS 2 MAXTRANS 255 COMPUTE STATISTICS 
  STORAGE(INITIAL 65536 NEXT 1048576 MINEXTENTS 1 MAXEXTENTS 2147483645
  PCTINCREASE 0 FREELISTS 1 FREELIST GROUPS 1
  BUFFER_POOL DEFAULT FLASH_CACHE DEFAULT CELL_FLASH_CACHE DEFAULT)
  TABLESPACE "USERS"  ENABLE;
--------------------------------------------------------
--  Constraints for Table A
--------------------------------------------------------

  ALTER TABLE "APP"."A" ADD PRIMARY KEY ("ID")
  USING INDEX PCTFREE 10 INITRANS 2 MAXTRANS 255 COMPUTE STATISTICS 
  STORAGE(INITIAL 65536 NEXT 1048576 MINEXTENTS 1 MAXEXTENTS 2147483645
  PCTINCREASE 0 FREELISTS 1 FREELIST GROUPS 1
  BUFFER_POOL DEFAULT FLASH_CACHE DEFAULT CELL_FLASH_CACHE DEFAULT)
  TABLESPACE "USERS"  ENABLE;
--------------------------------------------------------
--  Constraints for Table STOCK_OUT_ITEM
--------------------------------------------------------

  ALTER TABLE "APP"."STOCK_OUT_ITEM" MODIFY ("STOCKOUT_ID" NOT NULL ENABLE);
  ALTER TABLE "APP"."STOCK_OUT_ITEM" MODIFY ("PART_ID" NOT NULL ENABLE);
  ALTER TABLE "APP"."STOCK_OUT_ITEM" ADD CONSTRAINT "PK_STOCKOUTITEM" PRIMARY KEY ("STOCKOUT_ID", "PART_ID")
  USING INDEX PCTFREE 10 INITRANS 2 MAXTRANS 255 COMPUTE STATISTICS 
  STORAGE(INITIAL 65536 NEXT 1048576 MINEXTENTS 1 MAXEXTENTS 2147483645
  PCTINCREASE 0 FREELISTS 1 FREELIST GROUPS 1
  BUFFER_POOL DEFAULT FLASH_CACHE DEFAULT CELL_FLASH_CACHE DEFAULT)
  TABLESPACE "USERS"  ENABLE;
--------------------------------------------------------
--  Constraints for Table CUSTOMER_APPOINTMENT
--------------------------------------------------------

  ALTER TABLE "APP"."CUSTOMER_APPOINTMENT" MODIFY ("CUSTOMER_PHONE" NOT NULL ENABLE);
  ALTER TABLE "APP"."CUSTOMER_APPOINTMENT" MODIFY ("APPOINTMENT_DATE" NOT NULL ENABLE);
  ALTER TABLE "APP"."CUSTOMER_APPOINTMENT" ADD PRIMARY KEY ("APPOINTMENT_ID")
  USING INDEX PCTFREE 10 INITRANS 2 MAXTRANS 255 COMPUTE STATISTICS 
  STORAGE(INITIAL 65536 NEXT 1048576 MINEXTENTS 1 MAXEXTENTS 2147483645
  PCTINCREASE 0 FREELISTS 1 FREELIST GROUPS 1
  BUFFER_POOL DEFAULT FLASH_CACHE DEFAULT CELL_FLASH_CACHE DEFAULT)
  TABLESPACE "USERS"  ENABLE;
--------------------------------------------------------
--  Constraints for Table PART_REQUEST
--------------------------------------------------------

  ALTER TABLE "APP"."PART_REQUEST" MODIFY ("ORDER_ID" NOT NULL ENABLE);
  ALTER TABLE "APP"."PART_REQUEST" MODIFY ("EMP_ID" NOT NULL ENABLE);
  ALTER TABLE "APP"."PART_REQUEST" MODIFY ("REQUEST_DATE" NOT NULL ENABLE);
  ALTER TABLE "APP"."PART_REQUEST" MODIFY ("STATUS" NOT NULL ENABLE);
  ALTER TABLE "APP"."PART_REQUEST" ADD PRIMARY KEY ("REQUEST_ID")
  USING INDEX PCTFREE 10 INITRANS 2 MAXTRANS 255 COMPUTE STATISTICS 
  STORAGE(INITIAL 65536 NEXT 1048576 MINEXTENTS 1 MAXEXTENTS 2147483645
  PCTINCREASE 0 FREELISTS 1 FREELIST GROUPS 1
  BUFFER_POOL DEFAULT FLASH_CACHE DEFAULT CELL_FLASH_CACHE DEFAULT)
  TABLESPACE "USERS"  ENABLE;
--------------------------------------------------------
--  Constraints for Table STOCK_OUT
--------------------------------------------------------

  ALTER TABLE "APP"."STOCK_OUT" MODIFY ("ORDER_ID" NOT NULL ENABLE);
  ALTER TABLE "APP"."STOCK_OUT" MODIFY ("EMP_ID" NOT NULL ENABLE);
  ALTER TABLE "APP"."STOCK_OUT" MODIFY ("OUT_DATE" NOT NULL ENABLE);
  ALTER TABLE "APP"."STOCK_OUT" ADD PRIMARY KEY ("STOCKOUT_ID")
  USING INDEX PCTFREE 10 INITRANS 2 MAXTRANS 255 COMPUTE STATISTICS 
  STORAGE(INITIAL 65536 NEXT 1048576 MINEXTENTS 1 MAXEXTENTS 2147483645
  PCTINCREASE 0 FREELISTS 1 FREELIST GROUPS 1
  BUFFER_POOL DEFAULT FLASH_CACHE DEFAULT CELL_FLASH_CACHE DEFAULT)
  TABLESPACE "USERS"  ENABLE;
--------------------------------------------------------
--  Constraints for Table EMPLOYEE
--------------------------------------------------------

  ALTER TABLE "APP"."EMPLOYEE" MODIFY ("EMP_ID" NOT NULL ENABLE);
  ALTER TABLE "APP"."EMPLOYEE" MODIFY ("FULL_NAME" NOT NULL ENABLE);
  ALTER TABLE "APP"."EMPLOYEE" MODIFY ("USERNAME" NOT NULL ENABLE);
  ALTER TABLE "APP"."EMPLOYEE" MODIFY ("PASSWORD_HASH" NOT NULL ENABLE);
  ALTER TABLE "APP"."EMPLOYEE" MODIFY ("EMAIL" NOT NULL ENABLE);
  ALTER TABLE "APP"."EMPLOYEE" MODIFY ("PHONE" NOT NULL ENABLE);
  ALTER TABLE "APP"."EMPLOYEE" ADD PRIMARY KEY ("EMP_ID")
  USING INDEX PCTFREE 10 INITRANS 2 MAXTRANS 255 COMPUTE STATISTICS 
  STORAGE(INITIAL 65536 NEXT 1048576 MINEXTENTS 1 MAXEXTENTS 2147483645
  PCTINCREASE 0 FREELISTS 1 FREELIST GROUPS 1
  BUFFER_POOL DEFAULT FLASH_CACHE DEFAULT CELL_FLASH_CACHE DEFAULT)
  TABLESPACE "USERS"  ENABLE;
  ALTER TABLE "APP"."EMPLOYEE" ADD UNIQUE ("USERNAME")
  USING INDEX PCTFREE 10 INITRANS 2 MAXTRANS 255 COMPUTE STATISTICS 
  STORAGE(INITIAL 65536 NEXT 1048576 MINEXTENTS 1 MAXEXTENTS 2147483645
  PCTINCREASE 0 FREELISTS 1 FREELIST GROUPS 1
  BUFFER_POOL DEFAULT FLASH_CACHE DEFAULT CELL_FLASH_CACHE DEFAULT)
  TABLESPACE "USERS"  ENABLE;
  ALTER TABLE "APP"."EMPLOYEE" ADD UNIQUE ("EMAIL")
  USING INDEX PCTFREE 10 INITRANS 2 MAXTRANS 255 COMPUTE STATISTICS 
  STORAGE(INITIAL 65536 NEXT 1048576 MINEXTENTS 1 MAXEXTENTS 2147483645
  PCTINCREASE 0 FREELISTS 1 FREELIST GROUPS 1
  BUFFER_POOL DEFAULT FLASH_CACHE DEFAULT CELL_FLASH_CACHE DEFAULT)
  TABLESPACE "USERS"  ENABLE;
  ALTER TABLE "APP"."EMPLOYEE" ADD UNIQUE ("PHONE")
  USING INDEX PCTFREE 10 INITRANS 2 MAXTRANS 255 COMPUTE STATISTICS 
  STORAGE(INITIAL 65536 NEXT 1048576 MINEXTENTS 1 MAXEXTENTS 2147483645
  PCTINCREASE 0 FREELISTS 1 FREELIST GROUPS 1
  BUFFER_POOL DEFAULT FLASH_CACHE DEFAULT CELL_FLASH_CACHE DEFAULT)
  TABLESPACE "USERS"  ENABLE;
--------------------------------------------------------
--  Ref Constraints for Table CUSTOMER_APPOINTMENT
--------------------------------------------------------

  ALTER TABLE "APP"."CUSTOMER_APPOINTMENT" ADD CONSTRAINT "FK_APPOINTMENT_CUSTOMER" FOREIGN KEY ("CUSTOMER_PHONE")
	  REFERENCES "APP"."CUSTOMER" ("PHONE") ENABLE;
--------------------------------------------------------
--  Ref Constraints for Table EMPLOYEE_SHIFT
--------------------------------------------------------

  ALTER TABLE "APP"."EMPLOYEE_SHIFT" ADD CONSTRAINT "FK_SHIFT_EMPLOYEE" FOREIGN KEY ("EMP_ID")
	  REFERENCES "APP"."EMPLOYEE" ("EMP_ID") ENABLE;
--------------------------------------------------------
--  Ref Constraints for Table INVOICE
--------------------------------------------------------

  ALTER TABLE "APP"."INVOICE" ADD CONSTRAINT "FK_INVOICE_STOCKOUT" FOREIGN KEY ("STOCKOUT_ID")
	  REFERENCES "APP"."STOCK_OUT" ("STOCKOUT_ID") ENABLE;
  ALTER TABLE "APP"."INVOICE" ADD CONSTRAINT "FK_INVOICE_CUSTOMER" FOREIGN KEY ("CUSTOMER_PHONE")
	  REFERENCES "APP"."CUSTOMER" ("PHONE") ENABLE;
  ALTER TABLE "APP"."INVOICE" ADD CONSTRAINT "FK_INVOICE_EMPLOYEE" FOREIGN KEY ("EMP_ID")
	  REFERENCES "APP"."EMPLOYEE" ("EMP_ID") ENABLE;
--------------------------------------------------------
--  Ref Constraints for Table INVOICE_ITEM
--------------------------------------------------------

  ALTER TABLE "APP"."INVOICE_ITEM" ADD CONSTRAINT "FK_INVOICEITEM_INVOICE" FOREIGN KEY ("INVOICE_ID")
	  REFERENCES "APP"."INVOICE" ("INVOICE_ID") ENABLE;
  ALTER TABLE "APP"."INVOICE_ITEM" ADD CONSTRAINT "FK_INVOICEITEM_STOCKOUTITEM" FOREIGN KEY ("STOCKOUT_ID", "PART_ID")
	  REFERENCES "APP"."STOCK_OUT_ITEM" ("STOCKOUT_ID", "PART_ID") ENABLE;
--------------------------------------------------------
--  Ref Constraints for Table INVOICE_SERVICE
--------------------------------------------------------

  ALTER TABLE "APP"."INVOICE_SERVICE" ADD CONSTRAINT "FK_INVOICESERVICE_INVOICE" FOREIGN KEY ("INVOICE_ID")
	  REFERENCES "APP"."INVOICE" ("INVOICE_ID") ENABLE;
  ALTER TABLE "APP"."INVOICE_SERVICE" ADD CONSTRAINT "FK_INVOICESERVICE_SERVICE" FOREIGN KEY ("SERVICE_ID")
	  REFERENCES "APP"."SERVICE" ("SERVICE_ID") ENABLE;
--------------------------------------------------------
--  Ref Constraints for Table ORDERS
--------------------------------------------------------

  ALTER TABLE "APP"."ORDERS" ADD CONSTRAINT "FK_ORDER_CUSTOMER" FOREIGN KEY ("CUSTOMER_PHONE")
	  REFERENCES "APP"."CUSTOMER" ("PHONE") ENABLE;
  ALTER TABLE "APP"."ORDERS" ADD CONSTRAINT "FK_ORDER_EMPLOYEE" FOREIGN KEY ("RECEIVER_EMP")
	  REFERENCES "APP"."EMPLOYEE" ("EMP_ID") ENABLE;
  ALTER TABLE "APP"."ORDERS" ADD CONSTRAINT "FK_ORDER_HANDLEEMPLOYEE" FOREIGN KEY ("HANDLER_EMP")
	  REFERENCES "APP"."EMPLOYEE" ("EMP_ID") ENABLE;
--------------------------------------------------------
--  Ref Constraints for Table ORDER_SERVICE
--------------------------------------------------------

  ALTER TABLE "APP"."ORDER_SERVICE" ADD CONSTRAINT "FK_ORDERSERVICE_ORDER" FOREIGN KEY ("ORDER_ID")
	  REFERENCES "APP"."ORDERS" ("ORDER_ID") ENABLE;
  ALTER TABLE "APP"."ORDER_SERVICE" ADD CONSTRAINT "FK_ORDERSERVICE_SERVICE" FOREIGN KEY ("SERVICE_ID")
	  REFERENCES "APP"."SERVICE" ("SERVICE_ID") ENABLE;
--------------------------------------------------------
--  Ref Constraints for Table PART
--------------------------------------------------------

  ALTER TABLE "APP"."PART" ADD CONSTRAINT "FK_PART_STOCKINITEM" FOREIGN KEY ("STOCK_IN_ID")
	  REFERENCES "APP"."STOCK_IN" ("STOCKIN_ID") ENABLE;
  ALTER TABLE "APP"."PART" ADD CONSTRAINT "FK_PART_ORDER" FOREIGN KEY ("ORDER_ID")
	  REFERENCES "APP"."ORDERS" ("ORDER_ID") ENABLE;
--------------------------------------------------------
--  Ref Constraints for Table PART_REQUEST
--------------------------------------------------------

  ALTER TABLE "APP"."PART_REQUEST" ADD CONSTRAINT "FK_PARTREQUEST_ORDER" FOREIGN KEY ("ORDER_ID")
	  REFERENCES "APP"."ORDERS" ("ORDER_ID") ENABLE;
  ALTER TABLE "APP"."PART_REQUEST" ADD CONSTRAINT "FK_PARTREQUEST_EMPLOYEE" FOREIGN KEY ("EMP_ID")
	  REFERENCES "APP"."EMPLOYEE" ("EMP_ID") ENABLE;
--------------------------------------------------------
--  Ref Constraints for Table PART_REQUEST_ITEM
--------------------------------------------------------

  ALTER TABLE "APP"."PART_REQUEST_ITEM" ADD CONSTRAINT "FK_PARTREQUESTITEM_REQUEST" FOREIGN KEY ("REQUEST_ID")
	  REFERENCES "APP"."PART_REQUEST" ("REQUEST_ID") ENABLE;
  ALTER TABLE "APP"."PART_REQUEST_ITEM" ADD CONSTRAINT "FK_PARTREQUESTITEM_PART" FOREIGN KEY ("PART_ID")
	  REFERENCES "APP"."PART" ("PART_ID") ENABLE;
--------------------------------------------------------
--  Ref Constraints for Table STOCK_IN
--------------------------------------------------------

  ALTER TABLE "APP"."STOCK_IN" ADD CONSTRAINT "FK_STOCKIN_EMPLOYEE" FOREIGN KEY ("EMP_ID")
	  REFERENCES "APP"."EMPLOYEE" ("EMP_ID") ENABLE;
--------------------------------------------------------
--  Ref Constraints for Table STOCK_IN_ITEM
--------------------------------------------------------

  ALTER TABLE "APP"."STOCK_IN_ITEM" ADD CONSTRAINT "FK_STOCKINITEM_STOCKIN" FOREIGN KEY ("STOCKIN_ID")
	  REFERENCES "APP"."STOCK_IN" ("STOCKIN_ID") ENABLE;
--------------------------------------------------------
--  Ref Constraints for Table STOCK_OUT
--------------------------------------------------------

  ALTER TABLE "APP"."STOCK_OUT" ADD CONSTRAINT "FK_STOCKOUT_ORDER" FOREIGN KEY ("ORDER_ID")
	  REFERENCES "APP"."ORDERS" ("ORDER_ID") ENABLE;
  ALTER TABLE "APP"."STOCK_OUT" ADD CONSTRAINT "FK_STOCKOUT_EMPLOYEE" FOREIGN KEY ("EMP_ID")
	  REFERENCES "APP"."EMPLOYEE" ("EMP_ID") ENABLE;
--------------------------------------------------------
--  Ref Constraints for Table STOCK_OUT_ITEM
--------------------------------------------------------

  ALTER TABLE "APP"."STOCK_OUT_ITEM" ADD CONSTRAINT "FK_STOCKOUTITEM_STOCKOUT" FOREIGN KEY ("STOCKOUT_ID")
	  REFERENCES "APP"."STOCK_OUT" ("STOCKOUT_ID") ENABLE;
  ALTER TABLE "APP"."STOCK_OUT_ITEM" ADD CONSTRAINT "FK_STOCKOUTITEM_PART" FOREIGN KEY ("PART_ID")
	  REFERENCES "APP"."PART" ("PART_ID") ENABLE;
